{
  "document_id": "0811.3295",
  "total_sentences": 192,
  "pruned_sentences": 190,
  "total_words": 4286,
  "pruned_words": 4095,
  "unique_words": 1046,
  "mean_sentence_length": 21.55263157894737,
  "stdev_sentence_length": 14.534937599713627,
  "sentence_lengths": [
    1,
    16,
    63,
    26,
    29,
    37,
    27,
    32,
    34,
    18,
    16,
    11,
    28,
    25,
    16,
    10,
    38,
    38,
    30,
    16,
    23,
    24,
    6,
    10,
    6,
    6,
    6,
    26,
    16,
    4,
    21,
    4,
    26,
    39,
    37,
    16,
    6,
    14,
    31,
    15,
    4,
    35,
    22,
    11,
    13,
    10,
    39,
    79,
    25,
    42,
    30,
    21,
    29,
    2,
    19,
    13,
    16,
    29,
    64,
    4,
    76,
    16,
    8,
    64,
    29,
    12,
    6,
    18,
    22,
    45,
    13,
    55,
    4,
    12,
    6,
    22,
    3,
    18,
    43,
    4,
    29,
    26,
    21,
    21,
    19,
    36,
    13,
    60,
    11,
    4,
    13,
    22,
    25,
    23,
    24,
    29,
    30,
    34,
    32,
    35,
    40,
    33,
    42,
    24,
    26,
    40,
    5,
    18,
    46,
    13,
    37,
    45,
    8,
    65,
    58,
    21,
    29,
    30,
    26,
    6,
    28,
    21,
    20,
    17,
    10,
    30,
    25,
    6,
    18,
    23,
    30,
    25,
    5,
    24,
    11,
    18,
    11,
    23,
    11,
    24,
    11,
    21,
    26,
    11,
    19,
    14,
    14,
    14,
    18,
    3,
    11,
    17,
    3,
    11,
    20,
    11,
    14,
    30,
    20,
    3,
    11,
    21,
    11,
    31,
    22,
    11,
    50,
    11,
    13,
    18,
    12,
    19,
    3,
    22,
    11,
    30,
    26,
    11,
    17,
    3,
    12,
    26,
    11,
    11,
    5,
    22,
    5,
    12,
    14,
    4
  ],
  "vocabulary_size": 1046
}