{
  "document_id": "1008.2085",
  "total_sentences": 222,
  "pruned_sentences": 221,
  "total_words": 4073,
  "pruned_words": 3990,
  "unique_words": 786,
  "mean_sentence_length": 18.054298642533936,
  "stdev_sentence_length": 12.991491694092714,
  "sentence_lengths": [
    1,
    37,
    18,
    35,
    11,
    15,
    32,
    19,
    35,
    24,
    26,
    14,
    34,
    49,
    54,
    9,
    32,
    11,
    16,
    15,
    17,
    14,
    19,
    29,
    44,
    28,
    21,
    41,
    14,
    28,
    43,
    31,
    33,
    24,
    31,
    17,
    32,
    7,
    18,
    15,
    14,
    12,
    22,
    18,
    26,
    11,
    10,
    24,
    33,
    20,
    13,
    41,
    11,
    10,
    48,
    48,
    29,
    14,
    41,
    31,
    29,
    16,
    18,
    4,
    13,
    15,
    9,
    25,
    8,
    27,
    28,
    17,
    17,
    28,
    7,
    10,
    4,
    15,
    26,
    20,
    23,
    20,
    13,
    39,
    10,
    28,
    13,
    21,
    17,
    22,
    16,
    16,
    8,
    24,
    26,
    10,
    35,
    40,
    19,
    9,
    5,
    43,
    22,
    5,
    67,
    28,
    11,
    8,
    20,
    14,
    22,
    23,
    11,
    38,
    11,
    16,
    19,
    52,
    6,
    27,
    35,
    41,
    19,
    27,
    41,
    25,
    16,
    14,
    13,
    4,
    31,
    16,
    14,
    5,
    15,
    18,
    3,
    26,
    19,
    45,
    7,
    19,
    18,
    4,
    15,
    17,
    21,
    26,
    33,
    27,
    6,
    22,
    41,
    20,
    21,
    35,
    20,
    22,
    61,
    10,
    9,
    2,
    23,
    6,
    2,
    2,
    9,
    10,
    2,
    16,
    2,
    2,
    9,
    10,
    12,
    4,
    2,
    2,
    9,
    6,
    2,
    10,
    7,
    2,
    17,
    28,
    2,
    15,
    2,
    2,
    9,
    7,
    2,
    2,
    9,
    4,
    2,
    35,
    2,
    23,
    4,
    10,
    2,
    10,
    6,
    2,
    2,
    14,
    2,
    2,
    9,
    7,
    2,
    2,
    14,
    2,
    2,
    32,
    2,
    2,
    7
  ],
  "vocabulary_size": 786
}