{
  "document_id": "1009.4004",
  "total_sentences": 183,
  "pruned_sentences": 181,
  "total_words": 4250,
  "pruned_words": 3884,
  "unique_words": 815,
  "mean_sentence_length": 21.4585635359116,
  "stdev_sentence_length": 19.916902261719446,
  "sentence_lengths": [
    1,
    13,
    29,
    25,
    21,
    22,
    18,
    15,
    9,
    67,
    20,
    15,
    51,
    65,
    3,
    68,
    21,
    17,
    86,
    22,
    18,
    55,
    5,
    13,
    16,
    20,
    38,
    17,
    10,
    22,
    25,
    81,
    7,
    6,
    10,
    15,
    9,
    12,
    10,
    43,
    15,
    30,
    23,
    105,
    19,
    91,
    1,
    124,
    50,
    14,
    18,
    41,
    31,
    23,
    18,
    35,
    3,
    9,
    8,
    17,
    11,
    25,
    20,
    39,
    12,
    5,
    37,
    29,
    29,
    14,
    21,
    29,
    11,
    51,
    32,
    16,
    24,
    25,
    28,
    12,
    12,
    6,
    48,
    19,
    19,
    39,
    29,
    84,
    20,
    32,
    4,
    28,
    39,
    22,
    36,
    42,
    34,
    34,
    33,
    43,
    5,
    41,
    17,
    32,
    25,
    27,
    28,
    20,
    37,
    18,
    41,
    18,
    43,
    13,
    5,
    36,
    3,
    2,
    2,
    4,
    5,
    27,
    15,
    25,
    9,
    23,
    8,
    33,
    2,
    2,
    7,
    2,
    29,
    4,
    6,
    2,
    15,
    4,
    28,
    9,
    24,
    8,
    20,
    9,
    6,
    44,
    6,
    24,
    11,
    3,
    9,
    2,
    24,
    12,
    2,
    24,
    12,
    2,
    19,
    3,
    4,
    2,
    2,
    3,
    4,
    2,
    2,
    21,
    26,
    11,
    2,
    2,
    3,
    7,
    2,
    26,
    24,
    3,
    11,
    2,
    1
  ],
  "vocabulary_size": 815
}