{
  "document_id": "1010.3756",
  "total_sentences": 319,
  "pruned_sentences": 314,
  "total_words": 6002,
  "pruned_words": 4834,
  "unique_words": 956,
  "mean_sentence_length": 15.394904458598726,
  "stdev_sentence_length": 22.59895045819449,
  "sentence_lengths": [
    1,
    65,
    150,
    23,
    14,
    37,
    18,
    5,
    23,
    40,
    34,
    29,
    33,
    11,
    21,
    29,
    18,
    28,
    50,
    12,
    6,
    13,
    35,
    18,
    28,
    17,
    6,
    23,
    18,
    47,
    30,
    30,
    18,
    24,
    68,
    48,
    27,
    27,
    65,
    19,
    65,
    24,
    25,
    36,
    20,
    18,
    24,
    26,
    84,
    32,
    38,
    31,
    23,
    20,
    13,
    14,
    19,
    13,
    11,
    20,
    44,
    12,
    15,
    22,
    17,
    9,
    11,
    7,
    6,
    9,
    7,
    9,
    7,
    8,
    7,
    10,
    9,
    20,
    10,
    9,
    7,
    9,
    7,
    12,
    14,
    17,
    47,
    26,
    23,
    23,
    115,
    14,
    16,
    112,
    78,
    140,
    122,
    41,
    52,
    11,
    78,
    125,
    153,
    7,
    12,
    97,
    16,
    7,
    13,
    12,
    4,
    10,
    3,
    2,
    11,
    4,
    4,
    2,
    2,
    2,
    15,
    4,
    7,
    11,
    2,
    2,
    4,
    17,
    4,
    7,
    21,
    4,
    7,
    2,
    2,
    2,
    16,
    4,
    6,
    7,
    3,
    4,
    14,
    4,
    6,
    2,
    2,
    22,
    4,
    6,
    2,
    2,
    2,
    2,
    9,
    4,
    7,
    3,
    16,
    10,
    3,
    16,
    4,
    10,
    4,
    2,
    16,
    11,
    4,
    11,
    4,
    5,
    19,
    4,
    17,
    2,
    2,
    2,
    13,
    4,
    8,
    14,
    4,
    6,
    16,
    11,
    2,
    2,
    2,
    18,
    4,
    21,
    2,
    3,
    2,
    2,
    3,
    2,
    2,
    2,
    18,
    8,
    2,
    2,
    2,
    20,
    4,
    14,
    2,
    2,
    2,
    13,
    4,
    7,
    4,
    7,
    16,
    4,
    7,
    12,
    12,
    4,
    17,
    3,
    2,
    15,
    4,
    10,
    2,
    2,
    2,
    14,
    4,
    5,
    11,
    7,
    3,
    4,
    11,
    4,
    7,
    4,
    13,
    4,
    18,
    2,
    3,
    11,
    4,
    7,
    2,
    2,
    2,
    6,
    14,
    4,
    7,
    5,
    5,
    9,
    10,
    8,
    4,
    8,
    4,
    5,
    13,
    4,
    11,
    2,
    2,
    2,
    16,
    4,
    14,
    4,
    12,
    4,
    9,
    4,
    18,
    4,
    10,
    2,
    13,
    4,
    11,
    3,
    15,
    4,
    7,
    4,
    17,
    4,
    16,
    2,
    3,
    22,
    4,
    11,
    2,
    11,
    4,
    19,
    3,
    3,
    9,
    13,
    4,
    16,
    2,
    2,
    2,
    6
  ],
  "vocabulary_size": 956
}