{
  "document_id": "1011.5671",
  "total_sentences": 310,
  "pruned_sentences": 309,
  "total_words": 7814,
  "pruned_words": 7679,
  "unique_words": 1475,
  "mean_sentence_length": 24.851132686084142,
  "stdev_sentence_length": 14.483213761307049,
  "sentence_lengths": [
    1,
    57,
    14,
    32,
    58,
    21,
    21,
    25,
    21,
    17,
    13,
    25,
    33,
    14,
    23,
    20,
    28,
    52,
    1,
    23,
    17,
    13,
    36,
    30,
    30,
    22,
    32,
    12,
    32,
    32,
    28,
    30,
    11,
    7,
    18,
    19,
    25,
    35,
    30,
    21,
    25,
    22,
    30,
    7,
    16,
    18,
    23,
    38,
    44,
    51,
    62,
    17,
    16,
    29,
    22,
    35,
    11,
    48,
    11,
    14,
    38,
    24,
    12,
    14,
    17,
    10,
    32,
    83,
    10,
    28,
    10,
    34,
    28,
    15,
    37,
    78,
    17,
    23,
    58,
    36,
    6,
    14,
    28,
    11,
    35,
    42,
    8,
    36,
    22,
    88,
    33,
    23,
    32,
    8,
    35,
    16,
    21,
    16,
    5,
    13,
    15,
    22,
    13,
    23,
    15,
    21,
    37,
    25,
    14,
    61,
    26,
    10,
    9,
    23,
    6,
    35,
    18,
    29,
    37,
    11,
    33,
    36,
    16,
    19,
    6,
    8,
    10,
    19,
    43,
    22,
    18,
    22,
    21,
    5,
    25,
    19,
    40,
    27,
    24,
    48,
    23,
    32,
    29,
    50,
    28,
    24,
    14,
    13,
    28,
    15,
    24,
    11,
    10,
    6,
    34,
    43,
    14,
    34,
    28,
    29,
    19,
    58,
    16,
    25,
    28,
    9,
    30,
    18,
    11,
    16,
    36,
    26,
    14,
    20,
    10,
    16,
    32,
    21,
    71,
    17,
    15,
    9,
    30,
    3,
    24,
    20,
    25,
    11,
    11,
    31,
    62,
    51,
    52,
    22,
    12,
    18,
    23,
    14,
    12,
    16,
    38,
    34,
    15,
    20,
    22,
    14,
    14,
    16,
    19,
    30,
    19,
    29,
    14,
    26,
    15,
    31,
    23,
    17,
    14,
    48,
    23,
    32,
    20,
    20,
    35,
    44,
    39,
    15,
    74,
    37,
    18,
    28,
    13,
    11,
    12,
    14,
    54,
    34,
    23,
    28,
    16,
    6,
    31,
    21,
    15,
    27,
    24,
    27,
    38,
    32,
    46,
    27,
    12,
    12,
    64,
    21,
    22,
    33,
    20,
    19,
    22,
    32,
    42,
    29,
    8,
    41,
    16,
    5,
    21,
    13,
    23,
    7,
    25,
    48,
    60,
    15,
    12,
    8,
    38,
    19,
    19,
    36,
    13,
    14,
    22,
    14,
    15,
    19,
    12,
    27,
    24,
    9,
    14,
    47,
    34,
    37,
    36,
    22,
    13,
    58,
    16,
    20,
    10,
    20,
    52,
    28,
    2,
    47,
    2
  ],
  "vocabulary_size": 1475
}