{
  "document_id": "1011.5514",
  "total_sentences": 198,
  "pruned_sentences": 195,
  "total_words": 6640,
  "pruned_words": 6030,
  "unique_words": 830,
  "mean_sentence_length": 30.923076923076923,
  "stdev_sentence_length": 27.283718017056593,
  "sentence_lengths": [
    1,
    44,
    14,
    5,
    14,
    48,
    19,
    30,
    36,
    11,
    21,
    48,
    23,
    36,
    35,
    39,
    28,
    44,
    39,
    14,
    20,
    11,
    34,
    53,
    10,
    18,
    1,
    4,
    14,
    67,
    22,
    9,
    10,
    35,
    17,
    73,
    15,
    52,
    44,
    1,
    32,
    16,
    14,
    20,
    31,
    10,
    24,
    25,
    14,
    21,
    16,
    32,
    33,
    36,
    11,
    15,
    10,
    42,
    13,
    43,
    31,
    10,
    2,
    26,
    10,
    23,
    9,
    9,
    21,
    7,
    16,
    32,
    30,
    125,
    36,
    12,
    12,
    13,
    25,
    63,
    42,
    54,
    99,
    149,
    91,
    117,
    122,
    33,
    125,
    7,
    13,
    26,
    67,
    44,
    16,
    5,
    39,
    28,
    31,
    127,
    13,
    7,
    84,
    13,
    32,
    45,
    49,
    55,
    37,
    43,
    7,
    32,
    9,
    41,
    77,
    16,
    19,
    74,
    9,
    55,
    36,
    33,
    69,
    7,
    6,
    23,
    18,
    53,
    57,
    12,
    10,
    30,
    34,
    16,
    25,
    2,
    26,
    11,
    13,
    48,
    30,
    125,
    63,
    8,
    42,
    64,
    55,
    22,
    12,
    27,
    16,
    51,
    54,
    11,
    24,
    12,
    11,
    48,
    11,
    90,
    4,
    87,
    31,
    35,
    29,
    7,
    17,
    29,
    2,
    34,
    34,
    29,
    2,
    26,
    3,
    11,
    23,
    2,
    2,
    7,
    24,
    2,
    33,
    36,
    59,
    23,
    32,
    4,
    13,
    16,
    18,
    24,
    34,
    11,
    1
  ],
  "vocabulary_size": 830
}