{
  "document_id": "1012.4062",
  "total_sentences": 136,
  "pruned_sentences": 134,
  "total_words": 3163,
  "pruned_words": 2939,
  "unique_words": 490,
  "mean_sentence_length": 21.932835820895523,
  "stdev_sentence_length": 17.389045796194967,
  "sentence_lengths": [
    1,
    45,
    11,
    23,
    53,
    34,
    27,
    14,
    10,
    16,
    13,
    35,
    23,
    7,
    24,
    10,
    66,
    30,
    34,
    6,
    12,
    35,
    17,
    33,
    20,
    15,
    26,
    22,
    11,
    17,
    20,
    28,
    16,
    25,
    18,
    11,
    20,
    43,
    16,
    11,
    15,
    29,
    4,
    37,
    5,
    56,
    6,
    4,
    35,
    6,
    5,
    15,
    27,
    5,
    17,
    13,
    17,
    4,
    42,
    9,
    11,
    24,
    30,
    14,
    7,
    45,
    104,
    16,
    16,
    17,
    33,
    17,
    17,
    18,
    20,
    43,
    30,
    11,
    17,
    9,
    18,
    19,
    37,
    8,
    10,
    11,
    14,
    6,
    8,
    47,
    9,
    29,
    36,
    17,
    35,
    14,
    15,
    66,
    10,
    3,
    19,
    44,
    41,
    36,
    16,
    8,
    15,
    68,
    4,
    2,
    16,
    11,
    6,
    52,
    3,
    18,
    43,
    23,
    24,
    103,
    13,
    19,
    3,
    15,
    11,
    9,
    31,
    21,
    16,
    11,
    12,
    37,
    27,
    2
  ],
  "vocabulary_size": 490
}