{
  "document_id": "1101.0142",
  "total_sentences": 138,
  "pruned_sentences": 137,
  "total_words": 3400,
  "pruned_words": 3260,
  "unique_words": 578,
  "mean_sentence_length": 23.795620437956206,
  "stdev_sentence_length": 14.10993532217812,
  "sentence_lengths": [
    1,
    18,
    25,
    42,
    28,
    31,
    25,
    18,
    30,
    28,
    19,
    5,
    11,
    20,
    16,
    10,
    9,
    32,
    36,
    25,
    30,
    5,
    34,
    25,
    41,
    9,
    13,
    19,
    8,
    32,
    19,
    28,
    17,
    31,
    14,
    5,
    10,
    15,
    19,
    26,
    43,
    11,
    13,
    7,
    20,
    18,
    58,
    8,
    14,
    26,
    20,
    15,
    33,
    18,
    12,
    17,
    18,
    39,
    16,
    14,
    45,
    36,
    82,
    8,
    19,
    20,
    17,
    26,
    9,
    22,
    25,
    59,
    9,
    25,
    13,
    30,
    26,
    13,
    11,
    9,
    18,
    17,
    3,
    8,
    38,
    50,
    28,
    32,
    31,
    11,
    40,
    19,
    36,
    38,
    26,
    41,
    67,
    50,
    21,
    21,
    12,
    18,
    29,
    15,
    19,
    26,
    43,
    27,
    39,
    70,
    44,
    43,
    18,
    22,
    38,
    14,
    22,
    18,
    14,
    13,
    13,
    20,
    26,
    14,
    32,
    46,
    21,
    13,
    9,
    10,
    21,
    22,
    36,
    11,
    27,
    45,
    2
  ],
  "vocabulary_size": 578
}