{
  "document_id": "1102.2684",
  "total_sentences": 212,
  "pruned_sentences": 210,
  "total_words": 5687,
  "pruned_words": 5246,
  "unique_words": 986,
  "mean_sentence_length": 24.98095238095238,
  "stdev_sentence_length": 21.249477765552882,
  "sentence_lengths": [
    1,
    68,
    19,
    29,
    54,
    11,
    36,
    42,
    22,
    11,
    36,
    12,
    6,
    16,
    6,
    30,
    27,
    1,
    42,
    15,
    18,
    12,
    30,
    19,
    14,
    4,
    24,
    19,
    17,
    11,
    92,
    25,
    9,
    92,
    45,
    34,
    30,
    12,
    21,
    14,
    32,
    22,
    22,
    23,
    19,
    39,
    20,
    9,
    29,
    32,
    16,
    12,
    13,
    16,
    7,
    21,
    32,
    8,
    10,
    18,
    77,
    19,
    53,
    1,
    36,
    16,
    12,
    14,
    68,
    26,
    31,
    5,
    18,
    63,
    30,
    22,
    64,
    30,
    14,
    21,
    17,
    35,
    10,
    38,
    18,
    71,
    20,
    25,
    49,
    11,
    42,
    70,
    23,
    38,
    63,
    23,
    7,
    17,
    38,
    12,
    4,
    70,
    16,
    20,
    38,
    22,
    6,
    6,
    21,
    24,
    67,
    6,
    31,
    15,
    88,
    23,
    26,
    16,
    40,
    111,
    57,
    3,
    40,
    5,
    24,
    8,
    56,
    21,
    17,
    27,
    119,
    13,
    23,
    18,
    8,
    9,
    15,
    9,
    17,
    28,
    3,
    36,
    33,
    36,
    16,
    37,
    19,
    20,
    20,
    24,
    26,
    6,
    10,
    12,
    29,
    14,
    27,
    50,
    31,
    15,
    18,
    29,
    42,
    19,
    55,
    4,
    32,
    4,
    9,
    23,
    4,
    4,
    5,
    4,
    34,
    18,
    4,
    4,
    20,
    4,
    4,
    26,
    7,
    29,
    4,
    4,
    27,
    4,
    4,
    4,
    92,
    2,
    40,
    4,
    32,
    24,
    78,
    4,
    33,
    4,
    4,
    32,
    4,
    4,
    36,
    4,
    4,
    23,
    68,
    1
  ],
  "vocabulary_size": 986
}