{
  "document_id": "1105.0226",
  "total_sentences": 387,
  "pruned_sentences": 382,
  "total_words": 11703,
  "pruned_words": 9353,
  "unique_words": 1180,
  "mean_sentence_length": 24.484293193717278,
  "stdev_sentence_length": 41.02298842625161,
  "sentence_lengths": [
    1,
    89,
    155,
    27,
    35,
    20,
    32,
    29,
    28,
    24,
    17,
    41,
    25,
    22,
    34,
    17,
    45,
    23,
    27,
    44,
    35,
    17,
    39,
    19,
    4,
    27,
    50,
    18,
    46,
    26,
    20,
    13,
    29,
    78,
    27,
    22,
    32,
    26,
    38,
    24,
    26,
    22,
    22,
    30,
    94,
    24,
    19,
    47,
    53,
    3,
    40,
    30,
    43,
    26,
    20,
    14,
    33,
    30,
    49,
    10,
    126,
    184,
    13,
    87,
    20,
    44,
    27,
    36,
    30,
    29,
    38,
    29,
    11,
    41,
    25,
    23,
    18,
    12,
    7,
    27,
    17,
    67,
    55,
    18,
    16,
    9,
    4,
    88,
    18,
    16,
    9,
    23,
    22,
    64,
    130,
    267,
    13,
    15,
    28,
    95,
    117,
    98,
    24,
    37,
    26,
    8,
    17,
    7,
    22,
    24,
    10,
    22,
    10,
    20,
    15,
    74,
    21,
    44,
    38,
    40,
    21,
    20,
    35,
    16,
    26,
    11,
    200,
    156,
    7,
    11,
    212,
    52,
    16,
    15,
    36,
    83,
    7,
    11,
    10,
    217,
    92,
    239,
    96,
    7,
    11,
    67,
    10,
    148,
    8,
    18,
    182,
    9,
    101,
    245,
    199,
    61,
    136,
    224,
    7,
    8,
    8,
    109,
    154,
    7,
    33,
    12,
    4,
    10,
    3,
    2,
    9,
    4,
    5,
    3,
    6,
    19,
    4,
    7,
    2,
    2,
    2,
    13,
    4,
    11,
    2,
    2,
    2,
    20,
    16,
    3,
    4,
    11,
    4,
    8,
    2,
    2,
    2,
    11,
    4,
    10,
    9,
    4,
    14,
    4,
    6,
    2,
    2,
    14,
    11,
    4,
    11,
    3,
    13,
    4,
    13,
    13,
    9,
    4,
    7,
    3,
    15,
    4,
    12,
    2,
    4,
    16,
    10,
    3,
    18,
    5,
    5,
    6,
    4,
    11,
    4,
    7,
    3,
    16,
    4,
    13,
    3,
    4,
    10,
    11,
    4,
    11,
    4,
    5,
    19,
    4,
    17,
    2,
    2,
    2,
    13,
    4,
    8,
    14,
    4,
    6,
    11,
    4,
    11,
    2,
    2,
    2,
    20,
    12,
    3,
    21,
    4,
    21,
    2,
    3,
    2,
    2,
    3,
    2,
    2,
    2,
    24,
    4,
    15,
    2,
    2,
    2,
    9,
    4,
    15,
    2,
    2,
    2,
    13,
    4,
    10,
    6,
    16,
    4,
    11,
    4,
    2,
    16,
    4,
    7,
    12,
    12,
    4,
    17,
    3,
    2,
    14,
    10,
    8,
    9,
    4,
    7,
    6,
    13,
    4,
    18,
    2,
    3,
    11,
    4,
    18,
    3,
    2,
    2,
    18,
    4,
    7,
    5,
    5,
    16,
    4,
    6,
    4,
    16,
    4,
    11,
    4,
    5,
    13,
    4,
    11,
    2,
    2,
    2,
    18,
    4,
    3,
    12,
    4,
    9,
    4,
    8,
    3,
    20,
    4,
    7,
    3,
    4,
    11,
    4,
    7,
    5,
    6,
    22,
    4,
    11,
    2,
    13,
    4,
    19,
    3,
    3,
    11,
    4,
    7,
    2,
    2,
    8
  ],
  "vocabulary_size": 1180
}