{
  "document_id": "1109.0706",
  "total_sentences": 70,
  "pruned_sentences": 70,
  "total_words": 1460,
  "pruned_words": 1460,
  "unique_words": 436,
  "mean_sentence_length": 20.857142857142858,
  "stdev_sentence_length": 13.044278788408766,
  "sentence_lengths": [
    1,
    57,
    31,
    34,
    33,
    12,
    15,
    18,
    32,
    24,
    13,
    41,
    11,
    20,
    36,
    16,
    4,
    27,
    29,
    21,
    36,
    40,
    34,
    21,
    13,
    27,
    17,
    17,
    13,
    9,
    52,
    66,
    9,
    20,
    24,
    13,
    26,
    15,
    19,
    19,
    25,
    29,
    14,
    13,
    13,
    19,
    23,
    18,
    52,
    19,
    11,
    26,
    13,
    18,
    27,
    24,
    31,
    19,
    10,
    4,
    12,
    4,
    12,
    4,
    17,
    8,
    17,
    3,
    9,
    1
  ],
  "vocabulary_size": 436
}