{
  "document_id": "1112.1583",
  "total_sentences": 270,
  "pruned_sentences": 269,
  "total_words": 5355,
  "pruned_words": 5278,
  "unique_words": 904,
  "mean_sentence_length": 19.62081784386617,
  "stdev_sentence_length": 11.397060929735277,
  "sentence_lengths": [
    1,
    43,
    24,
    13,
    15,
    27,
    20,
    26,
    31,
    30,
    16,
    20,
    17,
    44,
    26,
    20,
    16,
    16,
    16,
    19,
    26,
    20,
    12,
    15,
    16,
    17,
    13,
    32,
    25,
    18,
    13,
    24,
    14,
    11,
    20,
    27,
    10,
    25,
    19,
    15,
    33,
    22,
    24,
    40,
    12,
    12,
    17,
    30,
    32,
    15,
    48,
    29,
    31,
    12,
    28,
    5,
    18,
    15,
    21,
    18,
    4,
    11,
    12,
    14,
    4,
    29,
    17,
    52,
    17,
    21,
    11,
    28,
    13,
    19,
    23,
    14,
    10,
    11,
    29,
    27,
    33,
    18,
    20,
    22,
    16,
    37,
    20,
    15,
    22,
    22,
    17,
    24,
    16,
    12,
    18,
    46,
    41,
    27,
    12,
    4,
    29,
    28,
    11,
    8,
    19,
    15,
    35,
    9,
    44,
    23,
    4,
    11,
    13,
    12,
    13,
    14,
    14,
    20,
    33,
    6,
    22,
    26,
    18,
    25,
    20,
    11,
    31,
    17,
    37,
    14,
    9,
    45,
    27,
    17,
    10,
    19,
    17,
    45,
    17,
    8,
    7,
    7,
    16,
    13,
    17,
    23,
    10,
    22,
    14,
    13,
    7,
    25,
    10,
    36,
    32,
    10,
    32,
    9,
    32,
    18,
    20,
    44,
    6,
    17,
    25,
    17,
    12,
    21,
    53,
    18,
    22,
    24,
    19,
    14,
    36,
    18,
    9,
    24,
    55,
    14,
    8,
    13,
    27,
    32,
    20,
    22,
    14,
    29,
    14,
    34,
    9,
    19,
    10,
    13,
    16,
    30,
    19,
    21,
    10,
    16,
    26,
    11,
    11,
    17,
    34,
    45,
    53,
    14,
    14,
    17,
    35,
    14,
    21,
    23,
    30,
    25,
    15,
    17,
    17,
    16,
    18,
    9,
    24,
    58,
    12,
    49,
    25,
    42,
    16,
    38,
    31,
    34,
    17,
    3,
    13,
    2,
    10,
    8,
    2,
    15,
    2,
    16,
    2,
    35,
    22,
    2,
    16,
    2,
    15,
    2,
    16,
    2,
    31,
    2,
    51,
    4,
    2,
    9,
    16,
    7,
    2,
    16,
    2,
    13,
    22,
    2,
    2,
    2,
    7
  ],
  "vocabulary_size": 904
}