{
  "document_id": "1202.0854",
  "total_sentences": 165,
  "pruned_sentences": 165,
  "total_words": 3927,
  "pruned_words": 3927,
  "unique_words": 728,
  "mean_sentence_length": 23.8,
  "stdev_sentence_length": 17.134759992483115,
  "sentence_lengths": [
    1,
    9,
    87,
    28,
    28,
    20,
    38,
    38,
    29,
    10,
    18,
    18,
    18,
    40,
    28,
    23,
    56,
    23,
    30,
    37,
    26,
    47,
    32,
    17,
    28,
    7,
    18,
    26,
    1,
    52,
    8,
    12,
    21,
    20,
    12,
    87,
    37,
    31,
    20,
    39,
    18,
    65,
    18,
    33,
    35,
    10,
    14,
    15,
    19,
    44,
    8,
    53,
    43,
    12,
    60,
    44,
    29,
    36,
    43,
    17,
    26,
    24,
    19,
    17,
    16,
    15,
    41,
    17,
    22,
    18,
    63,
    20,
    27,
    24,
    27,
    39,
    17,
    20,
    48,
    24,
    30,
    89,
    21,
    15,
    23,
    10,
    23,
    21,
    17,
    32,
    36,
    26,
    18,
    24,
    13,
    44,
    23,
    23,
    3,
    19,
    21,
    25,
    6,
    27,
    24,
    2,
    15,
    24,
    35,
    27,
    38,
    11,
    34,
    48,
    8,
    13,
    67,
    14,
    62,
    3,
    9,
    43,
    17,
    16,
    3,
    12,
    4,
    34,
    24,
    15,
    5,
    55,
    35,
    18,
    25,
    32,
    30,
    3,
    4,
    4,
    4,
    32,
    3,
    4,
    4,
    4,
    24,
    3,
    4,
    4,
    4,
    32,
    15,
    16,
    4,
    4,
    30,
    4,
    4,
    28,
    2,
    5,
    26,
    4,
    1
  ],
  "vocabulary_size": 728
}