{
  "document_id": "1202.0592",
  "total_sentences": 148,
  "pruned_sentences": 146,
  "total_words": 3385,
  "pruned_words": 3136,
  "unique_words": 538,
  "mean_sentence_length": 21.47945205479452,
  "stdev_sentence_length": 16.01560410568703,
  "sentence_lengths": [
    1,
    57,
    2,
    19,
    54,
    12,
    29,
    43,
    28,
    25,
    20,
    44,
    69,
    9,
    24,
    16,
    17,
    50,
    11,
    14,
    29,
    50,
    22,
    8,
    28,
    24,
    10,
    25,
    17,
    18,
    20,
    20,
    23,
    6,
    2,
    3,
    12,
    13,
    2,
    5,
    12,
    12,
    2,
    13,
    16,
    27,
    2,
    86,
    23,
    17,
    23,
    15,
    13,
    10,
    15,
    15,
    20,
    23,
    19,
    4,
    11,
    95,
    7,
    8,
    12,
    7,
    9,
    27,
    8,
    20,
    14,
    17,
    45,
    5,
    69,
    17,
    6,
    14,
    13,
    48,
    14,
    14,
    33,
    13,
    13,
    30,
    27,
    13,
    7,
    12,
    32,
    27,
    8,
    40,
    15,
    18,
    12,
    21,
    57,
    20,
    17,
    18,
    24,
    25,
    24,
    12,
    22,
    21,
    27,
    24,
    21,
    22,
    61,
    12,
    17,
    8,
    23,
    32,
    12,
    17,
    5,
    23,
    11,
    18,
    41,
    22,
    22,
    29,
    25,
    13,
    18,
    5,
    54,
    58,
    26,
    8,
    20,
    14,
    21,
    33,
    24,
    24,
    13,
    19,
    23,
    2
  ],
  "vocabulary_size": 538
}