{
  "document_id": "1203.5181",
  "total_sentences": 215,
  "pruned_sentences": 214,
  "total_words": 5682,
  "pruned_words": 5563,
  "unique_words": 898,
  "mean_sentence_length": 25.99532710280374,
  "stdev_sentence_length": 21.073646329261845,
  "sentence_lengths": [
    1,
    13,
    58,
    74,
    25,
    32,
    36,
    25,
    42,
    27,
    25,
    33,
    44,
    11,
    18,
    8,
    24,
    4,
    33,
    31,
    49,
    9,
    40,
    28,
    28,
    14,
    21,
    14,
    28,
    41,
    21,
    78,
    94,
    18,
    4,
    17,
    19,
    24,
    21,
    4,
    21,
    34,
    6,
    24,
    67,
    11,
    17,
    42,
    19,
    26,
    10,
    14,
    40,
    14,
    29,
    16,
    7,
    15,
    10,
    32,
    13,
    36,
    22,
    36,
    22,
    28,
    44,
    51,
    13,
    31,
    20,
    95,
    65,
    10,
    31,
    13,
    25,
    112,
    15,
    33,
    34,
    114,
    18,
    6,
    22,
    34,
    89,
    27,
    38,
    13,
    62,
    16,
    88,
    96,
    83,
    7,
    10,
    18,
    16,
    25,
    34,
    2,
    35,
    31,
    28,
    6,
    7,
    12,
    24,
    20,
    3,
    100,
    12,
    36,
    13,
    37,
    10,
    66,
    5,
    7,
    19,
    19,
    8,
    13,
    69,
    18,
    23,
    17,
    34,
    10,
    17,
    5,
    7,
    7,
    8,
    14,
    29,
    10,
    11,
    11,
    8,
    7,
    37,
    42,
    1,
    26,
    17,
    8,
    21,
    17,
    17,
    40,
    51,
    27,
    3,
    38,
    6,
    9,
    35,
    23,
    28,
    39,
    7,
    32,
    21,
    17,
    38,
    47,
    10,
    23,
    17,
    7,
    4,
    12,
    55,
    10,
    9,
    11,
    33,
    15,
    12,
    26,
    67,
    38,
    5,
    22,
    4,
    18,
    40,
    9,
    17,
    22,
    36,
    27,
    17,
    33,
    25,
    26,
    10,
    7,
    24,
    28,
    9,
    17,
    20,
    22,
    25,
    34,
    17,
    22,
    14,
    30,
    13,
    1
  ],
  "vocabulary_size": 898
}