{
  "document_id": "1205.3077",
  "total_sentences": 294,
  "pruned_sentences": 293,
  "total_words": 8725,
  "pruned_words": 8567,
  "unique_words": 983,
  "mean_sentence_length": 29.238907849829353,
  "stdev_sentence_length": 18.667537977612067,
  "sentence_lengths": [
    1,
    34,
    15,
    16,
    33,
    34,
    34,
    13,
    20,
    40,
    25,
    14,
    42,
    21,
    46,
    17,
    37,
    17,
    13,
    19,
    12,
    10,
    41,
    22,
    51,
    13,
    23,
    22,
    36,
    30,
    26,
    68,
    7,
    11,
    51,
    39,
    19,
    18,
    38,
    23,
    26,
    9,
    19,
    25,
    37,
    39,
    14,
    20,
    7,
    33,
    28,
    24,
    38,
    24,
    21,
    68,
    18,
    36,
    37,
    45,
    95,
    35,
    29,
    70,
    31,
    19,
    31,
    21,
    30,
    13,
    70,
    46,
    32,
    28,
    34,
    62,
    40,
    36,
    47,
    56,
    34,
    22,
    5,
    29,
    23,
    16,
    16,
    27,
    10,
    2,
    9,
    8,
    2,
    18,
    9,
    20,
    25,
    17,
    15,
    18,
    8,
    49,
    26,
    4,
    19,
    19,
    36,
    21,
    5,
    40,
    31,
    58,
    35,
    37,
    17,
    66,
    27,
    27,
    48,
    35,
    6,
    11,
    16,
    31,
    37,
    42,
    29,
    19,
    30,
    15,
    30,
    23,
    8,
    27,
    17,
    29,
    19,
    31,
    39,
    12,
    49,
    30,
    6,
    15,
    33,
    7,
    21,
    41,
    31,
    51,
    50,
    45,
    9,
    17,
    6,
    12,
    2,
    36,
    15,
    97,
    66,
    20,
    18,
    102,
    27,
    13,
    13,
    10,
    76,
    21,
    30,
    30,
    51,
    28,
    7,
    15,
    35,
    12,
    4,
    19,
    42,
    29,
    35,
    68,
    37,
    23,
    12,
    13,
    12,
    16,
    33,
    33,
    18,
    34,
    14,
    21,
    12,
    30,
    40,
    11,
    26,
    31,
    36,
    78,
    29,
    30,
    19,
    48,
    28,
    18,
    24,
    13,
    28,
    31,
    21,
    31,
    13,
    14,
    37,
    62,
    13,
    28,
    5,
    36,
    26,
    16,
    22,
    17,
    9,
    35,
    17,
    14,
    46,
    48,
    17,
    3,
    50,
    6,
    43,
    20,
    83,
    42,
    35,
    19,
    25,
    33,
    55,
    31,
    36,
    5,
    13,
    15,
    12,
    64,
    86,
    34,
    62,
    108,
    25,
    28,
    66,
    20,
    18,
    68,
    60,
    18,
    24,
    43,
    33,
    15,
    31,
    17,
    32,
    17,
    20,
    30,
    22,
    13,
    48,
    26,
    70,
    30,
    19,
    49,
    79,
    31,
    33,
    35,
    34,
    71,
    20,
    24,
    1
  ],
  "vocabulary_size": 983
}