{
  "document_id": "1207.4773",
  "total_sentences": 171,
  "pruned_sentences": 170,
  "total_words": 3621,
  "pruned_words": 3498,
  "unique_words": 771,
  "mean_sentence_length": 20.576470588235296,
  "stdev_sentence_length": 14.780745888080396,
  "sentence_lengths": [
    1,
    4,
    10,
    11,
    7,
    2,
    2,
    2,
    3,
    2,
    4,
    2,
    5,
    2,
    9,
    5,
    5,
    5,
    5,
    5,
    6,
    5,
    3,
    2,
    7,
    3,
    5,
    5,
    4,
    6,
    5,
    6,
    4,
    6,
    5,
    5,
    7,
    5,
    5,
    5,
    2,
    6,
    2,
    82,
    25,
    34,
    15,
    16,
    33,
    19,
    11,
    12,
    24,
    16,
    20,
    34,
    34,
    18,
    20,
    33,
    20,
    10,
    19,
    43,
    20,
    14,
    30,
    13,
    18,
    49,
    39,
    17,
    19,
    33,
    29,
    22,
    20,
    18,
    31,
    15,
    37,
    29,
    7,
    18,
    24,
    22,
    27,
    3,
    20,
    29,
    44,
    52,
    11,
    29,
    26,
    28,
    29,
    50,
    54,
    25,
    51,
    21,
    18,
    26,
    48,
    21,
    10,
    19,
    2,
    42,
    54,
    26,
    15,
    31,
    21,
    19,
    22,
    37,
    24,
    23,
    20,
    44,
    17,
    17,
    27,
    23,
    18,
    60,
    48,
    34,
    15,
    15,
    14,
    38,
    20,
    23,
    32,
    40,
    28,
    40,
    27,
    18,
    40,
    56,
    25,
    13,
    2,
    15,
    12,
    21,
    31,
    20,
    12,
    31,
    21,
    11,
    25,
    30,
    10,
    18,
    19,
    47,
    44,
    38,
    18,
    34,
    12,
    27,
    27,
    2
  ],
  "vocabulary_size": 771
}