{
  "document_id": "1208.0806",
  "total_sentences": 107,
  "pruned_sentences": 106,
  "total_words": 2824,
  "pruned_words": 2664,
  "unique_words": 491,
  "mean_sentence_length": 25.132075471698112,
  "stdev_sentence_length": 14.888842400681963,
  "sentence_lengths": [
    1,
    53,
    37,
    22,
    25,
    20,
    71,
    27,
    77,
    57,
    17,
    12,
    22,
    19,
    40,
    23,
    6,
    15,
    47,
    33,
    16,
    30,
    6,
    24,
    16,
    28,
    22,
    34,
    22,
    6,
    23,
    8,
    18,
    27,
    33,
    28,
    22,
    28,
    46,
    43,
    20,
    30,
    9,
    21,
    40,
    17,
    31,
    28,
    25,
    9,
    36,
    5,
    51,
    19,
    3,
    13,
    26,
    27,
    33,
    21,
    30,
    22,
    20,
    26,
    14,
    17,
    10,
    65,
    13,
    19,
    25,
    29,
    42,
    15,
    25,
    17,
    34,
    27,
    11,
    31,
    72,
    13,
    39,
    11,
    24,
    38,
    23,
    32,
    11,
    33,
    12,
    29,
    28,
    21,
    8,
    15,
    9,
    17,
    36,
    11,
    21,
    53,
    11,
    26,
    10,
    1
  ],
  "vocabulary_size": 491
}