{
  "document_id": "1211.4282",
  "total_sentences": 341,
  "pruned_sentences": 337,
  "total_words": 11332,
  "pruned_words": 10604,
  "unique_words": 1230,
  "mean_sentence_length": 31.465875370919882,
  "stdev_sentence_length": 18.42842149910586,
  "sentence_lengths": [
    1,
    78,
    41,
    53,
    29,
    52,
    34,
    36,
    30,
    19,
    38,
    20,
    24,
    24,
    26,
    38,
    33,
    32,
    46,
    48,
    19,
    24,
    48,
    32,
    31,
    40,
    23,
    33,
    48,
    11,
    32,
    16,
    59,
    8,
    32,
    48,
    25,
    34,
    42,
    49,
    29,
    23,
    19,
    2,
    32,
    35,
    34,
    18,
    32,
    19,
    49,
    35,
    41,
    56,
    32,
    23,
    30,
    38,
    19,
    24,
    49,
    10,
    11,
    19,
    13,
    13,
    15,
    40,
    29,
    37,
    24,
    37,
    19,
    31,
    27,
    28,
    9,
    8,
    38,
    26,
    11,
    22,
    40,
    13,
    39,
    30,
    26,
    45,
    38,
    92,
    31,
    40,
    30,
    39,
    20,
    13,
    30,
    31,
    27,
    61,
    8,
    35,
    11,
    33,
    17,
    52,
    26,
    45,
    28,
    20,
    20,
    31,
    25,
    19,
    57,
    33,
    9,
    8,
    2,
    46,
    35,
    47,
    43,
    75,
    35,
    44,
    33,
    11,
    34,
    24,
    17,
    19,
    25,
    40,
    43,
    21,
    21,
    40,
    28,
    34,
    36,
    5,
    54,
    19,
    61,
    32,
    31,
    35,
    22,
    18,
    22,
    29,
    27,
    17,
    24,
    24,
    32,
    20,
    19,
    4,
    30,
    30,
    21,
    45,
    27,
    31,
    39,
    26,
    24,
    36,
    30,
    33,
    50,
    13,
    18,
    37,
    63,
    34,
    9,
    36,
    16,
    20,
    26,
    45,
    23,
    14,
    22,
    31,
    19,
    29,
    26,
    37,
    22,
    37,
    24,
    19,
    43,
    30,
    29,
    31,
    28,
    17,
    24,
    29,
    35,
    35,
    57,
    50,
    25,
    26,
    36,
    32,
    23,
    32,
    30,
    53,
    23,
    38,
    48,
    40,
    28,
    30,
    16,
    14,
    17,
    24,
    36,
    19,
    21,
    48,
    47,
    50,
    33,
    26,
    14,
    26,
    29,
    30,
    43,
    21,
    22,
    28,
    36,
    27,
    57,
    45,
    17,
    100,
    11,
    11,
    23,
    23,
    20,
    78,
    5,
    6,
    2,
    54,
    61,
    73,
    25,
    33,
    15,
    8,
    10,
    12,
    19,
    33,
    91,
    55,
    38,
    7,
    17,
    16,
    42,
    43,
    18,
    27,
    43,
    57,
    59,
    62,
    13,
    7,
    12,
    23,
    14,
    40,
    45,
    58,
    49,
    23,
    90,
    70,
    70,
    13,
    91,
    15,
    10,
    89,
    32,
    11,
    44,
    24,
    9,
    5,
    32,
    25,
    12,
    18,
    16,
    35,
    9,
    59,
    6,
    82,
    83,
    5,
    22,
    27,
    12,
    7,
    30,
    101,
    24,
    14,
    24,
    87,
    18,
    26,
    23,
    17,
    31,
    19,
    47,
    31,
    116
  ],
  "vocabulary_size": 1230
}