{
  "document_id": "1211.1909",
  "total_sentences": 186,
  "pruned_sentences": 182,
  "total_words": 3455,
  "pruned_words": 3130,
  "unique_words": 563,
  "mean_sentence_length": 17.197802197802197,
  "stdev_sentence_length": 9.997480102638217,
  "sentence_lengths": [
    1,
    14,
    23,
    10,
    22,
    9,
    16,
    11,
    12,
    43,
    25,
    17,
    15,
    18,
    31,
    25,
    15,
    20,
    29,
    43,
    19,
    14,
    17,
    17,
    14,
    9,
    52,
    9,
    17,
    25,
    12,
    15,
    24,
    24,
    26,
    16,
    18,
    24,
    19,
    14,
    18,
    13,
    21,
    7,
    8,
    15,
    23,
    21,
    31,
    11,
    23,
    14,
    4,
    14,
    25,
    22,
    6,
    15,
    17,
    11,
    11,
    13,
    24,
    12,
    20,
    12,
    15,
    27,
    39,
    10,
    33,
    15,
    13,
    25,
    37,
    10,
    24,
    17,
    16,
    18,
    5,
    19,
    11,
    4,
    3,
    22,
    3,
    14,
    9,
    44,
    5,
    15,
    9,
    22,
    16,
    20,
    11,
    18,
    37,
    10,
    11,
    8,
    13,
    17,
    16,
    19,
    21,
    7,
    24,
    9,
    10,
    5,
    9,
    23,
    34,
    18,
    23,
    19,
    20,
    12,
    9,
    26,
    18,
    2,
    13,
    17,
    5,
    23,
    24,
    11,
    7,
    12,
    26,
    4,
    8,
    6,
    7,
    25,
    15,
    2,
    53,
    30,
    7,
    10,
    2,
    10,
    57,
    2,
    16,
    3,
    15,
    15,
    4,
    15,
    21,
    26,
    30,
    13,
    10,
    22,
    10,
    14,
    17,
    11,
    20,
    13,
    15,
    15,
    3,
    30,
    47,
    20,
    25,
    23,
    17,
    14,
    20,
    20,
    17,
    34,
    12,
    3
  ],
  "vocabulary_size": 563
}