{
  "document_id": "1301.6453",
  "total_sentences": 172,
  "pruned_sentences": 169,
  "total_words": 3967,
  "pruned_words": 3614,
  "unique_words": 696,
  "mean_sentence_length": 21.384615384615383,
  "stdev_sentence_length": 14.249895571881353,
  "sentence_lengths": [
    1,
    21,
    19,
    42,
    18,
    29,
    21,
    33,
    24,
    23,
    34,
    37,
    14,
    42,
    22,
    26,
    25,
    18,
    12,
    22,
    22,
    5,
    14,
    12,
    6,
    12,
    55,
    13,
    32,
    49,
    8,
    4,
    11,
    12,
    20,
    13,
    18,
    24,
    31,
    16,
    21,
    35,
    20,
    45,
    24,
    21,
    16,
    16,
    10,
    11,
    16,
    29,
    14,
    16,
    13,
    15,
    16,
    10,
    10,
    29,
    4,
    21,
    16,
    42,
    9,
    17,
    17,
    38,
    52,
    19,
    12,
    8,
    13,
    22,
    18,
    22,
    23,
    75,
    8,
    23,
    21,
    22,
    30,
    32,
    17,
    30,
    17,
    32,
    16,
    13,
    30,
    21,
    8,
    31,
    18,
    27,
    12,
    9,
    12,
    20,
    18,
    25,
    7,
    8,
    8,
    31,
    13,
    9,
    14,
    39,
    60,
    24,
    63,
    8,
    99,
    22,
    8,
    13,
    15,
    22,
    41,
    39,
    17,
    17,
    34,
    21,
    16,
    19,
    3,
    18,
    27,
    18,
    13,
    26,
    19,
    13,
    28,
    13,
    29,
    32,
    3,
    30,
    36,
    31,
    4,
    4,
    32,
    4,
    49,
    32,
    4,
    4,
    4,
    34,
    4,
    17,
    24,
    4,
    39,
    28,
    50,
    4,
    32,
    4,
    26,
    4,
    24,
    2,
    8
  ],
  "vocabulary_size": 696
}