{
  "document_id": "1302.2128",
  "total_sentences": 340,
  "pruned_sentences": 337,
  "total_words": 6747,
  "pruned_words": 6406,
  "unique_words": 773,
  "mean_sentence_length": 19.008902077151337,
  "stdev_sentence_length": 14.05230167701826,
  "sentence_lengths": [
    1,
    28,
    12,
    25,
    33,
    28,
    2,
    6,
    27,
    34,
    54,
    32,
    28,
    23,
    13,
    28,
    46,
    38,
    4,
    25,
    12,
    17,
    20,
    20,
    16,
    17,
    29,
    24,
    18,
    34,
    15,
    39,
    19,
    6,
    55,
    26,
    38,
    40,
    17,
    28,
    20,
    10,
    12,
    36,
    39,
    16,
    25,
    3,
    25,
    55,
    2,
    13,
    78,
    13,
    14,
    27,
    23,
    7,
    6,
    20,
    5,
    12,
    30,
    23,
    29,
    6,
    24,
    11,
    11,
    7,
    19,
    11,
    23,
    17,
    8,
    18,
    8,
    10,
    18,
    17,
    7,
    53,
    63,
    3,
    8,
    19,
    8,
    27,
    1,
    28,
    25,
    14,
    29,
    20,
    8,
    25,
    31,
    7,
    24,
    15,
    14,
    28,
    62,
    14,
    21,
    10,
    39,
    6,
    30,
    21,
    16,
    13,
    22,
    23,
    3,
    4,
    2,
    9,
    30,
    19,
    22,
    20,
    15,
    15,
    33,
    12,
    41,
    27,
    27,
    22,
    12,
    11,
    22,
    7,
    10,
    16,
    58,
    36,
    48,
    9,
    20,
    16,
    29,
    11,
    6,
    18,
    5,
    42,
    21,
    24,
    34,
    34,
    33,
    21,
    12,
    6,
    63,
    18,
    2,
    7,
    6,
    3,
    14,
    16,
    10,
    31,
    42,
    13,
    21,
    8,
    22,
    7,
    23,
    22,
    12,
    10,
    4,
    11,
    15,
    13,
    3,
    2,
    4,
    17,
    25,
    10,
    6,
    20,
    24,
    6,
    61,
    22,
    14,
    10,
    6,
    6,
    18,
    42,
    9,
    37,
    33,
    6,
    3,
    5,
    13,
    3,
    29,
    7,
    30,
    19,
    21,
    17,
    16,
    11,
    17,
    13,
    2,
    9,
    12,
    20,
    12,
    39,
    20,
    10,
    6,
    42,
    2,
    36,
    26,
    30,
    40,
    7,
    14,
    37,
    15,
    2,
    2,
    4,
    4,
    11,
    6,
    8,
    8,
    12,
    8,
    29,
    3,
    5,
    43,
    14,
    29,
    21,
    16,
    17,
    35,
    8,
    19,
    33,
    6,
    10,
    19,
    6,
    31,
    3,
    13,
    19,
    10,
    10,
    7,
    3,
    11,
    7,
    15,
    26,
    52,
    19,
    49,
    3,
    46,
    18,
    9,
    8,
    17,
    17,
    7,
    4,
    6,
    11,
    11,
    17,
    10,
    7,
    8,
    77,
    76,
    21,
    19,
    48,
    28,
    26,
    27,
    18,
    2,
    23,
    10,
    23,
    9,
    2,
    57,
    23,
    21,
    2,
    17,
    6,
    9,
    10,
    19,
    8,
    26,
    9,
    14,
    8,
    29,
    20,
    3,
    9,
    8,
    33,
    12,
    26,
    33,
    11,
    9,
    21,
    7,
    13,
    1
  ],
  "vocabulary_size": 773
}