{
  "document_id": "1302.3858",
  "total_sentences": 199,
  "pruned_sentences": 198,
  "total_words": 5509,
  "pruned_words": 5362,
  "unique_words": 1084,
  "mean_sentence_length": 27.08080808080808,
  "stdev_sentence_length": 17.52861432503646,
  "sentence_lengths": [
    1,
    39,
    12,
    21,
    9,
    29,
    19,
    17,
    60,
    17,
    10,
    25,
    23,
    17,
    17,
    18,
    27,
    29,
    18,
    12,
    2,
    31,
    52,
    15,
    36,
    30,
    15,
    51,
    20,
    21,
    20,
    28,
    31,
    10,
    11,
    31,
    70,
    60,
    5,
    50,
    16,
    17,
    5,
    26,
    16,
    26,
    18,
    18,
    25,
    26,
    45,
    33,
    73,
    11,
    24,
    8,
    20,
    11,
    12,
    22,
    16,
    20,
    7,
    48,
    6,
    62,
    49,
    7,
    37,
    17,
    74,
    16,
    4,
    37,
    28,
    19,
    31,
    18,
    51,
    25,
    26,
    15,
    19,
    21,
    28,
    13,
    34,
    19,
    33,
    45,
    12,
    8,
    20,
    39,
    10,
    29,
    45,
    21,
    36,
    15,
    12,
    5,
    17,
    18,
    42,
    12,
    11,
    28,
    12,
    5,
    13,
    27,
    25,
    13,
    23,
    42,
    15,
    8,
    14,
    33,
    31,
    65,
    25,
    16,
    14,
    17,
    43,
    18,
    5,
    14,
    22,
    20,
    5,
    3,
    12,
    24,
    20,
    19,
    12,
    72,
    13,
    31,
    35,
    39,
    34,
    50,
    48,
    17,
    9,
    16,
    55,
    22,
    34,
    10,
    26,
    18,
    32,
    27,
    18,
    58,
    29,
    40,
    60,
    30,
    17,
    19,
    41,
    12,
    3,
    19,
    14,
    24,
    49,
    34,
    37,
    57,
    35,
    34,
    59,
    31,
    42,
    32,
    66,
    65,
    103,
    51,
    74,
    2,
    10,
    37,
    18,
    10,
    42,
    50,
    33,
    61,
    33,
    44
  ],
  "vocabulary_size": 1084
}