{
  "document_id": "1303.7286",
  "total_sentences": 156,
  "pruned_sentences": 155,
  "total_words": 3087,
  "pruned_words": 3002,
  "unique_words": 670,
  "mean_sentence_length": 19.36774193548387,
  "stdev_sentence_length": 12.48480601497963,
  "sentence_lengths": [
    1,
    15,
    42,
    12,
    16,
    23,
    19,
    16,
    13,
    45,
    15,
    16,
    51,
    20,
    24,
    31,
    20,
    25,
    40,
    22,
    4,
    11,
    38,
    34,
    12,
    9,
    22,
    22,
    10,
    23,
    26,
    10,
    3,
    17,
    19,
    20,
    9,
    10,
    17,
    23,
    30,
    14,
    45,
    31,
    22,
    7,
    23,
    19,
    21,
    19,
    4,
    22,
    20,
    49,
    39,
    27,
    14,
    34,
    24,
    24,
    32,
    24,
    7,
    20,
    53,
    8,
    8,
    3,
    21,
    9,
    29,
    18,
    5,
    13,
    24,
    20,
    17,
    13,
    13,
    31,
    21,
    13,
    21,
    9,
    11,
    15,
    33,
    8,
    14,
    21,
    3,
    2,
    23,
    32,
    14,
    7,
    4,
    40,
    23,
    11,
    3,
    11,
    16,
    2,
    7,
    6,
    22,
    16,
    35,
    14,
    18,
    19,
    24,
    5,
    16,
    8,
    28,
    5,
    9,
    6,
    38,
    19,
    8,
    26,
    63,
    4,
    16,
    19,
    38,
    15,
    32,
    46,
    22,
    14,
    25,
    10,
    32,
    2,
    33,
    13,
    11,
    7,
    52,
    7,
    8,
    24,
    37,
    2,
    4,
    4,
    4,
    32,
    28,
    46,
    5
  ],
  "vocabulary_size": 670
}