{
  "document_id": "1304.6499",
  "total_sentences": 161,
  "pruned_sentences": 161,
  "total_words": 3778,
  "pruned_words": 3778,
  "unique_words": 863,
  "mean_sentence_length": 23.46583850931677,
  "stdev_sentence_length": 11.761712808887903,
  "sentence_lengths": [
    1,
    61,
    23,
    42,
    18,
    26,
    21,
    19,
    27,
    18,
    10,
    34,
    22,
    25,
    33,
    38,
    25,
    26,
    12,
    35,
    35,
    27,
    31,
    25,
    22,
    11,
    20,
    18,
    24,
    15,
    24,
    28,
    19,
    12,
    12,
    31,
    28,
    32,
    45,
    15,
    27,
    24,
    6,
    34,
    23,
    20,
    7,
    15,
    44,
    19,
    31,
    6,
    22,
    30,
    24,
    21,
    20,
    27,
    41,
    28,
    26,
    11,
    17,
    32,
    12,
    47,
    35,
    20,
    16,
    36,
    49,
    11,
    16,
    40,
    20,
    21,
    13,
    16,
    15,
    39,
    20,
    28,
    19,
    22,
    13,
    46,
    16,
    26,
    22,
    23,
    10,
    17,
    56,
    32,
    14,
    7,
    21,
    24,
    26,
    37,
    22,
    29,
    25,
    17,
    28,
    60,
    26,
    39,
    21,
    20,
    27,
    22,
    27,
    38,
    46,
    27,
    24,
    47,
    16,
    18,
    25,
    30,
    16,
    13,
    35,
    15,
    21,
    42,
    21,
    40,
    11,
    20,
    14,
    57,
    10,
    5,
    3,
    2,
    24,
    15,
    24,
    10,
    22,
    28,
    8,
    28,
    4,
    12,
    20,
    8,
    29,
    4,
    15,
    36,
    14,
    12,
    23,
    14,
    11,
    27,
    1
  ],
  "vocabulary_size": 863
}