{
  "document_id": "1309.6200",
  "total_sentences": 364,
  "pruned_sentences": 362,
  "total_words": 9183,
  "pruned_words": 9006,
  "unique_words": 738,
  "mean_sentence_length": 24.87845303867403,
  "stdev_sentence_length": 14.321462878676995,
  "sentence_lengths": [
    1,
    63,
    35,
    22,
    3,
    49,
    23,
    47,
    44,
    3,
    41,
    20,
    27,
    3,
    34,
    31,
    51,
    21,
    21,
    29,
    18,
    21,
    34,
    6,
    1,
    28,
    15,
    4,
    16,
    17,
    8,
    19,
    18,
    9,
    4,
    15,
    16,
    55,
    8,
    10,
    23,
    12,
    33,
    39,
    38,
    27,
    27,
    17,
    26,
    28,
    38,
    52,
    34,
    26,
    54,
    34,
    13,
    17,
    5,
    14,
    3,
    12,
    36,
    22,
    19,
    18,
    30,
    5,
    19,
    41,
    14,
    23,
    11,
    13,
    35,
    27,
    28,
    32,
    36,
    47,
    3,
    24,
    13,
    18,
    2,
    20,
    11,
    13,
    20,
    22,
    29,
    9,
    45,
    7,
    55,
    29,
    27,
    15,
    14,
    10,
    42,
    8,
    30,
    11,
    9,
    30,
    7,
    22,
    58,
    21,
    34,
    1,
    29,
    23,
    17,
    21,
    12,
    15,
    37,
    16,
    29,
    28,
    15,
    24,
    14,
    7,
    26,
    15,
    6,
    9,
    14,
    21,
    14,
    19,
    20,
    9,
    32,
    13,
    18,
    10,
    33,
    28,
    23,
    34,
    25,
    30,
    64,
    17,
    30,
    7,
    3,
    24,
    12,
    28,
    11,
    45,
    23,
    16,
    20,
    15,
    34,
    24,
    16,
    56,
    26,
    14,
    11,
    36,
    8,
    24,
    37,
    35,
    55,
    20,
    31,
    25,
    8,
    19,
    17,
    47,
    37,
    34,
    41,
    69,
    23,
    32,
    43,
    25,
    31,
    24,
    84,
    43,
    17,
    47,
    36,
    19,
    29,
    15,
    47,
    17,
    38,
    38,
    23,
    16,
    36,
    32,
    15,
    22,
    24,
    18,
    24,
    3,
    29,
    19,
    9,
    21,
    31,
    22,
    23,
    19,
    9,
    16,
    23,
    21,
    25,
    30,
    29,
    56,
    37,
    22,
    49,
    15,
    24,
    23,
    60,
    11,
    30,
    14,
    11,
    18,
    35,
    37,
    11,
    23,
    11,
    15,
    15,
    3,
    28,
    20,
    22,
    11,
    23,
    25,
    32,
    32,
    37,
    3,
    65,
    16,
    25,
    23,
    5,
    16,
    38,
    3,
    52,
    33,
    35,
    34,
    31,
    43,
    16,
    18,
    3,
    26,
    34,
    30,
    37,
    19,
    66,
    24,
    12,
    9,
    11,
    26,
    23,
    27,
    9,
    46,
    16,
    7,
    8,
    27,
    20,
    36,
    19,
    43,
    29,
    37,
    29,
    44,
    27,
    56,
    31,
    5,
    10,
    20,
    25,
    40,
    36,
    27,
    18,
    37,
    20,
    20,
    30,
    69,
    31,
    52,
    25,
    18,
    21,
    46,
    20,
    24,
    76,
    27,
    23,
    20,
    18,
    17,
    20,
    19,
    20,
    9,
    31,
    41,
    24,
    16,
    12,
    22,
    21,
    42,
    31,
    15,
    36,
    30,
    8,
    56,
    53,
    24,
    49,
    26,
    10,
    21,
    14,
    13,
    45,
    25,
    10,
    2
  ],
  "vocabulary_size": 738
}