{
  "document_id": "1309.3798",
  "total_sentences": 191,
  "pruned_sentences": 189,
  "total_words": 4418,
  "pruned_words": 4044,
  "unique_words": 666,
  "mean_sentence_length": 21.396825396825395,
  "stdev_sentence_length": 16.421839068110675,
  "sentence_lengths": [
    1,
    46,
    18,
    12,
    2,
    59,
    25,
    43,
    38,
    22,
    24,
    20,
    19,
    29,
    16,
    18,
    10,
    17,
    19,
    18,
    32,
    19,
    11,
    7,
    12,
    25,
    14,
    19,
    20,
    21,
    29,
    22,
    20,
    19,
    28,
    43,
    26,
    31,
    10,
    27,
    20,
    41,
    30,
    19,
    16,
    23,
    16,
    25,
    18,
    14,
    21,
    40,
    15,
    8,
    19,
    26,
    24,
    17,
    18,
    29,
    49,
    37,
    24,
    33,
    22,
    25,
    12,
    7,
    13,
    8,
    16,
    14,
    6,
    17,
    6,
    14,
    32,
    8,
    11,
    20,
    51,
    21,
    23,
    41,
    14,
    2,
    2,
    16,
    2,
    46,
    6,
    58,
    15,
    16,
    24,
    106,
    43,
    7,
    23,
    102,
    17,
    14,
    17,
    12,
    23,
    15,
    5,
    7,
    13,
    24,
    10,
    4,
    18,
    4,
    2,
    2,
    13,
    9,
    39,
    13,
    13,
    14,
    2,
    2,
    2,
    9,
    16,
    29,
    5,
    11,
    18,
    52,
    9,
    19,
    12,
    29,
    35,
    26,
    44,
    20,
    2,
    9,
    6,
    13,
    26,
    14,
    13,
    2,
    77,
    2,
    45,
    23,
    42,
    64,
    61,
    24,
    17,
    7,
    36,
    1,
    16,
    1,
    7,
    27,
    33,
    54,
    6,
    12,
    62,
    23,
    6,
    34,
    30,
    9,
    12,
    24,
    13,
    24,
    21,
    15,
    17,
    21,
    18,
    20,
    23,
    36,
    15,
    29,
    2
  ],
  "vocabulary_size": 666
}