{
  "document_id": "1311.6247",
  "total_sentences": 325,
  "pruned_sentences": 320,
  "total_words": 8526,
  "pruned_words": 7798,
  "unique_words": 974,
  "mean_sentence_length": 24.36875,
  "stdev_sentence_length": 18.485314640729573,
  "sentence_lengths": [
    1,
    9,
    74,
    52,
    21,
    25,
    31,
    33,
    37,
    41,
    22,
    11,
    26,
    29,
    28,
    35,
    10,
    18,
    34,
    28,
    24,
    32,
    20,
    19,
    13,
    73,
    22,
    37,
    38,
    49,
    7,
    8,
    7,
    20,
    40,
    15,
    20,
    25,
    25,
    46,
    12,
    11,
    25,
    30,
    21,
    19,
    11,
    19,
    25,
    27,
    28,
    32,
    32,
    28,
    15,
    21,
    17,
    21,
    11,
    21,
    30,
    112,
    28,
    22,
    25,
    22,
    17,
    7,
    29,
    42,
    30,
    15,
    32,
    26,
    18,
    37,
    16,
    10,
    18,
    20,
    16,
    25,
    10,
    8,
    13,
    20,
    24,
    42,
    15,
    9,
    9,
    18,
    29,
    94,
    14,
    14,
    25,
    17,
    14,
    32,
    10,
    12,
    39,
    17,
    18,
    29,
    23,
    11,
    46,
    14,
    34,
    21,
    20,
    2,
    22,
    14,
    11,
    13,
    82,
    77,
    17,
    43,
    21,
    15,
    8,
    28,
    18,
    19,
    24,
    27,
    16,
    32,
    17,
    17,
    25,
    34,
    21,
    30,
    10,
    112,
    3,
    38,
    20,
    28,
    41,
    31,
    13,
    36,
    19,
    42,
    13,
    44,
    43,
    19,
    51,
    77,
    37,
    6,
    10,
    27,
    16,
    9,
    1,
    15,
    2,
    15,
    27,
    2,
    17,
    19,
    23,
    27,
    18,
    24,
    18,
    31,
    42,
    27,
    31,
    103,
    12,
    8,
    23,
    12,
    22,
    27,
    13,
    19,
    29,
    23,
    43,
    35,
    18,
    19,
    48,
    81,
    25,
    10,
    13,
    40,
    15,
    45,
    44,
    39,
    32,
    17,
    2,
    6,
    18,
    13,
    45,
    16,
    34,
    19,
    27,
    8,
    16,
    16,
    40,
    72,
    15,
    28,
    21,
    25,
    11,
    18,
    15,
    20,
    29,
    21,
    15,
    11,
    21,
    22,
    28,
    19,
    10,
    13,
    83,
    5,
    104,
    24,
    16,
    34,
    26,
    20,
    24,
    8,
    2,
    28,
    2,
    30,
    12,
    56,
    2,
    10,
    2,
    10,
    30,
    43,
    37,
    47,
    39,
    25,
    25,
    34,
    23,
    33,
    15,
    19,
    24,
    41,
    7,
    31,
    15,
    30,
    11,
    5,
    16,
    8,
    26,
    10,
    11,
    9,
    29,
    2,
    12,
    30,
    16,
    4,
    13,
    31,
    4,
    7,
    14,
    12,
    13,
    17,
    26,
    20,
    20,
    14,
    111,
    4,
    50,
    26,
    4,
    26,
    4,
    70,
    4,
    18,
    10,
    3,
    3,
    4,
    4,
    4,
    21,
    1
  ],
  "vocabulary_size": 974
}