{
  "document_id": "1311.1163",
  "total_sentences": 301,
  "pruned_sentences": 299,
  "total_words": 6240,
  "pruned_words": 6023,
  "unique_words": 1065,
  "mean_sentence_length": 20.1438127090301,
  "stdev_sentence_length": 12.403563037228281,
  "sentence_lengths": [
    1,
    45,
    17,
    19,
    29,
    17,
    18,
    16,
    18,
    19,
    28,
    21,
    20,
    15,
    19,
    39,
    21,
    39,
    24,
    15,
    8,
    21,
    12,
    24,
    33,
    47,
    9,
    15,
    19,
    54,
    24,
    22,
    15,
    24,
    30,
    53,
    30,
    17,
    15,
    17,
    10,
    10,
    17,
    22,
    10,
    16,
    16,
    21,
    24,
    30,
    16,
    25,
    10,
    20,
    18,
    11,
    16,
    10,
    9,
    21,
    16,
    20,
    24,
    29,
    29,
    10,
    12,
    16,
    30,
    17,
    11,
    25,
    17,
    29,
    7,
    15,
    26,
    14,
    31,
    14,
    10,
    65,
    34,
    47,
    31,
    11,
    22,
    11,
    28,
    9,
    16,
    27,
    23,
    8,
    25,
    10,
    30,
    29,
    26,
    16,
    22,
    18,
    34,
    10,
    14,
    8,
    15,
    21,
    31,
    18,
    15,
    14,
    26,
    11,
    12,
    9,
    24,
    23,
    22,
    20,
    18,
    36,
    31,
    20,
    11,
    13,
    51,
    22,
    6,
    10,
    23,
    45,
    17,
    10,
    19,
    38,
    21,
    77,
    44,
    25,
    24,
    8,
    31,
    29,
    14,
    27,
    41,
    2,
    24,
    35,
    57,
    22,
    28,
    31,
    22,
    68,
    16,
    8,
    1,
    36,
    21,
    18,
    1,
    26,
    37,
    17,
    43,
    14,
    23,
    10,
    12,
    16,
    3,
    31,
    40,
    10,
    7,
    1,
    17,
    10,
    12,
    46,
    16,
    26,
    21,
    22,
    40,
    19,
    55,
    22,
    11,
    1,
    20,
    1,
    17,
    3,
    16,
    15,
    14,
    9,
    33,
    15,
    15,
    17,
    12,
    28,
    22,
    25,
    9,
    32,
    20,
    16,
    54,
    15,
    7,
    19,
    21,
    1,
    14,
    7,
    15,
    15,
    28,
    24,
    16,
    23,
    10,
    18,
    28,
    29,
    7,
    33,
    29,
    31,
    27,
    15,
    23,
    17,
    21,
    16,
    11,
    13,
    40,
    10,
    29,
    8,
    2,
    11,
    14,
    14,
    13,
    14,
    13,
    6,
    47,
    45,
    11,
    30,
    2,
    6,
    25,
    4,
    6,
    23,
    6,
    22,
    28,
    2,
    7,
    14,
    2,
    6,
    17,
    4,
    36,
    14,
    8,
    27,
    29,
    19,
    10,
    28,
    3,
    25,
    3,
    2,
    9,
    12,
    10,
    17,
    7,
    14,
    16,
    7,
    30,
    49,
    29,
    4,
    1
  ],
  "vocabulary_size": 1065
}