{
  "document_id": "1312.4094",
  "total_sentences": 381,
  "pruned_sentences": 377,
  "total_words": 10591,
  "pruned_words": 10048,
  "unique_words": 1173,
  "mean_sentence_length": 26.652519893899203,
  "stdev_sentence_length": 20.329956417605953,
  "sentence_lengths": [
    1,
    9,
    40,
    17,
    18,
    12,
    18,
    20,
    24,
    14,
    47,
    23,
    18,
    23,
    23,
    26,
    18,
    12,
    28,
    48,
    24,
    19,
    14,
    18,
    9,
    18,
    12,
    16,
    16,
    12,
    17,
    17,
    39,
    13,
    19,
    11,
    10,
    20,
    28,
    31,
    31,
    22,
    17,
    36,
    37,
    27,
    16,
    12,
    13,
    17,
    10,
    29,
    25,
    14,
    44,
    14,
    7,
    17,
    2,
    20,
    27,
    14,
    52,
    33,
    7,
    2,
    65,
    15,
    21,
    15,
    14,
    16,
    10,
    4,
    18,
    10,
    4,
    43,
    15,
    28,
    20,
    36,
    19,
    52,
    32,
    9,
    14,
    21,
    27,
    13,
    15,
    17,
    14,
    4,
    82,
    52,
    13,
    15,
    18,
    21,
    24,
    22,
    27,
    35,
    24,
    31,
    22,
    44,
    10,
    50,
    18,
    24,
    17,
    16,
    18,
    11,
    3,
    88,
    16,
    12,
    40,
    25,
    25,
    18,
    27,
    19,
    41,
    60,
    69,
    9,
    20,
    19,
    27,
    12,
    18,
    20,
    20,
    34,
    30,
    27,
    69,
    16,
    46,
    36,
    10,
    21,
    32,
    46,
    35,
    65,
    37,
    23,
    19,
    25,
    24,
    27,
    16,
    31,
    81,
    16,
    19,
    23,
    58,
    22,
    18,
    35,
    26,
    18,
    58,
    38,
    30,
    28,
    33,
    39,
    6,
    32,
    22,
    18,
    45,
    17,
    27,
    32,
    43,
    36,
    39,
    19,
    45,
    24,
    55,
    33,
    14,
    56,
    34,
    20,
    22,
    38,
    31,
    11,
    46,
    51,
    79,
    95,
    16,
    10,
    13,
    15,
    8,
    38,
    119,
    27,
    26,
    11,
    32,
    29,
    52,
    26,
    33,
    73,
    39,
    10,
    29,
    23,
    91,
    26,
    72,
    51,
    27,
    21,
    17,
    20,
    16,
    10,
    47,
    23,
    85,
    25,
    28,
    31,
    29,
    69,
    32,
    21,
    32,
    14,
    18,
    29,
    12,
    53,
    37,
    17,
    13,
    13,
    2,
    7,
    2,
    3,
    2,
    38,
    11,
    29,
    26,
    40,
    14,
    28,
    13,
    32,
    22,
    19,
    37,
    38,
    26,
    45,
    34,
    22,
    11,
    34,
    32,
    37,
    30,
    16,
    36,
    30,
    17,
    23,
    29,
    23,
    29,
    37,
    29,
    54,
    21,
    24,
    118,
    12,
    25,
    37,
    25,
    6,
    7,
    95,
    8,
    15,
    17,
    12,
    11,
    88,
    6,
    18,
    20,
    111,
    11,
    13,
    14,
    12,
    31,
    33,
    14,
    7,
    20,
    23,
    19,
    17,
    72,
    25,
    9,
    17,
    97,
    12,
    25,
    6,
    117,
    25,
    2,
    24,
    7,
    10,
    7,
    33,
    2,
    26,
    2,
    24,
    23,
    4,
    30,
    104,
    2,
    33,
    2,
    28,
    28,
    2,
    4,
    3,
    33,
    2,
    4,
    17,
    66,
    38,
    3,
    11,
    6,
    43,
    2,
    6,
    19,
    1,
    70,
    21,
    40,
    21,
    23,
    20,
    18,
    22,
    1
  ],
  "vocabulary_size": 1173
}