{
  "document_id": "1312.4116",
  "total_sentences": 137,
  "pruned_sentences": 136,
  "total_words": 2885,
  "pruned_words": 2751,
  "unique_words": 549,
  "mean_sentence_length": 20.227941176470587,
  "stdev_sentence_length": 12.918529277468487,
  "sentence_lengths": [
    1,
    37,
    27,
    31,
    13,
    18,
    16,
    29,
    12,
    62,
    35,
    32,
    23,
    30,
    12,
    25,
    40,
    40,
    33,
    22,
    34,
    67,
    11,
    20,
    40,
    14,
    11,
    18,
    17,
    21,
    39,
    16,
    13,
    10,
    16,
    13,
    7,
    22,
    7,
    10,
    63,
    18,
    8,
    35,
    10,
    12,
    33,
    16,
    31,
    11,
    21,
    49,
    41,
    21,
    22,
    16,
    30,
    15,
    23,
    13,
    24,
    17,
    28,
    20,
    8,
    9,
    8,
    18,
    10,
    21,
    17,
    33,
    40,
    26,
    34,
    20,
    30,
    34,
    25,
    36,
    33,
    9,
    27,
    5,
    25,
    23,
    21,
    4,
    8,
    3,
    29,
    32,
    30,
    8,
    3,
    22,
    25,
    18,
    30,
    36,
    23,
    19,
    19,
    36,
    30,
    20,
    15,
    13,
    24,
    38,
    9,
    7,
    4,
    12,
    4,
    2,
    31,
    23,
    2,
    2,
    6,
    10,
    2,
    2,
    15,
    15,
    7,
    8,
    3,
    2,
    20,
    11,
    20,
    3,
    12,
    1
  ],
  "vocabulary_size": 549
}