{
  "document_id": "1401.4788",
  "total_sentences": 321,
  "pruned_sentences": 317,
  "total_words": 7620,
  "pruned_words": 7036,
  "unique_words": 1155,
  "mean_sentence_length": 22.19558359621451,
  "stdev_sentence_length": 17.572622713791162,
  "sentence_lengths": [
    1,
    7,
    6,
    9,
    11,
    1,
    19,
    23,
    41,
    41,
    22,
    19,
    18,
    14,
    36,
    27,
    54,
    18,
    33,
    21,
    35,
    27,
    17,
    72,
    42,
    19,
    40,
    38,
    23,
    16,
    37,
    23,
    37,
    23,
    44,
    6,
    22,
    13,
    86,
    20,
    22,
    9,
    15,
    48,
    22,
    31,
    46,
    28,
    25,
    45,
    31,
    21,
    16,
    14,
    105,
    20,
    35,
    15,
    23,
    34,
    26,
    31,
    14,
    23,
    20,
    21,
    26,
    19,
    27,
    7,
    24,
    6,
    21,
    29,
    26,
    21,
    25,
    14,
    12,
    12,
    32,
    23,
    37,
    10,
    40,
    19,
    42,
    24,
    16,
    32,
    7,
    19,
    18,
    53,
    12,
    32,
    21,
    43,
    4,
    29,
    9,
    64,
    58,
    14,
    12,
    18,
    39,
    9,
    2,
    6,
    2,
    9,
    13,
    11,
    34,
    87,
    3,
    53,
    7,
    28,
    23,
    33,
    21,
    73,
    29,
    20,
    13,
    11,
    5,
    17,
    27,
    10,
    25,
    19,
    28,
    14,
    46,
    51,
    25,
    29,
    44,
    95,
    16,
    15,
    5,
    20,
    16,
    38,
    24,
    21,
    10,
    9,
    13,
    37,
    11,
    20,
    2,
    33,
    4,
    3,
    13,
    28,
    18,
    17,
    81,
    20,
    12,
    58,
    49,
    1,
    16,
    31,
    9,
    40,
    10,
    13,
    10,
    8,
    23,
    15,
    25,
    25,
    17,
    12,
    40,
    19,
    35,
    7,
    18,
    21,
    11,
    12,
    41,
    3,
    2,
    12,
    42,
    5,
    9,
    52,
    33,
    41,
    20,
    18,
    29,
    32,
    24,
    15,
    45,
    21,
    9,
    23,
    15,
    10,
    22,
    39,
    11,
    27,
    98,
    13,
    22,
    41,
    7,
    6,
    8,
    6,
    21,
    14,
    16,
    14,
    8,
    13,
    14,
    22,
    9,
    103,
    40,
    26,
    19,
    34,
    35,
    12,
    18,
    41,
    18,
    49,
    33,
    20,
    66,
    10,
    7,
    53,
    30,
    10,
    53,
    23,
    24,
    42,
    6,
    4,
    22,
    14,
    16,
    23,
    15,
    17,
    16,
    5,
    13,
    9,
    7,
    6,
    8,
    3,
    4,
    3,
    22,
    7,
    9,
    7,
    14,
    10,
    13,
    10,
    17,
    7,
    2,
    2,
    3,
    2,
    2,
    2,
    2,
    2,
    12,
    13,
    5,
    5,
    6,
    18,
    7,
    14,
    7,
    6,
    33,
    9,
    3,
    4,
    16,
    22,
    9,
    20,
    15,
    23,
    15,
    17,
    5
  ],
  "vocabulary_size": 1155
}