{
  "document_id": "1402.4111",
  "total_sentences": 28,
  "pruned_sentences": 28,
  "total_words": 641,
  "pruned_words": 641,
  "unique_words": 207,
  "mean_sentence_length": 22.892857142857142,
  "stdev_sentence_length": 18.603741729802806,
  "sentence_lengths": [
    1,
    53,
    42,
    12,
    40,
    80,
    4,
    24,
    12,
    14,
    21,
    16,
    30,
    20,
    25,
    3,
    20,
    7,
    9,
    25,
    41,
    20,
    4,
    12,
    14,
    1,
    44,
    47
  ],
  "vocabulary_size": 207
}