{
  "document_id": "1402.4861",
  "total_sentences": 158,
  "pruned_sentences": 156,
  "total_words": 3770,
  "pruned_words": 3563,
  "unique_words": 549,
  "mean_sentence_length": 22.83974358974359,
  "stdev_sentence_length": 13.355437116732304,
  "sentence_lengths": [
    1,
    1,
    25,
    65,
    22,
    22,
    34,
    18,
    25,
    22,
    39,
    16,
    48,
    18,
    36,
    34,
    21,
    4,
    26,
    27,
    55,
    40,
    47,
    45,
    14,
    13,
    29,
    33,
    20,
    25,
    16,
    32,
    39,
    66,
    18,
    34,
    16,
    13,
    45,
    20,
    13,
    16,
    1,
    27,
    52,
    34,
    11,
    31,
    51,
    28,
    25,
    34,
    25,
    29,
    26,
    13,
    22,
    24,
    33,
    32,
    13,
    17,
    22,
    10,
    55,
    31,
    22,
    15,
    26,
    25,
    65,
    19,
    52,
    23,
    12,
    23,
    15,
    21,
    2,
    34,
    40,
    41,
    31,
    26,
    12,
    22,
    12,
    29,
    9,
    21,
    21,
    26,
    16,
    37,
    2,
    17,
    22,
    22,
    24,
    33,
    10,
    5,
    12,
    23,
    10,
    24,
    8,
    23,
    26,
    18,
    1,
    38,
    21,
    14,
    15,
    13,
    21,
    16,
    23,
    2,
    12,
    9,
    19,
    20,
    12,
    1,
    4,
    19,
    1,
    23,
    21,
    15,
    22,
    12,
    27,
    19,
    17,
    29,
    19,
    52,
    22,
    10,
    15,
    15,
    24,
    3,
    12,
    15,
    15,
    30,
    3,
    31,
    20,
    33,
    21,
    2
  ],
  "vocabulary_size": 549
}