{
  "document_id": "1402.2308",
  "total_sentences": 283,
  "pruned_sentences": 281,
  "total_words": 7780,
  "pruned_words": 7535,
  "unique_words": 1299,
  "mean_sentence_length": 26.814946619217082,
  "stdev_sentence_length": 14.414820897777311,
  "sentence_lengths": [
    1,
    15,
    22,
    12,
    3,
    66,
    54,
    40,
    17,
    13,
    26,
    19,
    32,
    23,
    28,
    65,
    31,
    22,
    30,
    22,
    31,
    11,
    45,
    32,
    25,
    29,
    29,
    30,
    14,
    21,
    29,
    32,
    10,
    25,
    29,
    36,
    13,
    18,
    17,
    25,
    26,
    19,
    33,
    62,
    25,
    26,
    6,
    42,
    14,
    17,
    21,
    18,
    13,
    42,
    23,
    27,
    35,
    28,
    41,
    35,
    38,
    81,
    9,
    28,
    14,
    31,
    49,
    18,
    23,
    47,
    23,
    15,
    36,
    19,
    6,
    19,
    28,
    20,
    23,
    23,
    27,
    11,
    25,
    13,
    8,
    12,
    42,
    10,
    24,
    21,
    34,
    18,
    34,
    7,
    43,
    18,
    24,
    31,
    44,
    12,
    10,
    18,
    72,
    22,
    20,
    22,
    61,
    6,
    26,
    29,
    26,
    47,
    32,
    41,
    45,
    27,
    17,
    33,
    37,
    40,
    19,
    31,
    29,
    13,
    46,
    11,
    27,
    26,
    26,
    75,
    31,
    18,
    14,
    22,
    39,
    14,
    13,
    25,
    23,
    17,
    14,
    34,
    28,
    87,
    10,
    23,
    16,
    45,
    41,
    8,
    20,
    26,
    52,
    66,
    32,
    42,
    34,
    34,
    30,
    14,
    19,
    11,
    25,
    16,
    29,
    26,
    48,
    46,
    14,
    13,
    20,
    30,
    31,
    17,
    16,
    21,
    44,
    22,
    23,
    38,
    8,
    18,
    27,
    30,
    16,
    13,
    23,
    49,
    39,
    38,
    12,
    16,
    42,
    28,
    29,
    18,
    8,
    51,
    19,
    51,
    27,
    20,
    15,
    21,
    33,
    20,
    12,
    10,
    30,
    48,
    33,
    41,
    13,
    20,
    11,
    37,
    18,
    23,
    26,
    26,
    23,
    7,
    33,
    17,
    32,
    58,
    47,
    72,
    41,
    30,
    41,
    11,
    26,
    17,
    15,
    28,
    4,
    24,
    36,
    20,
    46,
    4,
    20,
    16,
    30,
    13,
    17,
    26,
    18,
    27,
    25,
    25,
    18,
    74,
    22,
    31,
    20,
    19,
    38,
    19,
    22,
    28,
    16,
    19,
    41,
    22,
    12,
    31,
    45,
    12,
    20,
    33,
    18,
    25,
    56,
    26,
    7,
    32,
    29,
    13,
    1
  ],
  "vocabulary_size": 1299
}