{
  "document_id": "1405.6791",
  "total_sentences": 205,
  "pruned_sentences": 203,
  "total_words": 4665,
  "pruned_words": 4419,
  "unique_words": 646,
  "mean_sentence_length": 21.76847290640394,
  "stdev_sentence_length": 14.15685088091138,
  "sentence_lengths": [
    1,
    77,
    31,
    15,
    42,
    16,
    18,
    30,
    23,
    29,
    11,
    45,
    47,
    37,
    19,
    26,
    18,
    35,
    31,
    27,
    24,
    22,
    17,
    23,
    29,
    21,
    11,
    22,
    15,
    21,
    27,
    15,
    11,
    22,
    19,
    41,
    17,
    29,
    47,
    20,
    18,
    9,
    54,
    21,
    16,
    17,
    22,
    30,
    39,
    25,
    25,
    40,
    19,
    35,
    26,
    26,
    16,
    36,
    36,
    14,
    29,
    27,
    11,
    5,
    23,
    13,
    14,
    13,
    13,
    15,
    19,
    17,
    26,
    34,
    76,
    33,
    35,
    18,
    11,
    16,
    27,
    18,
    16,
    19,
    24,
    3,
    48,
    18,
    16,
    9,
    28,
    14,
    28,
    5,
    34,
    10,
    17,
    9,
    11,
    20,
    17,
    24,
    42,
    12,
    90,
    19,
    31,
    12,
    22,
    35,
    35,
    13,
    16,
    12,
    13,
    13,
    3,
    15,
    10,
    15,
    15,
    4,
    18,
    39,
    14,
    7,
    13,
    21,
    14,
    24,
    57,
    9,
    40,
    4,
    34,
    68,
    5,
    15,
    28,
    2,
    24,
    9,
    9,
    4,
    3,
    9,
    21,
    18,
    15,
    3,
    6,
    42,
    20,
    27,
    21,
    23,
    10,
    22,
    20,
    2,
    22,
    15,
    22,
    14,
    11,
    23,
    52,
    7,
    51,
    23,
    2,
    30,
    11,
    7,
    22,
    10,
    52,
    18,
    7,
    8,
    36,
    27,
    46,
    14,
    14,
    7,
    27,
    45,
    22,
    24,
    23,
    9,
    20,
    30,
    13,
    4,
    8,
    24,
    14,
    17,
    14,
    7,
    2
  ],
  "vocabulary_size": 646
}