{
  "document_id": "1405.5461",
  "total_sentences": 148,
  "pruned_sentences": 147,
  "total_words": 3105,
  "pruned_words": 3025,
  "unique_words": 603,
  "mean_sentence_length": 20.578231292517007,
  "stdev_sentence_length": 12.001098791057121,
  "sentence_lengths": [
    1,
    37,
    13,
    31,
    31,
    14,
    29,
    21,
    25,
    13,
    27,
    19,
    9,
    12,
    20,
    25,
    15,
    45,
    26,
    16,
    27,
    30,
    23,
    44,
    29,
    29,
    32,
    33,
    32,
    13,
    26,
    17,
    65,
    10,
    41,
    3,
    15,
    36,
    26,
    18,
    14,
    39,
    11,
    9,
    26,
    39,
    31,
    24,
    44,
    41,
    19,
    15,
    10,
    16,
    19,
    41,
    26,
    16,
    26,
    12,
    23,
    13,
    5,
    9,
    17,
    16,
    8,
    43,
    41,
    12,
    24,
    26,
    32,
    2,
    9,
    8,
    7,
    14,
    13,
    1,
    10,
    21,
    8,
    5,
    11,
    34,
    15,
    6,
    17,
    11,
    15,
    16,
    16,
    22,
    14,
    13,
    23,
    19,
    28,
    14,
    6,
    25,
    10,
    24,
    23,
    37,
    6,
    24,
    46,
    72,
    20,
    36,
    16,
    29,
    13,
    6,
    9,
    16,
    18,
    27,
    12,
    9,
    29,
    1,
    14,
    16,
    13,
    17,
    11,
    9,
    8,
    33,
    23,
    18,
    14,
    14,
    27,
    19,
    23,
    22,
    27,
    25,
    24,
    25,
    26,
    1,
    5
  ],
  "vocabulary_size": 603
}