{
  "document_id": "1406.6314",
  "total_sentences": 248,
  "pruned_sentences": 245,
  "total_words": 5663,
  "pruned_words": 5248,
  "unique_words": 931,
  "mean_sentence_length": 21.420408163265307,
  "stdev_sentence_length": 13.72231907573667,
  "sentence_lengths": [
    1,
    28,
    20,
    23,
    33,
    37,
    26,
    35,
    35,
    22,
    46,
    28,
    26,
    2,
    19,
    55,
    26,
    38,
    19,
    7,
    31,
    27,
    45,
    41,
    13,
    51,
    11,
    43,
    32,
    12,
    17,
    20,
    19,
    26,
    56,
    15,
    15,
    15,
    50,
    18,
    47,
    20,
    16,
    22,
    8,
    30,
    17,
    32,
    22,
    26,
    26,
    12,
    54,
    26,
    14,
    40,
    5,
    14,
    33,
    10,
    61,
    36,
    8,
    14,
    19,
    43,
    21,
    26,
    33,
    22,
    16,
    27,
    17,
    18,
    30,
    34,
    19,
    57,
    24,
    18,
    14,
    7,
    8,
    31,
    43,
    32,
    12,
    16,
    14,
    26,
    6,
    26,
    18,
    46,
    30,
    36,
    71,
    16,
    27,
    30,
    12,
    25,
    59,
    24,
    62,
    43,
    6,
    10,
    38,
    18,
    22,
    27,
    11,
    37,
    60,
    13,
    19,
    11,
    10,
    16,
    21,
    7,
    31,
    19,
    11,
    22,
    21,
    21,
    20,
    23,
    14,
    18,
    33,
    23,
    14,
    44,
    20,
    15,
    26,
    19,
    17,
    28,
    73,
    6,
    22,
    9,
    15,
    17,
    21,
    15,
    20,
    5,
    14,
    4,
    12,
    9,
    16,
    38,
    17,
    23,
    16,
    24,
    17,
    22,
    34,
    47,
    23,
    26,
    12,
    14,
    23,
    12,
    55,
    6,
    38,
    24,
    29,
    30,
    25,
    17,
    38,
    16,
    37,
    4,
    4,
    13,
    8,
    24,
    5,
    13,
    9,
    24,
    4,
    14,
    11,
    28,
    11,
    14,
    6,
    20,
    10,
    6,
    6,
    12,
    10,
    7,
    6,
    8,
    3,
    27,
    9,
    7,
    14,
    14,
    3,
    2,
    21,
    11,
    30,
    9,
    6,
    9,
    9,
    16,
    6,
    15,
    6,
    22,
    10,
    22,
    7,
    10,
    11,
    13,
    24,
    2,
    15,
    14,
    9,
    17,
    10,
    26,
    7,
    11,
    4
  ],
  "vocabulary_size": 931
}