{
  "document_id": "1407.3421",
  "total_sentences": 92,
  "pruned_sentences": 91,
  "total_words": 3031,
  "pruned_words": 2879,
  "unique_words": 511,
  "mean_sentence_length": 31.63736263736264,
  "stdev_sentence_length": 24.857154786462267,
  "sentence_lengths": [
    1,
    90,
    35,
    16,
    25,
    26,
    9,
    25,
    24,
    18,
    21,
    46,
    29,
    22,
    60,
    29,
    31,
    35,
    22,
    20,
    2,
    31,
    21,
    43,
    31,
    20,
    19,
    21,
    55,
    19,
    37,
    71,
    78,
    15,
    21,
    19,
    20,
    15,
    66,
    63,
    54,
    61,
    28,
    17,
    22,
    39,
    33,
    16,
    29,
    20,
    30,
    15,
    25,
    40,
    32,
    28,
    20,
    28,
    23,
    9,
    22,
    13,
    118,
    133,
    88,
    9,
    10,
    5,
    19,
    13,
    37,
    25,
    10,
    78,
    8,
    15,
    63,
    41,
    12,
    102,
    27,
    23,
    14,
    42,
    14,
    11,
    11,
    38,
    38,
    18,
    2
  ],
  "vocabulary_size": 511
}