{
  "document_id": "1408.1119",
  "total_sentences": 159,
  "pruned_sentences": 159,
  "total_words": 3627,
  "pruned_words": 3627,
  "unique_words": 637,
  "mean_sentence_length": 22.81132075471698,
  "stdev_sentence_length": 13.703076348365117,
  "sentence_lengths": [
    1,
    73,
    33,
    3,
    3,
    2,
    3,
    31,
    55,
    19,
    26,
    48,
    18,
    27,
    29,
    16,
    14,
    33,
    15,
    31,
    9,
    11,
    14,
    54,
    21,
    11,
    15,
    38,
    34,
    10,
    8,
    2,
    15,
    17,
    11,
    13,
    7,
    26,
    19,
    21,
    43,
    45,
    63,
    19,
    41,
    29,
    23,
    29,
    22,
    28,
    6,
    14,
    47,
    19,
    69,
    12,
    19,
    7,
    28,
    42,
    14,
    25,
    23,
    18,
    23,
    17,
    35,
    13,
    19,
    18,
    34,
    13,
    23,
    12,
    2,
    12,
    16,
    28,
    32,
    7,
    37,
    29,
    10,
    37,
    41,
    24,
    8,
    49,
    11,
    25,
    55,
    19,
    27,
    12,
    11,
    20,
    40,
    37,
    14,
    19,
    14,
    25,
    19,
    7,
    10,
    9,
    29,
    4,
    13,
    8,
    19,
    17,
    15,
    15,
    16,
    13,
    40,
    11,
    25,
    31,
    24,
    23,
    24,
    25,
    47,
    34,
    25,
    11,
    36,
    31,
    24,
    39,
    35,
    17,
    16,
    21,
    35,
    9,
    30,
    10,
    29,
    20,
    28,
    13,
    12,
    53,
    30,
    18,
    28,
    22,
    10,
    18,
    22,
    10,
    36,
    37,
    19,
    14,
    2
  ],
  "vocabulary_size": 637
}