{
  "document_id": "1410.3447",
  "total_sentences": 238,
  "pruned_sentences": 236,
  "total_words": 6929,
  "pruned_words": 6730,
  "unique_words": 877,
  "mean_sentence_length": 28.516949152542374,
  "stdev_sentence_length": 15.363251567875501,
  "sentence_lengths": [
    1,
    78,
    36,
    32,
    11,
    43,
    25,
    44,
    13,
    33,
    40,
    19,
    29,
    30,
    30,
    27,
    49,
    48,
    8,
    51,
    29,
    30,
    34,
    42,
    28,
    44,
    40,
    16,
    38,
    34,
    26,
    38,
    52,
    22,
    25,
    34,
    32,
    29,
    56,
    15,
    24,
    14,
    25,
    32,
    34,
    28,
    33,
    32,
    22,
    23,
    22,
    39,
    24,
    31,
    59,
    20,
    29,
    18,
    33,
    27,
    10,
    21,
    19,
    57,
    43,
    36,
    53,
    30,
    21,
    32,
    12,
    21,
    17,
    16,
    18,
    53,
    23,
    43,
    30,
    9,
    9,
    23,
    43,
    46,
    64,
    36,
    33,
    13,
    35,
    21,
    19,
    54,
    2,
    13,
    24,
    23,
    34,
    14,
    16,
    63,
    14,
    32,
    60,
    34,
    18,
    11,
    16,
    7,
    14,
    29,
    82,
    52,
    33,
    26,
    17,
    58,
    17,
    32,
    10,
    25,
    24,
    36,
    10,
    14,
    69,
    24,
    40,
    9,
    16,
    47,
    20,
    52,
    36,
    5,
    13,
    14,
    32,
    38,
    29,
    29,
    15,
    40,
    39,
    6,
    15,
    28,
    54,
    34,
    51,
    18,
    36,
    22,
    11,
    46,
    49,
    13,
    36,
    23,
    21,
    9,
    70,
    37,
    12,
    22,
    15,
    19,
    10,
    29,
    23,
    27,
    20,
    30,
    5,
    43,
    47,
    15,
    56,
    21,
    29,
    11,
    15,
    10,
    46,
    24,
    79,
    29,
    11,
    14,
    9,
    8,
    13,
    31,
    24,
    48,
    26,
    25,
    37,
    30,
    40,
    50,
    16,
    43,
    33,
    41,
    40,
    38,
    30,
    34,
    46,
    22,
    15,
    9,
    28,
    8,
    43,
    35,
    27,
    22,
    26,
    11,
    34,
    42,
    35,
    13,
    33,
    19,
    39,
    23,
    26,
    9,
    7,
    7,
    8,
    5,
    11,
    3
  ],
  "vocabulary_size": 877
}