{
  "document_id": "1411.1323",
  "total_sentences": 343,
  "pruned_sentences": 341,
  "total_words": 8885,
  "pruned_words": 8642,
  "unique_words": 1601,
  "mean_sentence_length": 25.343108504398828,
  "stdev_sentence_length": 18.924063136728805,
  "sentence_lengths": [
    1,
    17,
    16,
    21,
    28,
    29,
    16,
    31,
    25,
    32,
    15,
    40,
    75,
    28,
    15,
    80,
    9,
    10,
    32,
    22,
    21,
    31,
    37,
    41,
    69,
    45,
    19,
    22,
    14,
    18,
    34,
    26,
    26,
    35,
    18,
    20,
    67,
    13,
    18,
    14,
    14,
    17,
    20,
    11,
    26,
    25,
    54,
    4,
    74,
    35,
    67,
    2,
    38,
    19,
    11,
    10,
    39,
    50,
    34,
    51,
    21,
    28,
    56,
    27,
    9,
    16,
    45,
    67,
    11,
    25,
    11,
    49,
    15,
    25,
    30,
    16,
    23,
    11,
    71,
    19,
    51,
    67,
    36,
    11,
    10,
    15,
    7,
    17,
    41,
    17,
    22,
    24,
    26,
    33,
    54,
    10,
    10,
    8,
    20,
    14,
    26,
    21,
    33,
    12,
    24,
    8,
    57,
    23,
    17,
    2,
    20,
    13,
    10,
    16,
    28,
    27,
    16,
    51,
    70,
    6,
    71,
    28,
    45,
    20,
    50,
    11,
    31,
    10,
    22,
    13,
    6,
    19,
    17,
    36,
    25,
    30,
    43,
    19,
    22,
    9,
    30,
    20,
    39,
    63,
    12,
    7,
    37,
    24,
    10,
    6,
    57,
    14,
    17,
    16,
    18,
    31,
    21,
    26,
    37,
    66,
    14,
    35,
    41,
    30,
    11,
    32,
    37,
    3,
    17,
    17,
    20,
    24,
    23,
    25,
    38,
    27,
    5,
    2,
    21,
    11,
    28,
    91,
    28,
    24,
    39,
    39,
    18,
    63,
    36,
    17,
    43,
    98,
    24,
    59,
    65,
    26,
    31,
    50,
    59,
    25,
    26,
    32,
    21,
    75,
    20,
    39,
    19,
    8,
    37,
    36,
    26,
    7,
    19,
    13,
    58,
    25,
    42,
    34,
    23,
    18,
    36,
    43,
    79,
    15,
    26,
    17,
    29,
    11,
    11,
    26,
    10,
    26,
    25,
    21,
    18,
    45,
    10,
    19,
    25,
    4,
    4,
    26,
    2,
    9,
    18,
    2,
    2,
    11,
    16,
    2,
    13,
    14,
    2,
    13,
    29,
    2,
    9,
    4,
    28,
    2,
    9,
    40,
    26,
    57,
    8,
    5,
    49,
    68,
    2,
    7,
    6,
    31,
    23,
    3,
    43,
    33,
    4,
    11,
    4,
    15,
    13,
    4,
    50,
    15,
    3,
    43,
    45,
    26,
    57,
    43,
    69,
    20,
    2,
    12,
    19,
    2,
    10,
    2,
    5,
    2,
    7,
    24,
    7,
    12,
    42,
    51,
    21,
    28,
    19,
    2,
    9,
    58,
    9,
    2,
    3,
    34,
    33,
    11,
    24,
    10,
    75,
    10,
    42,
    2,
    4,
    2,
    25,
    2,
    9,
    11,
    5,
    7,
    67,
    24,
    9,
    2,
    2,
    2,
    57,
    57,
    1
  ],
  "vocabulary_size": 1601
}