{
  "document_id": "1411.0762",
  "total_sentences": 213,
  "pruned_sentences": 211,
  "total_words": 5528,
  "pruned_words": 5310,
  "unique_words": 968,
  "mean_sentence_length": 25.165876777251185,
  "stdev_sentence_length": 14.75824133166928,
  "sentence_lengths": [
    1,
    83,
    42,
    30,
    35,
    30,
    37,
    43,
    5,
    7,
    17,
    20,
    12,
    33,
    23,
    39,
    15,
    27,
    29,
    21,
    18,
    36,
    14,
    23,
    30,
    34,
    45,
    5,
    47,
    7,
    40,
    20,
    11,
    11,
    37,
    12,
    16,
    55,
    39,
    38,
    35,
    24,
    13,
    13,
    24,
    21,
    21,
    14,
    35,
    28,
    20,
    22,
    44,
    11,
    14,
    22,
    25,
    20,
    18,
    14,
    30,
    19,
    34,
    22,
    20,
    9,
    27,
    12,
    30,
    12,
    10,
    9,
    19,
    9,
    18,
    21,
    16,
    21,
    28,
    15,
    9,
    16,
    22,
    22,
    28,
    15,
    26,
    14,
    25,
    38,
    33,
    19,
    19,
    20,
    14,
    43,
    5,
    17,
    28,
    14,
    30,
    13,
    7,
    21,
    29,
    30,
    5,
    31,
    17,
    5,
    33,
    26,
    20,
    15,
    20,
    21,
    35,
    16,
    19,
    20,
    32,
    18,
    35,
    41,
    18,
    42,
    17,
    12,
    19,
    22,
    36,
    18,
    8,
    22,
    9,
    33,
    30,
    11,
    23,
    18,
    16,
    9,
    20,
    36,
    40,
    40,
    27,
    22,
    32,
    20,
    7,
    18,
    28,
    17,
    11,
    35,
    31,
    16,
    10,
    24,
    33,
    11,
    19,
    25,
    21,
    16,
    50,
    8,
    31,
    36,
    7,
    8,
    20,
    24,
    18,
    23,
    62,
    7,
    25,
    41,
    17,
    41,
    63,
    68,
    29,
    32,
    37,
    85,
    77,
    17,
    26,
    12,
    60,
    45,
    12,
    63,
    37,
    35,
    39,
    22,
    10,
    12,
    34,
    34,
    39,
    30,
    16,
    10,
    91,
    33,
    30
  ],
  "vocabulary_size": 968
}