{
  "document_id": "1412.3566",
  "total_sentences": 263,
  "pruned_sentences": 260,
  "total_words": 4191,
  "pruned_words": 3931,
  "unique_words": 837,
  "mean_sentence_length": 15.11923076923077,
  "stdev_sentence_length": 11.37892515266436,
  "sentence_lengths": [
    1,
    8,
    20,
    21,
    48,
    43,
    19,
    27,
    32,
    40,
    30,
    40,
    32,
    25,
    22,
    25,
    33,
    57,
    24,
    14,
    14,
    23,
    40,
    18,
    14,
    27,
    36,
    17,
    9,
    40,
    9,
    16,
    23,
    3,
    11,
    13,
    14,
    36,
    11,
    4,
    26,
    18,
    2,
    10,
    28,
    33,
    6,
    32,
    12,
    3,
    13,
    14,
    5,
    15,
    25,
    6,
    23,
    16,
    19,
    21,
    34,
    20,
    5,
    12,
    34,
    6,
    14,
    12,
    4,
    27,
    28,
    18,
    46,
    23,
    29,
    12,
    20,
    22,
    17,
    37,
    5,
    13,
    10,
    23,
    18,
    22,
    16,
    32,
    8,
    12,
    43,
    29,
    35,
    37,
    28,
    19,
    22,
    36,
    13,
    47,
    25,
    7,
    46,
    17,
    5,
    34,
    11,
    27,
    13,
    15,
    13,
    12,
    27,
    14,
    26,
    3,
    7,
    33,
    18,
    23,
    28,
    16,
    29,
    25,
    29,
    26,
    20,
    26,
    10,
    34,
    17,
    4,
    5,
    4,
    4,
    4,
    8,
    2,
    3,
    6,
    11,
    13,
    12,
    8,
    2,
    10,
    7,
    2,
    6,
    14,
    7,
    2,
    14,
    7,
    2,
    18,
    7,
    2,
    17,
    7,
    2,
    10,
    31,
    2,
    11,
    11,
    7,
    2,
    9,
    10,
    19,
    7,
    27,
    7,
    2,
    28,
    7,
    26,
    7,
    2,
    23,
    7,
    2,
    27,
    7,
    2,
    27,
    2,
    20,
    7,
    2,
    17,
    7,
    24,
    12,
    7,
    2,
    10,
    12,
    7,
    2,
    14,
    7,
    7,
    2,
    5,
    15,
    6,
    2,
    14,
    7,
    17,
    7,
    8,
    8,
    2,
    18,
    7,
    19,
    8,
    7,
    16,
    8,
    10,
    7,
    15,
    7,
    9,
    7,
    2,
    10,
    8,
    2,
    11,
    2,
    8,
    2,
    9,
    2,
    8,
    2,
    16,
    17,
    8,
    2,
    6,
    7,
    2,
    14,
    7,
    2,
    26,
    7,
    7,
    2,
    20,
    2,
    2,
    7,
    1
  ],
  "vocabulary_size": 837
}