{
  "document_id": "1412.4430",
  "total_sentences": 294,
  "pruned_sentences": 293,
  "total_words": 7982,
  "pruned_words": 7841,
  "unique_words": 1389,
  "mean_sentence_length": 26.761092150170647,
  "stdev_sentence_length": 21.045716419857055,
  "sentence_lengths": [
    1,
    103,
    67,
    15,
    98,
    10,
    14,
    14,
    11,
    33,
    14,
    25,
    30,
    43,
    25,
    46,
    71,
    29,
    19,
    37,
    39,
    36,
    52,
    25,
    32,
    29,
    19,
    35,
    17,
    19,
    21,
    22,
    14,
    16,
    15,
    19,
    12,
    15,
    7,
    27,
    16,
    18,
    60,
    21,
    19,
    22,
    42,
    28,
    9,
    43,
    8,
    21,
    33,
    23,
    25,
    29,
    36,
    91,
    18,
    22,
    65,
    63,
    5,
    18,
    28,
    69,
    22,
    26,
    14,
    25,
    7,
    23,
    14,
    43,
    25,
    13,
    24,
    21,
    25,
    16,
    12,
    29,
    12,
    76,
    16,
    23,
    37,
    12,
    9,
    18,
    28,
    19,
    19,
    11,
    15,
    15,
    32,
    42,
    42,
    26,
    40,
    63,
    28,
    91,
    33,
    19,
    54,
    81,
    93,
    12,
    21,
    41,
    24,
    16,
    78,
    79,
    30,
    4,
    94,
    27,
    30,
    11,
    20,
    56,
    30,
    29,
    24,
    13,
    5,
    59,
    22,
    24,
    81,
    19,
    21,
    34,
    13,
    27,
    50,
    84,
    42,
    13,
    24,
    15,
    55,
    17,
    47,
    30,
    32,
    17,
    19,
    20,
    16,
    54,
    16,
    20,
    16,
    28,
    11,
    25,
    40,
    11,
    38,
    41,
    29,
    14,
    33,
    12,
    17,
    14,
    10,
    15,
    91,
    32,
    35,
    17,
    49,
    47,
    20,
    33,
    30,
    47,
    15,
    19,
    35,
    9,
    9,
    25,
    43,
    32,
    54,
    90,
    6,
    5,
    113,
    3,
    39,
    13,
    21,
    9,
    14,
    30,
    32,
    34,
    25,
    32,
    15,
    17,
    13,
    26,
    18,
    27,
    41,
    23,
    38,
    12,
    9,
    37,
    17,
    2,
    12,
    9,
    6,
    19,
    21,
    6,
    21,
    6,
    15,
    59,
    8,
    5,
    42,
    31,
    23,
    3,
    37,
    4,
    41,
    2,
    20,
    15,
    3,
    53,
    2,
    100,
    34,
    28,
    2,
    7,
    12,
    2,
    2,
    4,
    4,
    47,
    2,
    2,
    26,
    28,
    3,
    27,
    2,
    11,
    32,
    14,
    31,
    30,
    15,
    2,
    8,
    32,
    11,
    2,
    3,
    8,
    12,
    31,
    10,
    30,
    30,
    22,
    2,
    4,
    2,
    25,
    2,
    9,
    32,
    14,
    18,
    30,
    1
  ],
  "vocabulary_size": 1389
}