{
  "document_id": "1412.3740",
  "total_sentences": 226,
  "pruned_sentences": 225,
  "total_words": 5096,
  "pruned_words": 5024,
  "unique_words": 609,
  "mean_sentence_length": 22.32888888888889,
  "stdev_sentence_length": 11.869766181620816,
  "sentence_lengths": [
    1,
    1,
    36,
    19,
    12,
    32,
    16,
    30,
    25,
    32,
    32,
    28,
    28,
    33,
    14,
    41,
    36,
    33,
    1,
    32,
    35,
    62,
    20,
    14,
    38,
    22,
    29,
    28,
    66,
    33,
    28,
    11,
    25,
    40,
    47,
    1,
    20,
    18,
    19,
    38,
    9,
    33,
    22,
    21,
    11,
    13,
    23,
    21,
    13,
    18,
    11,
    14,
    6,
    35,
    31,
    21,
    14,
    48,
    26,
    47,
    24,
    38,
    47,
    13,
    21,
    10,
    61,
    10,
    11,
    27,
    24,
    15,
    20,
    15,
    15,
    8,
    44,
    21,
    47,
    15,
    47,
    29,
    39,
    2,
    34,
    29,
    19,
    15,
    16,
    9,
    15,
    20,
    19,
    2,
    17,
    29,
    21,
    8,
    20,
    27,
    23,
    17,
    33,
    19,
    6,
    23,
    18,
    22,
    28,
    13,
    25,
    21,
    15,
    15,
    11,
    20,
    48,
    23,
    17,
    17,
    8,
    11,
    18,
    17,
    19,
    12,
    16,
    37,
    18,
    34,
    42,
    12,
    21,
    14,
    12,
    13,
    28,
    20,
    11,
    26,
    23,
    24,
    27,
    27,
    19,
    22,
    10,
    18,
    19,
    17,
    20,
    38,
    12,
    44,
    8,
    24,
    19,
    34,
    13,
    29,
    19,
    10,
    23,
    24,
    17,
    18,
    11,
    13,
    13,
    22,
    16,
    28,
    12,
    11,
    30,
    15,
    13,
    1,
    36,
    29,
    36,
    31,
    37,
    12,
    18,
    1,
    25,
    11,
    28,
    41,
    40,
    30,
    15,
    24,
    3,
    46,
    29,
    39,
    2,
    34,
    29,
    19,
    14,
    16,
    9,
    15,
    20,
    19,
    2,
    17,
    29,
    21,
    8,
    28,
    21,
    22,
    23,
    17,
    33,
    19,
    46,
    16,
    11,
    34,
    7
  ],
  "vocabulary_size": 609
}