{
  "document_id": "1501.03185",
  "total_sentences": 114,
  "pruned_sentences": 113,
  "total_words": 2910,
  "pruned_words": 2803,
  "unique_words": 655,
  "mean_sentence_length": 24.805309734513273,
  "stdev_sentence_length": 14.228278185585994,
  "sentence_lengths": [
    1,
    54,
    24,
    12,
    11,
    17,
    29,
    17,
    59,
    12,
    10,
    11,
    14,
    12,
    35,
    15,
    31,
    31,
    28,
    21,
    24,
    27,
    27,
    27,
    20,
    45,
    13,
    47,
    15,
    11,
    19,
    26,
    22,
    16,
    47,
    29,
    30,
    31,
    25,
    27,
    24,
    10,
    43,
    27,
    27,
    26,
    22,
    3,
    14,
    13,
    13,
    8,
    17,
    16,
    31,
    5,
    20,
    10,
    20,
    14,
    13,
    56,
    18,
    15,
    32,
    9,
    32,
    30,
    19,
    21,
    37,
    35,
    26,
    25,
    52,
    24,
    10,
    66,
    20,
    32,
    25,
    25,
    26,
    80,
    19,
    27,
    9,
    18,
    45,
    13,
    14,
    18,
    71,
    17,
    25,
    40,
    35,
    15,
    20,
    37,
    30,
    13,
    13,
    40,
    14,
    52,
    27,
    31,
    26,
    25,
    13,
    31,
    2
  ],
  "vocabulary_size": 655
}