{
  "document_id": "1501.04704",
  "total_sentences": 183,
  "pruned_sentences": 182,
  "total_words": 4169,
  "pruned_words": 4070,
  "unique_words": 707,
  "mean_sentence_length": 22.36263736263736,
  "stdev_sentence_length": 14.623840735858948,
  "sentence_lengths": [
    1,
    50,
    17,
    19,
    17,
    26,
    17,
    9,
    18,
    22,
    13,
    19,
    6,
    16,
    25,
    30,
    29,
    22,
    12,
    13,
    14,
    20,
    15,
    32,
    44,
    9,
    12,
    11,
    20,
    68,
    13,
    17,
    26,
    55,
    32,
    19,
    20,
    65,
    15,
    5,
    19,
    34,
    24,
    15,
    29,
    13,
    10,
    16,
    33,
    37,
    63,
    15,
    48,
    42,
    32,
    9,
    11,
    13,
    41,
    6,
    13,
    16,
    60,
    22,
    5,
    15,
    8,
    29,
    24,
    13,
    29,
    13,
    10,
    74,
    19,
    29,
    22,
    67,
    12,
    27,
    29,
    20,
    39,
    33,
    52,
    10,
    64,
    29,
    29,
    26,
    44,
    20,
    14,
    25,
    15,
    11,
    32,
    17,
    19,
    24,
    9,
    18,
    81,
    13,
    9,
    15,
    26,
    23,
    30,
    19,
    18,
    16,
    28,
    5,
    14,
    12,
    27,
    22,
    25,
    9,
    13,
    28,
    32,
    13,
    16,
    9,
    24,
    19,
    22,
    21,
    65,
    22,
    30,
    3,
    11,
    18,
    30,
    20,
    6,
    7,
    1,
    15,
    42,
    13,
    19,
    20,
    15,
    12,
    5,
    3,
    17,
    25,
    26,
    38,
    1,
    24,
    24,
    30,
    38,
    21,
    16,
    2,
    5,
    28,
    25,
    23,
    18,
    10,
    6,
    12,
    25,
    19,
    18,
    19,
    21,
    37,
    14,
    18,
    35,
    2,
    23,
    15
  ],
  "vocabulary_size": 707
}