{
  "document_id": "1501.06440",
  "total_sentences": 192,
  "pruned_sentences": 190,
  "total_words": 4156,
  "pruned_words": 3871,
  "unique_words": 714,
  "mean_sentence_length": 20.373684210526317,
  "stdev_sentence_length": 16.44269645703089,
  "sentence_lengths": [
    1,
    91,
    38,
    26,
    42,
    33,
    16,
    11,
    41,
    22,
    42,
    43,
    15,
    20,
    26,
    48,
    20,
    11,
    25,
    15,
    38,
    16,
    14,
    16,
    14,
    20,
    29,
    35,
    23,
    16,
    29,
    28,
    29,
    19,
    23,
    27,
    35,
    79,
    10,
    39,
    28,
    22,
    18,
    17,
    37,
    32,
    17,
    13,
    14,
    16,
    28,
    18,
    39,
    22,
    24,
    29,
    25,
    12,
    11,
    39,
    11,
    15,
    17,
    9,
    14,
    7,
    7,
    46,
    43,
    16,
    100,
    3,
    11,
    25,
    40,
    17,
    17,
    6,
    22,
    44,
    14,
    16,
    10,
    14,
    13,
    16,
    5,
    11,
    15,
    2,
    21,
    2,
    28,
    12,
    2,
    16,
    2,
    12,
    2,
    14,
    7,
    18,
    18,
    19,
    11,
    14,
    10,
    14,
    12,
    10,
    14,
    13,
    10,
    19,
    30,
    18,
    16,
    27,
    32,
    15,
    9,
    17,
    41,
    56,
    94,
    21,
    3,
    10,
    46,
    23,
    17,
    43,
    4,
    49,
    24,
    36,
    14,
    2,
    22,
    6,
    3,
    18,
    22,
    22,
    19,
    14,
    11,
    4,
    27,
    20,
    23,
    28,
    25,
    9,
    4,
    25,
    4,
    4,
    37,
    6,
    2,
    52,
    5,
    41,
    4,
    2,
    2,
    10,
    32,
    4,
    29,
    2,
    4,
    4,
    4,
    26,
    2,
    4,
    4,
    30,
    56,
    19,
    4,
    32,
    2,
    4,
    4,
    5,
    2,
    8
  ],
  "vocabulary_size": 714
}