{
  "document_id": "1502.01265",
  "total_sentences": 233,
  "pruned_sentences": 231,
  "total_words": 7772,
  "pruned_words": 7310,
  "unique_words": 935,
  "mean_sentence_length": 31.645021645021647,
  "stdev_sentence_length": 23.610691367415644,
  "sentence_lengths": [
    1,
    99,
    25,
    25,
    31,
    35,
    18,
    13,
    42,
    43,
    15,
    39,
    8,
    19,
    70,
    24,
    4,
    48,
    16,
    25,
    28,
    31,
    10,
    28,
    71,
    29,
    1,
    25,
    19,
    38,
    33,
    14,
    20,
    23,
    40,
    23,
    28,
    23,
    14,
    12,
    42,
    14,
    33,
    17,
    14,
    14,
    33,
    13,
    27,
    24,
    17,
    14,
    51,
    10,
    26,
    18,
    72,
    90,
    16,
    18,
    30,
    7,
    40,
    31,
    24,
    21,
    28,
    55,
    45,
    29,
    12,
    40,
    31,
    19,
    37,
    22,
    33,
    22,
    103,
    28,
    24,
    54,
    21,
    11,
    9,
    21,
    20,
    62,
    81,
    28,
    22,
    30,
    97,
    27,
    34,
    28,
    21,
    89,
    31,
    32,
    23,
    14,
    87,
    14,
    11,
    27,
    15,
    13,
    16,
    92,
    86,
    19,
    16,
    16,
    14,
    25,
    13,
    6,
    53,
    126,
    21,
    23,
    28,
    26,
    14,
    20,
    22,
    7,
    53,
    27,
    7,
    35,
    59,
    34,
    19,
    24,
    72,
    26,
    5,
    86,
    29,
    30,
    35,
    20,
    32,
    27,
    31,
    10,
    33,
    60,
    37,
    40,
    47,
    17,
    14,
    101,
    29,
    37,
    52,
    33,
    19,
    33,
    24,
    13,
    53,
    9,
    31,
    24,
    42,
    20,
    51,
    16,
    40,
    38,
    29,
    24,
    23,
    46,
    35,
    19,
    35,
    31,
    28,
    107,
    8,
    29,
    9,
    21,
    23,
    27,
    26,
    18,
    28,
    42,
    14,
    22,
    13,
    41,
    13,
    33,
    58,
    31,
    12,
    50,
    14,
    7,
    22,
    10,
    12,
    24,
    93,
    20,
    45,
    28,
    10,
    27,
    40,
    16,
    38,
    28,
    6,
    64,
    50,
    17,
    150,
    113,
    40,
    18,
    8,
    19,
    3
  ],
  "vocabulary_size": 935
}