{
  "document_id": "1502.05375",
  "total_sentences": 218,
  "pruned_sentences": 215,
  "total_words": 4750,
  "pruned_words": 4426,
  "unique_words": 712,
  "mean_sentence_length": 20.586046511627906,
  "stdev_sentence_length": 14.530045915168058,
  "sentence_lengths": [
    1,
    33,
    63,
    12,
    8,
    18,
    19,
    4,
    7,
    16,
    17,
    23,
    21,
    45,
    18,
    41,
    13,
    38,
    31,
    12,
    4,
    36,
    32,
    25,
    22,
    21,
    42,
    11,
    26,
    31,
    4,
    25,
    19,
    10,
    18,
    21,
    2,
    41,
    2,
    33,
    21,
    13,
    14,
    2,
    7,
    28,
    27,
    22,
    20,
    38,
    7,
    21,
    40,
    10,
    28,
    48,
    14,
    21,
    11,
    20,
    12,
    22,
    13,
    26,
    21,
    16,
    25,
    8,
    21,
    16,
    34,
    24,
    11,
    16,
    16,
    11,
    28,
    28,
    35,
    13,
    16,
    42,
    30,
    36,
    12,
    3,
    12,
    14,
    10,
    9,
    34,
    21,
    28,
    19,
    26,
    22,
    66,
    31,
    14,
    38,
    15,
    7,
    26,
    6,
    25,
    14,
    7,
    27,
    23,
    48,
    26,
    12,
    11,
    24,
    21,
    17,
    23,
    24,
    27,
    13,
    19,
    12,
    12,
    3,
    17,
    12,
    23,
    53,
    15,
    16,
    9,
    9,
    11,
    9,
    36,
    14,
    13,
    4,
    7,
    13,
    31,
    7,
    12,
    14,
    11,
    60,
    12,
    13,
    10,
    17,
    20,
    21,
    3,
    19,
    24,
    12,
    81,
    1,
    17,
    12,
    23,
    23,
    21,
    17,
    11,
    22,
    9,
    21,
    29,
    6,
    79,
    57,
    13,
    29,
    25,
    23,
    60,
    17,
    10,
    17,
    21,
    43,
    23,
    6,
    8,
    7,
    2,
    7,
    7,
    6,
    17,
    30,
    19,
    6,
    10,
    5,
    17,
    12,
    45,
    36,
    24,
    28,
    51,
    13,
    23,
    3,
    11,
    16,
    22,
    7,
    11,
    24,
    6,
    3,
    89
  ],
  "vocabulary_size": 712
}