{
  "document_id": "1503.01720",
  "total_sentences": 274,
  "pruned_sentences": 270,
  "total_words": 6059,
  "pruned_words": 5678,
  "unique_words": 832,
  "mean_sentence_length": 21.02962962962963,
  "stdev_sentence_length": 13.168307532951612,
  "sentence_lengths": [
    1,
    58,
    30,
    16,
    20,
    25,
    20,
    17,
    33,
    16,
    48,
    26,
    19,
    18,
    30,
    35,
    13,
    21,
    15,
    55,
    17,
    8,
    35,
    23,
    40,
    38,
    14,
    55,
    41,
    22,
    53,
    2,
    32,
    40,
    27,
    27,
    20,
    7,
    8,
    17,
    21,
    33,
    17,
    21,
    22,
    20,
    33,
    24,
    36,
    51,
    1,
    20,
    32,
    25,
    38,
    21,
    22,
    55,
    25,
    12,
    23,
    27,
    31,
    15,
    24,
    32,
    63,
    36,
    20,
    17,
    42,
    25,
    22,
    13,
    13,
    20,
    25,
    19,
    31,
    11,
    7,
    34,
    25,
    6,
    41,
    42,
    22,
    12,
    7,
    16,
    22,
    23,
    19,
    14,
    38,
    18,
    28,
    27,
    27,
    28,
    17,
    22,
    18,
    25,
    41,
    3,
    23,
    10,
    23,
    25,
    39,
    64,
    15,
    18,
    24,
    11,
    15,
    32,
    21,
    21,
    25,
    26,
    21,
    17,
    17,
    25,
    15,
    66,
    14,
    22,
    17,
    24,
    5,
    28,
    12,
    19,
    10,
    42,
    3,
    2,
    57,
    8,
    18,
    23,
    17,
    10,
    9,
    9,
    19,
    26,
    24,
    26,
    9,
    19,
    21,
    5,
    30,
    38,
    17,
    19,
    20,
    19,
    13,
    19,
    13,
    35,
    17,
    10,
    29,
    14,
    21,
    21,
    9,
    17,
    8,
    16,
    17,
    42,
    18,
    52,
    22,
    19,
    7,
    13,
    28,
    20,
    11,
    13,
    12,
    16,
    15,
    27,
    12,
    6,
    11,
    11,
    10,
    20,
    2,
    10,
    4,
    2,
    16,
    30,
    22,
    8,
    4,
    79,
    3,
    21,
    31,
    3,
    42,
    2,
    31,
    2,
    18,
    32,
    12,
    5,
    3,
    11,
    10,
    37,
    16,
    2,
    7,
    2,
    5,
    7,
    4,
    10,
    5,
    3,
    14,
    15,
    9,
    10,
    5,
    34,
    14,
    18,
    18,
    20,
    18,
    20,
    24,
    9,
    14,
    9,
    46,
    19,
    21,
    7,
    9,
    50,
    22,
    24,
    11,
    18,
    11,
    13,
    24,
    20,
    35,
    34,
    19,
    19,
    21,
    3
  ],
  "vocabulary_size": 832
}