{
  "document_id": "1503.00215",
  "total_sentences": 87,
  "pruned_sentences": 87,
  "total_words": 2521,
  "pruned_words": 2521,
  "unique_words": 768,
  "mean_sentence_length": 28.977011494252874,
  "stdev_sentence_length": 25.329905577131115,
  "sentence_lengths": [
    1,
    16,
    78,
    35,
    30,
    34,
    25,
    76,
    16,
    9,
    41,
    48,
    6,
    62,
    21,
    16,
    92,
    22,
    31,
    30,
    98,
    7,
    24,
    27,
    49,
    22,
    61,
    12,
    19,
    48,
    70,
    72,
    15,
    56,
    100,
    103,
    27,
    21,
    9,
    15,
    3,
    35,
    30,
    7,
    12,
    2,
    25,
    8,
    5,
    34,
    2,
    5,
    73,
    2,
    5,
    27,
    33,
    26,
    87,
    8,
    5,
    38,
    26,
    23,
    3,
    46,
    15,
    3,
    20,
    23,
    29,
    2,
    2,
    40,
    21,
    3,
    27,
    2,
    9,
    32,
    28,
    30,
    22,
    14,
    54,
    30,
    1
  ],
  "vocabulary_size": 768
}