{
  "document_id": "1504.02333",
  "total_sentences": 229,
  "pruned_sentences": 228,
  "total_words": 4973,
  "pruned_words": 4874,
  "unique_words": 792,
  "mean_sentence_length": 21.37719298245614,
  "stdev_sentence_length": 15.452009179412734,
  "sentence_lengths": [
    1,
    60,
    35,
    34,
    33,
    34,
    20,
    33,
    22,
    23,
    32,
    35,
    4,
    17,
    38,
    15,
    40,
    42,
    12,
    29,
    30,
    7,
    22,
    26,
    14,
    5,
    17,
    26,
    23,
    6,
    31,
    13,
    16,
    19,
    9,
    6,
    26,
    11,
    7,
    58,
    61,
    10,
    14,
    6,
    11,
    27,
    24,
    7,
    15,
    7,
    16,
    17,
    16,
    3,
    36,
    9,
    3,
    14,
    19,
    4,
    12,
    51,
    18,
    56,
    4,
    16,
    4,
    68,
    52,
    11,
    52,
    14,
    11,
    30,
    5,
    10,
    24,
    4,
    10,
    38,
    2,
    15,
    14,
    14,
    32,
    34,
    8,
    19,
    23,
    7,
    10,
    7,
    33,
    31,
    9,
    62,
    7,
    25,
    19,
    9,
    20,
    17,
    13,
    47,
    10,
    39,
    50,
    19,
    4,
    37,
    36,
    6,
    49,
    16,
    31,
    26,
    23,
    21,
    13,
    24,
    31,
    27,
    34,
    26,
    11,
    3,
    16,
    35,
    10,
    30,
    7,
    32,
    10,
    21,
    14,
    22,
    29,
    19,
    47,
    25,
    25,
    24,
    26,
    11,
    15,
    12,
    9,
    14,
    50,
    7,
    3,
    17,
    18,
    12,
    7,
    20,
    27,
    22,
    20,
    64,
    37,
    18,
    27,
    3,
    41,
    11,
    2,
    10,
    19,
    13,
    6,
    20,
    19,
    24,
    5,
    60,
    7,
    16,
    11,
    24,
    6,
    36,
    6,
    7,
    6,
    21,
    25,
    19,
    27,
    20,
    12,
    30,
    20,
    16,
    2,
    17,
    8,
    23,
    9,
    13,
    16,
    13,
    28,
    37,
    19,
    18,
    21,
    12,
    15,
    18,
    59,
    9,
    5,
    13,
    49,
    18,
    26,
    7,
    79,
    13,
    84,
    14,
    4,
    49,
    12,
    3,
    54,
    10
  ],
  "vocabulary_size": 792
}