{
  "document_id": "1504.01117",
  "total_sentences": 311,
  "pruned_sentences": 310,
  "total_words": 5924,
  "pruned_words": 5671,
  "unique_words": 719,
  "mean_sentence_length": 18.293548387096774,
  "stdev_sentence_length": 11.976823235381199,
  "sentence_lengths": [
    1,
    39,
    14,
    17,
    41,
    35,
    24,
    51,
    28,
    28,
    25,
    36,
    15,
    45,
    19,
    23,
    43,
    30,
    42,
    28,
    10,
    12,
    14,
    23,
    48,
    16,
    18,
    29,
    36,
    39,
    12,
    29,
    40,
    12,
    50,
    26,
    14,
    19,
    20,
    30,
    21,
    10,
    33,
    27,
    43,
    12,
    21,
    44,
    27,
    14,
    18,
    16,
    34,
    40,
    9,
    22,
    43,
    24,
    17,
    13,
    22,
    17,
    12,
    8,
    24,
    13,
    26,
    10,
    10,
    20,
    33,
    1,
    7,
    24,
    7,
    17,
    25,
    7,
    24,
    9,
    13,
    22,
    26,
    30,
    34,
    10,
    39,
    11,
    4,
    7,
    25,
    11,
    18,
    9,
    12,
    23,
    5,
    35,
    13,
    10,
    26,
    47,
    15,
    7,
    27,
    16,
    33,
    12,
    53,
    32,
    9,
    20,
    28,
    21,
    14,
    12,
    47,
    24,
    27,
    28,
    23,
    24,
    17,
    35,
    8,
    22,
    32,
    26,
    17,
    51,
    14,
    24,
    36,
    37,
    36,
    21,
    14,
    13,
    40,
    16,
    36,
    10,
    8,
    9,
    15,
    4,
    15,
    12,
    4,
    13,
    28,
    18,
    7,
    9,
    6,
    11,
    3,
    22,
    5,
    12,
    21,
    13,
    37,
    15,
    21,
    13,
    1,
    10,
    2,
    3,
    3,
    17,
    2,
    26,
    47,
    12,
    25,
    14,
    18,
    16,
    20,
    8,
    11,
    4,
    20,
    22,
    15,
    18,
    19,
    32,
    6,
    10,
    23,
    8,
    19,
    6,
    30,
    24,
    4,
    10,
    13,
    20,
    36,
    13,
    8,
    4,
    21,
    6,
    5,
    10,
    17,
    3,
    19,
    11,
    6,
    7,
    10,
    23,
    17,
    19,
    5,
    16,
    8,
    6,
    9,
    12,
    5,
    21,
    11,
    22,
    17,
    31,
    25,
    14,
    27,
    52,
    42,
    29,
    24,
    32,
    25,
    25,
    38,
    9,
    11,
    13,
    21,
    8,
    7,
    15,
    23,
    18,
    9,
    28,
    18,
    12,
    2,
    4,
    2,
    10,
    3,
    4,
    10,
    3,
    12,
    6,
    7,
    31,
    12,
    18,
    5,
    14,
    8,
    18,
    43,
    3,
    9,
    9,
    10,
    2,
    5,
    9,
    18,
    17,
    8,
    9,
    34,
    2,
    6,
    7,
    3,
    3,
    4,
    2,
    4,
    5,
    13,
    5,
    15,
    2,
    7,
    8,
    30,
    18,
    10,
    32,
    45,
    20,
    10,
    1
  ],
  "vocabulary_size": 719
}