{
  "document_id": "1504.00874",
  "total_sentences": 129,
  "pruned_sentences": 129,
  "total_words": 3895,
  "pruned_words": 3895,
  "unique_words": 666,
  "mean_sentence_length": 30.1937984496124,
  "stdev_sentence_length": 23.055326634864883,
  "sentence_lengths": [
    1,
    62,
    4,
    101,
    16,
    34,
    68,
    15,
    29,
    31,
    34,
    37,
    30,
    30,
    33,
    43,
    28,
    70,
    15,
    42,
    34,
    35,
    28,
    20,
    91,
    24,
    14,
    20,
    33,
    35,
    74,
    17,
    116,
    11,
    26,
    75,
    6,
    39,
    16,
    23,
    19,
    41,
    38,
    18,
    31,
    14,
    7,
    10,
    16,
    41,
    27,
    56,
    21,
    19,
    18,
    14,
    6,
    48,
    33,
    7,
    75,
    14,
    15,
    33,
    25,
    30,
    24,
    13,
    20,
    99,
    15,
    7,
    52,
    13,
    22,
    94,
    93,
    33,
    26,
    4,
    20,
    7,
    37,
    7,
    39,
    22,
    51,
    69,
    15,
    12,
    15,
    13,
    22,
    10,
    30,
    9,
    31,
    37,
    43,
    15,
    13,
    12,
    7,
    16,
    20,
    38,
    14,
    12,
    10,
    16,
    8,
    24,
    31,
    37,
    19,
    88,
    33,
    22,
    47,
    42,
    32,
    22,
    40,
    20,
    31,
    68,
    1,
    14,
    3
  ],
  "vocabulary_size": 666
}