{
  "document_id": "1505.06765",
  "total_sentences": 263,
  "pruned_sentences": 260,
  "total_words": 7036,
  "pruned_words": 5705,
  "unique_words": 903,
  "mean_sentence_length": 21.942307692307693,
  "stdev_sentence_length": 15.716864342795123,
  "sentence_lengths": [
    1,
    74,
    16,
    19,
    8,
    16,
    40,
    43,
    2,
    19,
    24,
    9,
    14,
    28,
    20,
    10,
    15,
    20,
    32,
    10,
    3,
    12,
    12,
    15,
    6,
    26,
    6,
    27,
    37,
    13,
    27,
    26,
    46,
    4,
    25,
    4,
    22,
    20,
    14,
    36,
    5,
    5,
    15,
    23,
    34,
    3,
    30,
    20,
    26,
    27,
    4,
    30,
    19,
    33,
    31,
    20,
    17,
    17,
    36,
    22,
    44,
    27,
    2,
    30,
    9,
    5,
    34,
    22,
    8,
    15,
    16,
    29,
    9,
    41,
    15,
    8,
    10,
    17,
    24,
    21,
    13,
    16,
    12,
    23,
    11,
    23,
    32,
    20,
    11,
    26,
    11,
    15,
    9,
    29,
    33,
    23,
    24,
    10,
    7,
    11,
    25,
    18,
    25,
    23,
    31,
    15,
    15,
    28,
    22,
    16,
    7,
    20,
    37,
    23,
    13,
    31,
    6,
    23,
    32,
    16,
    25,
    20,
    10,
    6,
    12,
    27,
    45,
    9,
    36,
    84,
    10,
    28,
    28,
    35,
    30,
    21,
    37,
    48,
    29,
    15,
    10,
    4,
    35,
    18,
    60,
    2,
    50,
    16,
    33,
    30,
    5,
    16,
    7,
    17,
    29,
    50,
    25,
    20,
    15,
    21,
    23,
    10,
    5,
    16,
    7,
    8,
    24,
    30,
    10,
    10,
    16,
    7,
    21,
    24,
    25,
    23,
    38,
    33,
    25,
    27,
    14,
    13,
    26,
    29,
    28,
    6,
    46,
    7,
    26,
    7,
    20,
    41,
    15,
    28,
    5,
    35,
    16,
    12,
    45,
    3,
    11,
    15,
    29,
    32,
    26,
    10,
    24,
    60,
    20,
    23,
    2,
    22,
    6,
    5,
    9,
    6,
    7,
    6,
    20,
    10,
    11,
    17,
    25,
    17,
    33,
    14,
    33,
    21,
    28,
    61,
    6,
    11,
    51,
    23,
    29,
    43,
    50,
    3,
    23,
    25,
    51,
    68,
    15,
    17,
    22,
    37,
    14,
    15,
    21,
    11,
    15,
    21,
    9,
    123,
    33,
    14,
    22,
    107,
    11,
    1
  ],
  "vocabulary_size": 903
}