{
  "document_id": "1506.04216",
  "total_sentences": 366,
  "pruned_sentences": 365,
  "total_words": 10646,
  "pruned_words": 9992,
  "unique_words": 761,
  "mean_sentence_length": 27.375342465753423,
  "stdev_sentence_length": 17.227117174961908,
  "sentence_lengths": [
    1,
    55,
    24,
    50,
    46,
    62,
    9,
    32,
    18,
    12,
    22,
    18,
    18,
    24,
    42,
    59,
    48,
    32,
    14,
    12,
    71,
    39,
    16,
    44,
    25,
    21,
    14,
    39,
    67,
    52,
    36,
    32,
    18,
    16,
    30,
    21,
    46,
    42,
    10,
    25,
    30,
    26,
    10,
    1,
    22,
    31,
    12,
    12,
    30,
    36,
    24,
    20,
    43,
    8,
    43,
    59,
    22,
    40,
    1,
    43,
    27,
    28,
    30,
    26,
    41,
    22,
    19,
    18,
    25,
    28,
    9,
    13,
    15,
    12,
    29,
    19,
    22,
    17,
    21,
    30,
    9,
    29,
    22,
    15,
    17,
    27,
    19,
    14,
    41,
    27,
    49,
    13,
    33,
    48,
    30,
    45,
    22,
    7,
    23,
    10,
    14,
    22,
    27,
    26,
    31,
    3,
    53,
    23,
    16,
    18,
    24,
    21,
    14,
    16,
    26,
    54,
    15,
    15,
    22,
    35,
    42,
    23,
    11,
    12,
    61,
    30,
    24,
    10,
    10,
    1,
    7,
    33,
    23,
    29,
    22,
    21,
    45,
    35,
    76,
    14,
    55,
    29,
    31,
    18,
    25,
    16,
    25,
    25,
    31,
    27,
    13,
    28,
    32,
    23,
    20,
    13,
    37,
    13,
    23,
    16,
    25,
    36,
    35,
    17,
    23,
    46,
    27,
    23,
    33,
    22,
    25,
    12,
    11,
    12,
    14,
    18,
    16,
    16,
    21,
    1,
    38,
    22,
    24,
    22,
    23,
    16,
    33,
    1,
    19,
    15,
    12,
    13,
    14,
    25,
    40,
    54,
    37,
    45,
    17,
    14,
    46,
    16,
    16,
    20,
    31,
    32,
    15,
    13,
    32,
    13,
    18,
    2,
    24,
    23,
    5,
    12,
    20,
    26,
    14,
    37,
    36,
    34,
    20,
    32,
    22,
    8,
    13,
    9,
    11,
    7,
    16,
    25,
    1,
    24,
    17,
    18,
    34,
    1,
    26,
    14,
    56,
    28,
    55,
    28,
    18,
    24,
    35,
    14,
    35,
    34,
    50,
    24,
    18,
    48,
    20,
    33,
    7,
    12,
    14,
    17,
    16,
    42,
    22,
    66,
    62,
    48,
    23,
    14,
    27,
    21,
    47,
    20,
    12,
    27,
    18,
    42,
    15,
    25,
    13,
    17,
    22,
    33,
    35,
    19,
    31,
    53,
    61,
    1,
    97,
    19,
    26,
    31,
    15,
    26,
    15,
    22,
    26,
    13,
    25,
    3,
    57,
    16,
    19,
    32,
    38,
    11,
    94,
    22,
    73,
    16,
    34,
    57,
    109,
    18,
    70,
    41,
    24,
    55,
    12,
    21,
    17,
    31,
    52,
    45,
    34,
    27,
    52,
    50,
    28,
    21,
    27,
    6,
    77,
    28,
    87,
    1,
    24,
    41,
    16,
    40,
    25,
    62,
    21,
    43,
    53,
    15,
    80,
    18,
    20,
    97,
    43,
    19,
    53,
    24,
    17,
    25,
    19,
    10,
    45,
    3,
    15,
    10,
    24,
    61,
    17
  ],
  "vocabulary_size": 761
}