{
  "document_id": "1506.04255",
  "total_sentences": 258,
  "pruned_sentences": 256,
  "total_words": 6605,
  "pruned_words": 6261,
  "unique_words": 978,
  "mean_sentence_length": 24.45703125,
  "stdev_sentence_length": 15.79271702880669,
  "sentence_lengths": [
    1,
    20,
    27,
    23,
    25,
    35,
    17,
    36,
    54,
    20,
    42,
    26,
    9,
    34,
    11,
    12,
    31,
    55,
    70,
    39,
    16,
    37,
    34,
    30,
    32,
    34,
    47,
    21,
    13,
    32,
    22,
    17,
    18,
    30,
    24,
    25,
    26,
    24,
    16,
    19,
    23,
    29,
    32,
    15,
    16,
    60,
    30,
    28,
    47,
    32,
    18,
    10,
    18,
    44,
    44,
    38,
    31,
    60,
    39,
    54,
    15,
    25,
    13,
    11,
    11,
    45,
    49,
    46,
    9,
    24,
    14,
    60,
    5,
    44,
    8,
    13,
    26,
    21,
    29,
    38,
    24,
    8,
    24,
    28,
    14,
    9,
    43,
    100,
    21,
    45,
    52,
    31,
    74,
    6,
    21,
    2,
    16,
    26,
    24,
    25,
    32,
    23,
    10,
    42,
    13,
    5,
    28,
    36,
    23,
    10,
    11,
    15,
    15,
    34,
    3,
    21,
    15,
    95,
    17,
    29,
    15,
    11,
    8,
    18,
    28,
    15,
    22,
    5,
    9,
    34,
    50,
    10,
    7,
    63,
    19,
    11,
    15,
    9,
    19,
    25,
    26,
    1,
    8,
    16,
    22,
    14,
    12,
    55,
    38,
    33,
    21,
    31,
    15,
    20,
    46,
    15,
    24,
    8,
    10,
    15,
    24,
    13,
    21,
    21,
    30,
    24,
    18,
    49,
    15,
    13,
    15,
    26,
    18,
    28,
    14,
    27,
    13,
    29,
    22,
    32,
    22,
    17,
    22,
    29,
    29,
    50,
    14,
    13,
    7,
    26,
    12,
    12,
    9,
    22,
    39,
    17,
    25,
    18,
    20,
    16,
    17,
    8,
    35,
    10,
    29,
    30,
    35,
    34,
    27,
    27,
    65,
    28,
    28,
    20,
    21,
    56,
    14,
    71,
    12,
    10,
    23,
    20,
    24,
    14,
    8,
    8,
    64,
    18,
    17,
    17,
    8,
    14,
    13,
    12,
    20,
    32,
    14,
    14,
    7,
    15,
    28,
    5,
    2,
    5,
    10,
    11,
    13,
    58,
    11,
    39,
    8,
    29,
    30,
    23,
    5,
    3
  ],
  "vocabulary_size": 978
}