{
  "document_id": "1507.08334",
  "total_sentences": 193,
  "pruned_sentences": 190,
  "total_words": 4410,
  "pruned_words": 4142,
  "unique_words": 709,
  "mean_sentence_length": 21.8,
  "stdev_sentence_length": 13.455472323546857,
  "sentence_lengths": [
    1,
    2,
    5,
    28,
    23,
    35,
    19,
    20,
    37,
    24,
    19,
    41,
    36,
    18,
    20,
    46,
    27,
    29,
    51,
    25,
    24,
    31,
    22,
    40,
    12,
    16,
    30,
    38,
    20,
    80,
    41,
    8,
    16,
    10,
    21,
    19,
    13,
    15,
    11,
    44,
    17,
    26,
    7,
    2,
    16,
    23,
    51,
    8,
    17,
    20,
    46,
    2,
    9,
    21,
    11,
    21,
    37,
    41,
    19,
    9,
    19,
    13,
    22,
    39,
    30,
    28,
    32,
    32,
    33,
    2,
    12,
    14,
    49,
    20,
    16,
    10,
    50,
    63,
    10,
    11,
    2,
    30,
    55,
    34,
    42,
    18,
    14,
    37,
    28,
    33,
    24,
    22,
    23,
    33,
    21,
    30,
    23,
    2,
    36,
    16,
    7,
    26,
    19,
    16,
    48,
    17,
    25,
    16,
    7,
    22,
    7,
    10,
    18,
    12,
    65,
    14,
    53,
    24,
    29,
    5,
    34,
    19,
    45,
    7,
    3,
    20,
    34,
    32,
    19,
    24,
    13,
    4,
    37,
    22,
    14,
    25,
    13,
    26,
    11,
    10,
    11,
    14,
    15,
    31,
    33,
    28,
    30,
    31,
    19,
    33,
    19,
    23,
    22,
    18,
    21,
    13,
    6,
    10,
    15,
    7,
    16,
    8,
    16,
    14,
    47,
    16,
    19,
    10,
    15,
    5,
    17,
    6,
    13,
    8,
    21,
    25,
    13,
    6,
    12,
    17,
    15,
    15,
    20,
    18,
    22,
    9,
    20,
    13,
    5,
    2
  ],
  "vocabulary_size": 709
}