{
  "document_id": "1507.04657",
  "total_sentences": 305,
  "pruned_sentences": 303,
  "total_words": 6722,
  "pruned_words": 6557,
  "unique_words": 964,
  "mean_sentence_length": 21.64026402640264,
  "stdev_sentence_length": 12.694289895718834,
  "sentence_lengths": [
    1,
    41,
    18,
    9,
    75,
    23,
    46,
    32,
    13,
    14,
    22,
    12,
    18,
    18,
    28,
    28,
    32,
    39,
    28,
    43,
    44,
    19,
    34,
    16,
    15,
    15,
    23,
    19,
    34,
    61,
    18,
    16,
    22,
    25,
    35,
    35,
    48,
    28,
    26,
    19,
    11,
    18,
    18,
    17,
    8,
    37,
    11,
    25,
    15,
    21,
    22,
    22,
    20,
    31,
    12,
    26,
    43,
    16,
    24,
    39,
    18,
    39,
    8,
    14,
    25,
    18,
    29,
    25,
    43,
    20,
    41,
    22,
    18,
    26,
    31,
    32,
    15,
    24,
    4,
    21,
    13,
    26,
    4,
    12,
    18,
    17,
    16,
    16,
    21,
    30,
    15,
    4,
    20,
    4,
    8,
    4,
    16,
    17,
    4,
    13,
    18,
    16,
    4,
    15,
    21,
    29,
    29,
    50,
    7,
    8,
    18,
    8,
    16,
    13,
    9,
    55,
    20,
    19,
    9,
    49,
    23,
    23,
    10,
    17,
    24,
    25,
    28,
    39,
    37,
    45,
    17,
    18,
    28,
    24,
    22,
    18,
    18,
    30,
    18,
    29,
    9,
    24,
    63,
    15,
    32,
    58,
    13,
    16,
    14,
    7,
    24,
    15,
    7,
    17,
    8,
    19,
    46,
    21,
    17,
    32,
    21,
    13,
    10,
    14,
    46,
    6,
    8,
    12,
    32,
    34,
    23,
    10,
    10,
    14,
    19,
    20,
    15,
    5,
    28,
    36,
    21,
    9,
    19,
    11,
    20,
    15,
    7,
    13,
    14,
    9,
    26,
    28,
    35,
    24,
    20,
    13,
    27,
    28,
    17,
    18,
    26,
    27,
    31,
    27,
    27,
    21,
    45,
    45,
    22,
    14,
    39,
    51,
    29,
    45,
    23,
    38,
    28,
    8,
    34,
    32,
    18,
    12,
    16,
    13,
    13,
    13,
    13,
    27,
    10,
    27,
    26,
    10,
    11,
    12,
    7,
    25,
    30,
    6,
    11,
    33,
    26,
    10,
    19,
    15,
    2,
    11,
    19,
    9,
    15,
    39,
    9,
    7,
    11,
    2,
    34,
    26,
    2,
    12,
    10,
    15,
    23,
    67,
    12,
    14,
    27,
    5,
    4,
    36,
    11,
    19,
    14,
    16,
    39,
    27,
    18,
    28,
    11,
    10,
    23,
    12,
    8,
    26,
    28,
    22,
    69,
    7,
    8,
    13,
    11,
    1,
    30,
    22,
    64,
    11,
    29,
    21,
    26,
    22,
    24,
    12,
    30,
    25,
    2
  ],
  "vocabulary_size": 964
}