{
  "document_id": "1508.00634",
  "total_sentences": 152,
  "pruned_sentences": 151,
  "total_words": 2906,
  "pruned_words": 2838,
  "unique_words": 403,
  "mean_sentence_length": 18.794701986754966,
  "stdev_sentence_length": 11.315663410096468,
  "sentence_lengths": [
    1,
    31,
    22,
    37,
    13,
    20,
    24,
    19,
    44,
    26,
    32,
    22,
    19,
    47,
    51,
    34,
    8,
    9,
    16,
    19,
    15,
    9,
    4,
    10,
    56,
    25,
    10,
    9,
    10,
    9,
    20,
    8,
    9,
    14,
    7,
    9,
    42,
    33,
    28,
    24,
    13,
    6,
    52,
    13,
    28,
    12,
    13,
    16,
    6,
    17,
    18,
    12,
    11,
    11,
    16,
    16,
    16,
    20,
    50,
    23,
    10,
    20,
    36,
    22,
    26,
    7,
    4,
    11,
    15,
    24,
    20,
    8,
    33,
    19,
    18,
    6,
    7,
    39,
    17,
    22,
    7,
    27,
    8,
    27,
    36,
    37,
    35,
    27,
    27,
    15,
    17,
    26,
    11,
    22,
    15,
    10,
    13,
    11,
    26,
    52,
    23,
    19,
    15,
    20,
    18,
    9,
    18,
    11,
    30,
    14,
    36,
    20,
    9,
    6,
    11,
    18,
    15,
    8,
    5,
    9,
    27,
    16,
    4,
    16,
    11,
    21,
    13,
    13,
    14,
    18,
    19,
    9,
    5,
    12,
    12,
    17,
    23,
    10,
    16,
    39,
    16,
    15,
    45,
    13,
    17,
    24,
    18,
    8,
    9,
    14,
    3
  ],
  "vocabulary_size": 403
}