{
  "document_id": "1508.02374",
  "total_sentences": 285,
  "pruned_sentences": 284,
  "total_words": 7890,
  "pruned_words": 7758,
  "unique_words": 912,
  "mean_sentence_length": 27.316901408450704,
  "stdev_sentence_length": 17.129673680491972,
  "sentence_lengths": [
    1,
    60,
    43,
    13,
    32,
    16,
    8,
    28,
    61,
    53,
    32,
    25,
    3,
    36,
    37,
    38,
    17,
    11,
    8,
    12,
    12,
    17,
    16,
    25,
    27,
    35,
    20,
    51,
    7,
    32,
    2,
    11,
    9,
    15,
    10,
    15,
    12,
    8,
    2,
    12,
    40,
    10,
    26,
    11,
    21,
    9,
    12,
    33,
    32,
    8,
    28,
    6,
    25,
    23,
    27,
    19,
    10,
    50,
    13,
    19,
    83,
    20,
    14,
    27,
    29,
    30,
    24,
    27,
    15,
    15,
    11,
    8,
    25,
    8,
    22,
    23,
    20,
    44,
    33,
    11,
    9,
    51,
    12,
    30,
    25,
    20,
    32,
    49,
    20,
    23,
    26,
    32,
    29,
    38,
    52,
    6,
    53,
    22,
    36,
    26,
    29,
    29,
    26,
    43,
    17,
    18,
    30,
    30,
    27,
    21,
    22,
    10,
    15,
    19,
    24,
    16,
    34,
    15,
    22,
    21,
    72,
    98,
    43,
    8,
    14,
    13,
    11,
    26,
    34,
    27,
    28,
    30,
    25,
    36,
    24,
    45,
    13,
    31,
    29,
    29,
    24,
    28,
    28,
    14,
    48,
    70,
    55,
    14,
    65,
    13,
    22,
    18,
    17,
    44,
    20,
    83,
    20,
    5,
    22,
    35,
    16,
    32,
    36,
    41,
    31,
    33,
    11,
    29,
    13,
    34,
    50,
    42,
    30,
    9,
    53,
    31,
    52,
    21,
    19,
    26,
    29,
    68,
    48,
    27,
    13,
    34,
    71,
    9,
    41,
    13,
    31,
    53,
    34,
    17,
    28,
    17,
    19,
    24,
    14,
    26,
    9,
    28,
    26,
    22,
    11,
    8,
    82,
    47,
    31,
    48,
    19,
    6,
    24,
    26,
    44,
    25,
    65,
    11,
    31,
    20,
    23,
    13,
    23,
    27,
    52,
    93,
    38,
    45,
    60,
    28,
    15,
    42,
    4,
    63,
    23,
    17,
    13,
    12,
    26,
    37,
    26,
    33,
    20,
    6,
    21,
    14,
    13,
    65,
    17,
    41,
    12,
    43,
    25,
    6,
    21,
    13,
    37,
    28,
    12,
    54,
    26,
    2,
    31,
    3,
    8,
    19,
    50,
    10,
    15,
    49,
    37,
    38,
    38,
    25,
    29,
    22,
    26,
    21,
    18,
    36,
    82,
    56,
    22,
    3
  ],
  "vocabulary_size": 912
}