{
  "document_id": "1509.03381",
  "total_sentences": 158,
  "pruned_sentences": 157,
  "total_words": 3654,
  "pruned_words": 3561,
  "unique_words": 659,
  "mean_sentence_length": 22.681528662420384,
  "stdev_sentence_length": 14.483871762686773,
  "sentence_lengths": [
    1,
    15,
    26,
    18,
    25,
    41,
    35,
    35,
    17,
    4,
    15,
    37,
    25,
    38,
    24,
    31,
    18,
    38,
    26,
    50,
    40,
    33,
    25,
    10,
    9,
    18,
    14,
    7,
    1,
    34,
    30,
    14,
    15,
    18,
    29,
    13,
    24,
    17,
    16,
    23,
    29,
    35,
    11,
    16,
    24,
    50,
    27,
    13,
    16,
    85,
    21,
    10,
    22,
    23,
    26,
    81,
    1,
    14,
    81,
    31,
    26,
    52,
    22,
    12,
    14,
    34,
    18,
    17,
    25,
    12,
    12,
    21,
    3,
    56,
    9,
    25,
    9,
    21,
    9,
    23,
    16,
    28,
    17,
    11,
    19,
    28,
    15,
    32,
    13,
    41,
    13,
    19,
    37,
    39,
    10,
    20,
    18,
    11,
    16,
    11,
    7,
    28,
    25,
    29,
    34,
    7,
    68,
    11,
    14,
    25,
    16,
    37,
    17,
    27,
    11,
    23,
    25,
    43,
    8,
    8,
    15,
    26,
    35,
    19,
    30,
    17,
    6,
    10,
    19,
    5,
    12,
    39,
    53,
    13,
    7,
    33,
    29,
    7,
    25,
    22,
    12,
    27,
    33,
    25,
    32,
    11,
    10,
    24,
    28,
    21,
    2,
    18,
    29,
    17,
    2,
    11,
    15
  ],
  "vocabulary_size": 659
}