{
  "document_id": "1510.00983",
  "total_sentences": 221,
  "pruned_sentences": 218,
  "total_words": 6163,
  "pruned_words": 5482,
  "unique_words": 873,
  "mean_sentence_length": 25.146788990825687,
  "stdev_sentence_length": 14.604036868883629,
  "sentence_lengths": [
    1,
    12,
    25,
    36,
    23,
    44,
    28,
    15,
    18,
    12,
    18,
    33,
    24,
    22,
    54,
    29,
    19,
    42,
    8,
    22,
    43,
    23,
    12,
    29,
    40,
    12,
    19,
    14,
    13,
    38,
    17,
    41,
    28,
    7,
    23,
    12,
    37,
    29,
    20,
    28,
    9,
    42,
    17,
    38,
    18,
    19,
    51,
    42,
    15,
    31,
    22,
    24,
    27,
    36,
    8,
    8,
    54,
    27,
    20,
    23,
    20,
    31,
    18,
    31,
    17,
    36,
    21,
    25,
    11,
    30,
    20,
    23,
    15,
    27,
    39,
    42,
    27,
    8,
    28,
    4,
    22,
    14,
    39,
    23,
    27,
    26,
    34,
    41,
    11,
    32,
    16,
    19,
    36,
    10,
    27,
    41,
    9,
    10,
    39,
    22,
    16,
    22,
    17,
    45,
    28,
    19,
    51,
    10,
    36,
    21,
    26,
    42,
    11,
    15,
    26,
    8,
    63,
    14,
    44,
    13,
    13,
    22,
    12,
    13,
    15,
    40,
    30,
    17,
    12,
    12,
    18,
    23,
    9,
    32,
    16,
    5,
    41,
    29,
    26,
    12,
    11,
    11,
    22,
    39,
    21,
    37,
    12,
    33,
    13,
    38,
    12,
    42,
    12,
    24,
    11,
    13,
    18,
    37,
    36,
    30,
    19,
    25,
    11,
    21,
    86,
    52,
    9,
    12,
    50,
    40,
    14,
    80,
    12,
    10,
    14,
    23,
    113,
    24,
    17,
    28,
    72,
    40,
    23,
    20,
    22,
    27,
    24,
    19,
    13,
    26,
    12,
    18,
    18,
    17,
    39,
    11,
    16,
    18,
    30,
    34,
    37,
    16,
    35,
    25,
    43,
    25,
    10,
    21,
    24,
    44,
    32,
    29,
    31,
    28,
    18,
    12,
    24,
    1
  ],
  "vocabulary_size": 873
}