{
  "document_id": "1510.08229",
  "total_sentences": 411,
  "pruned_sentences": 409,
  "total_words": 12962,
  "pruned_words": 12576,
  "unique_words": 1637,
  "mean_sentence_length": 30.748166259168705,
  "stdev_sentence_length": 19.103116797634225,
  "sentence_lengths": [
    1,
    14,
    3,
    3,
    11,
    24,
    40,
    21,
    30,
    47,
    6,
    27,
    89,
    27,
    24,
    31,
    24,
    42,
    38,
    30,
    28,
    48,
    47,
    9,
    54,
    49,
    37,
    59,
    34,
    22,
    24,
    20,
    30,
    26,
    18,
    51,
    30,
    19,
    24,
    21,
    18,
    48,
    18,
    33,
    49,
    41,
    23,
    28,
    50,
    50,
    59,
    15,
    37,
    33,
    91,
    24,
    29,
    16,
    45,
    86,
    26,
    34,
    26,
    27,
    9,
    33,
    38,
    48,
    45,
    21,
    52,
    80,
    45,
    35,
    80,
    15,
    32,
    37,
    34,
    33,
    28,
    87,
    96,
    39,
    38,
    7,
    14,
    52,
    18,
    65,
    38,
    99,
    20,
    36,
    32,
    102,
    38,
    54,
    40,
    24,
    19,
    50,
    16,
    28,
    55,
    53,
    81,
    45,
    13,
    8,
    41,
    24,
    5,
    28,
    52,
    37,
    10,
    72,
    74,
    49,
    66,
    20,
    26,
    15,
    17,
    14,
    26,
    8,
    37,
    28,
    49,
    47,
    25,
    36,
    7,
    14,
    25,
    22,
    1,
    53,
    28,
    19,
    39,
    12,
    22,
    53,
    47,
    20,
    46,
    24,
    40,
    43,
    28,
    27,
    26,
    44,
    27,
    60,
    50,
    26,
    40,
    7,
    19,
    31,
    14,
    12,
    18,
    9,
    11,
    20,
    43,
    28,
    5,
    35,
    19,
    27,
    55,
    27,
    20,
    32,
    74,
    100,
    44,
    61,
    32,
    32,
    11,
    15,
    53,
    55,
    4,
    19,
    47,
    10,
    20,
    60,
    30,
    48,
    50,
    25,
    30,
    15,
    30,
    69,
    30,
    87,
    6,
    19,
    26,
    31,
    12,
    36,
    29,
    20,
    13,
    10,
    31,
    21,
    10,
    16,
    31,
    2,
    19,
    41,
    30,
    17,
    45,
    29,
    43,
    36,
    20,
    48,
    25,
    36,
    23,
    46,
    34,
    26,
    32,
    32,
    44,
    43,
    63,
    36,
    42,
    18,
    14,
    27,
    28,
    40,
    18,
    32,
    6,
    28,
    22,
    49,
    36,
    24,
    9,
    10,
    12,
    20,
    25,
    29,
    20,
    18,
    21,
    15,
    31,
    22,
    16,
    33,
    9,
    49,
    25,
    40,
    16,
    2,
    13,
    8,
    39,
    22,
    45,
    20,
    40,
    26,
    28,
    28,
    30,
    12,
    9,
    6,
    9,
    2,
    16,
    13,
    27,
    29,
    10,
    21,
    10,
    37,
    39,
    23,
    16,
    31,
    36,
    29,
    16,
    22,
    19,
    25,
    24,
    14,
    7,
    39,
    10,
    39,
    25,
    11,
    7,
    23,
    26,
    30,
    18,
    25,
    23,
    30,
    14,
    20,
    19,
    14,
    7,
    24,
    14,
    44,
    20,
    37,
    22,
    11,
    39,
    11,
    37,
    11,
    40,
    11,
    59,
    11,
    48,
    19,
    24,
    70,
    11,
    67,
    11,
    58,
    17,
    8,
    7,
    30,
    11,
    37,
    45,
    34,
    32,
    7,
    18,
    55,
    11,
    43,
    62,
    28,
    66,
    8,
    7,
    18,
    63,
    11,
    36,
    11,
    32,
    11,
    68,
    11,
    38,
    11,
    36,
    11,
    11,
    40,
    11,
    37,
    40,
    11,
    76,
    41,
    49,
    73,
    46,
    12,
    99,
    34,
    42,
    38,
    11,
    33,
    11,
    52,
    7
  ],
  "vocabulary_size": 1637
}