{
  "document_id": "1512.06618",
  "total_sentences": 255,
  "pruned_sentences": 253,
  "total_words": 7356,
  "pruned_words": 7090,
  "unique_words": 1031,
  "mean_sentence_length": 28.023715415019762,
  "stdev_sentence_length": 17.496241966957047,
  "sentence_lengths": [
    1,
    73,
    63,
    31,
    25,
    27,
    21,
    28,
    34,
    38,
    19,
    39,
    39,
    80,
    29,
    80,
    38,
    36,
    25,
    40,
    13,
    6,
    30,
    4,
    32,
    32,
    10,
    39,
    44,
    49,
    78,
    10,
    41,
    62,
    9,
    48,
    21,
    43,
    16,
    27,
    16,
    39,
    39,
    13,
    57,
    7,
    14,
    12,
    7,
    5,
    28,
    4,
    10,
    44,
    10,
    39,
    41,
    15,
    23,
    42,
    16,
    22,
    19,
    64,
    27,
    17,
    28,
    39,
    12,
    13,
    21,
    10,
    16,
    14,
    27,
    25,
    29,
    37,
    21,
    70,
    26,
    53,
    22,
    12,
    27,
    14,
    29,
    36,
    5,
    39,
    18,
    9,
    20,
    20,
    46,
    14,
    35,
    14,
    36,
    27,
    24,
    20,
    17,
    40,
    40,
    9,
    32,
    19,
    22,
    33,
    15,
    5,
    8,
    6,
    10,
    10,
    51,
    31,
    5,
    8,
    5,
    39,
    42,
    47,
    16,
    32,
    52,
    39,
    36,
    29,
    32,
    9,
    9,
    44,
    18,
    14,
    29,
    48,
    41,
    48,
    2,
    16,
    46,
    50,
    30,
    82,
    10,
    24,
    17,
    43,
    79,
    44,
    9,
    15,
    46,
    49,
    24,
    12,
    55,
    21,
    43,
    15,
    49,
    31,
    27,
    17,
    59,
    56,
    33,
    48,
    29,
    36,
    33,
    25,
    28,
    29,
    16,
    23,
    23,
    7,
    54,
    43,
    20,
    67,
    73,
    48,
    53,
    32,
    24,
    29,
    26,
    34,
    46,
    21,
    41,
    30,
    8,
    16,
    3,
    6,
    16,
    11,
    7,
    10,
    17,
    20,
    6,
    13,
    27,
    16,
    22,
    6,
    52,
    35,
    42,
    8,
    14,
    17,
    35,
    48,
    8,
    20,
    28,
    50,
    10,
    20,
    37,
    37,
    11,
    8,
    12,
    21,
    29,
    24,
    21,
    21,
    45,
    5,
    3,
    67,
    14,
    72,
    13,
    31,
    18,
    35,
    11,
    13,
    24,
    36,
    21,
    19,
    1
  ],
  "vocabulary_size": 1031
}