{
  "document_id": "1601.04891",
  "total_sentences": 235,
  "pruned_sentences": 234,
  "total_words": 5345,
  "pruned_words": 5151,
  "unique_words": 1089,
  "mean_sentence_length": 22.012820512820515,
  "stdev_sentence_length": 15.228863708912815,
  "sentence_lengths": [
    1,
    26,
    26,
    24,
    26,
    10,
    14,
    44,
    15,
    24,
    47,
    37,
    24,
    17,
    16,
    42,
    12,
    32,
    13,
    20,
    20,
    13,
    20,
    32,
    8,
    21,
    25,
    22,
    12,
    14,
    46,
    15,
    21,
    7,
    17,
    20,
    14,
    16,
    19,
    9,
    47,
    22,
    19,
    17,
    20,
    19,
    29,
    37,
    8,
    13,
    35,
    18,
    21,
    16,
    15,
    27,
    27,
    20,
    10,
    14,
    17,
    46,
    30,
    47,
    14,
    45,
    53,
    19,
    8,
    32,
    17,
    11,
    15,
    9,
    29,
    28,
    28,
    20,
    42,
    34,
    10,
    29,
    11,
    18,
    33,
    5,
    65,
    29,
    19,
    70,
    7,
    25,
    9,
    17,
    32,
    36,
    16,
    28,
    20,
    14,
    19,
    54,
    15,
    49,
    21,
    23,
    15,
    9,
    54,
    13,
    35,
    28,
    42,
    26,
    61,
    22,
    25,
    43,
    70,
    8,
    27,
    16,
    42,
    15,
    16,
    28,
    11,
    19,
    71,
    70,
    33,
    15,
    25,
    36,
    24,
    45,
    26,
    7,
    8,
    63,
    41,
    16,
    26,
    34,
    41,
    31,
    21,
    16,
    19,
    12,
    33,
    9,
    24,
    38,
    27,
    7,
    25,
    4,
    4,
    50,
    15,
    2,
    5,
    6,
    27,
    2,
    5,
    2,
    4,
    26,
    2,
    5,
    6,
    24,
    15,
    26,
    11,
    6,
    24,
    6,
    24,
    57,
    8,
    5,
    34,
    13,
    23,
    3,
    31,
    4,
    41,
    2,
    11,
    10,
    5,
    68,
    6,
    23,
    2,
    7,
    22,
    2,
    2,
    26,
    20,
    31,
    3,
    27,
    2,
    11,
    32,
    35,
    24,
    45,
    33,
    11,
    13,
    6,
    4,
    5,
    22,
    2,
    4,
    2,
    25,
    2,
    9,
    25,
    26,
    8,
    4,
    22,
    30,
    1
  ],
  "vocabulary_size": 1089
}