{
  "document_id": "1602.00875",
  "total_sentences": 119,
  "pruned_sentences": 118,
  "total_words": 3201,
  "pruned_words": 3085,
  "unique_words": 579,
  "mean_sentence_length": 26.14406779661017,
  "stdev_sentence_length": 15.725354030354284,
  "sentence_lengths": [
    1,
    15,
    82,
    16,
    14,
    16,
    21,
    19,
    24,
    45,
    16,
    45,
    19,
    9,
    34,
    26,
    23,
    24,
    33,
    24,
    25,
    6,
    68,
    34,
    3,
    26,
    9,
    41,
    30,
    10,
    32,
    33,
    41,
    31,
    26,
    53,
    15,
    15,
    15,
    25,
    13,
    3,
    13,
    12,
    5,
    16,
    12,
    12,
    2,
    19,
    32,
    7,
    48,
    13,
    16,
    32,
    23,
    52,
    44,
    45,
    12,
    40,
    10,
    38,
    29,
    33,
    32,
    20,
    8,
    8,
    54,
    8,
    44,
    37,
    39,
    40,
    11,
    15,
    66,
    10,
    40,
    50,
    22,
    37,
    52,
    18,
    55,
    30,
    50,
    49,
    7,
    26,
    17,
    30,
    15,
    22,
    9,
    14,
    18,
    34,
    21,
    21,
    26,
    17,
    15,
    24,
    36,
    47,
    24,
    11,
    43,
    42,
    27,
    29,
    11,
    43,
    34,
    2
  ],
  "vocabulary_size": 579
}