{
  "document_id": "1602.03647",
  "total_sentences": 352,
  "pruned_sentences": 351,
  "total_words": 10293,
  "pruned_words": 10188,
  "unique_words": 1022,
  "mean_sentence_length": 29.025641025641026,
  "stdev_sentence_length": 16.70695058358041,
  "sentence_lengths": [
    1,
    17,
    49,
    27,
    29,
    44,
    20,
    85,
    12,
    25,
    48,
    29,
    45,
    23,
    37,
    23,
    26,
    29,
    32,
    29,
    27,
    28,
    43,
    31,
    19,
    27,
    14,
    22,
    23,
    59,
    26,
    27,
    6,
    30,
    34,
    42,
    19,
    21,
    27,
    21,
    27,
    28,
    32,
    24,
    13,
    43,
    56,
    19,
    39,
    38,
    19,
    29,
    35,
    26,
    24,
    24,
    38,
    18,
    55,
    40,
    36,
    38,
    97,
    20,
    53,
    23,
    30,
    25,
    57,
    28,
    23,
    41,
    22,
    21,
    23,
    19,
    28,
    55,
    15,
    33,
    43,
    14,
    37,
    30,
    23,
    16,
    9,
    36,
    18,
    15,
    73,
    9,
    46,
    15,
    25,
    23,
    21,
    89,
    21,
    25,
    22,
    8,
    45,
    30,
    31,
    75,
    18,
    16,
    20,
    27,
    27,
    92,
    7,
    28,
    21,
    18,
    24,
    18,
    25,
    17,
    83,
    17,
    15,
    13,
    19,
    23,
    38,
    42,
    33,
    29,
    46,
    14,
    22,
    25,
    50,
    34,
    14,
    25,
    45,
    51,
    12,
    34,
    30,
    10,
    3,
    32,
    7,
    65,
    32,
    16,
    46,
    53,
    29,
    84,
    18,
    12,
    31,
    38,
    23,
    10,
    14,
    18,
    24,
    11,
    24,
    26,
    42,
    24,
    34,
    33,
    22,
    20,
    18,
    11,
    27,
    6,
    17,
    28,
    23,
    28,
    12,
    15,
    20,
    34,
    14,
    38,
    77,
    14,
    23,
    21,
    11,
    33,
    22,
    23,
    11,
    21,
    17,
    27,
    24,
    7,
    20,
    15,
    23,
    41,
    26,
    72,
    58,
    55,
    53,
    87,
    13,
    29,
    23,
    45,
    40,
    42,
    32,
    12,
    24,
    20,
    11,
    13,
    29,
    33,
    11,
    8,
    8,
    12,
    17,
    33,
    61,
    15,
    31,
    31,
    23,
    67,
    45,
    28,
    28,
    48,
    24,
    10,
    14,
    19,
    19,
    24,
    22,
    14,
    31,
    26,
    62,
    41,
    17,
    14,
    21,
    39,
    17,
    21,
    15,
    31,
    12,
    14,
    87,
    68,
    6,
    31,
    32,
    68,
    27,
    34,
    15,
    11,
    31,
    22,
    28,
    26,
    28,
    43,
    26,
    19,
    48,
    12,
    53,
    52,
    13,
    33,
    36,
    28,
    51,
    17,
    35,
    20,
    37,
    26,
    24,
    29,
    23,
    12,
    20,
    28,
    18,
    14,
    21,
    28,
    14,
    32,
    24,
    36,
    27,
    22,
    46,
    34,
    18,
    33,
    16,
    40,
    37,
    24,
    22,
    45,
    28,
    37,
    27,
    26,
    31,
    46,
    29,
    49,
    23,
    21,
    13,
    14,
    31,
    55,
    34,
    63,
    20,
    20,
    12,
    8,
    12,
    21,
    28,
    24,
    21,
    20,
    9,
    93,
    18,
    31,
    1
  ],
  "vocabulary_size": 1022
}