{
  "document_id": "1603.08129",
  "total_sentences": 197,
  "pruned_sentences": 196,
  "total_words": 5443,
  "pruned_words": 5336,
  "unique_words": 764,
  "mean_sentence_length": 27.224489795918366,
  "stdev_sentence_length": 15.87646580335257,
  "sentence_lengths": [
    1,
    90,
    37,
    28,
    35,
    33,
    22,
    48,
    31,
    28,
    60,
    35,
    27,
    27,
    41,
    41,
    29,
    37,
    33,
    29,
    16,
    59,
    21,
    37,
    28,
    20,
    39,
    18,
    32,
    15,
    15,
    7,
    37,
    27,
    16,
    14,
    33,
    33,
    36,
    28,
    21,
    16,
    25,
    22,
    57,
    36,
    15,
    25,
    15,
    28,
    21,
    27,
    27,
    58,
    19,
    17,
    27,
    16,
    17,
    14,
    33,
    24,
    44,
    21,
    5,
    7,
    80,
    21,
    15,
    29,
    12,
    23,
    28,
    9,
    94,
    38,
    18,
    6,
    22,
    43,
    17,
    23,
    29,
    21,
    9,
    12,
    21,
    18,
    18,
    25,
    14,
    7,
    23,
    34,
    40,
    12,
    38,
    35,
    49,
    46,
    34,
    32,
    14,
    8,
    71,
    38,
    37,
    31,
    72,
    28,
    12,
    6,
    14,
    17,
    10,
    40,
    46,
    16,
    9,
    35,
    30,
    48,
    12,
    11,
    13,
    13,
    14,
    29,
    16,
    30,
    33,
    20,
    37,
    45,
    17,
    13,
    9,
    14,
    58,
    14,
    14,
    66,
    17,
    51,
    22,
    28,
    55,
    18,
    47,
    30,
    15,
    25,
    21,
    21,
    24,
    6,
    35,
    24,
    16,
    33,
    82,
    21,
    21,
    23,
    39,
    31,
    14,
    24,
    15,
    22,
    15,
    21,
    7,
    29,
    24,
    51,
    24,
    28,
    13,
    20,
    17,
    28,
    29,
    43,
    25,
    18,
    19,
    38,
    27,
    50,
    16,
    18,
    11,
    33,
    14,
    3
  ],
  "vocabulary_size": 764
}