{
  "document_id": "1603.08094",
  "total_sentences": 206,
  "pruned_sentences": 205,
  "total_words": 5517,
  "pruned_words": 5415,
  "unique_words": 625,
  "mean_sentence_length": 26.414634146341463,
  "stdev_sentence_length": 14.850852635712599,
  "sentence_lengths": [
    1,
    1,
    57,
    17,
    8,
    27,
    6,
    7,
    23,
    6,
    31,
    29,
    24,
    27,
    38,
    25,
    39,
    29,
    19,
    26,
    29,
    46,
    36,
    34,
    36,
    28,
    21,
    29,
    35,
    33,
    19,
    16,
    22,
    22,
    31,
    32,
    9,
    15,
    15,
    12,
    15,
    24,
    21,
    60,
    13,
    34,
    30,
    27,
    19,
    10,
    30,
    24,
    18,
    20,
    88,
    35,
    50,
    33,
    16,
    25,
    35,
    19,
    18,
    12,
    15,
    33,
    23,
    28,
    82,
    20,
    17,
    20,
    20,
    27,
    26,
    7,
    26,
    19,
    4,
    59,
    43,
    45,
    73,
    44,
    42,
    43,
    30,
    79,
    48,
    32,
    61,
    42,
    38,
    32,
    23,
    10,
    10,
    14,
    28,
    20,
    28,
    29,
    12,
    34,
    89,
    30,
    15,
    15,
    29,
    31,
    28,
    13,
    26,
    4,
    16,
    39,
    19,
    31,
    21,
    47,
    24,
    14,
    20,
    27,
    30,
    39,
    27,
    24,
    18,
    22,
    18,
    35,
    10,
    29,
    12,
    26,
    26,
    19,
    14,
    28,
    37,
    32,
    34,
    14,
    19,
    16,
    22,
    20,
    20,
    15,
    35,
    8,
    18,
    26,
    17,
    23,
    25,
    19,
    19,
    19,
    18,
    42,
    32,
    17,
    10,
    17,
    22,
    13,
    17,
    20,
    19,
    15,
    18,
    12,
    15,
    46,
    29,
    28,
    29,
    42,
    7,
    22,
    27,
    24,
    20,
    9,
    41,
    32,
    27,
    8,
    32,
    31,
    50,
    27,
    26,
    18,
    30,
    51,
    44,
    67,
    24,
    42,
    6,
    12,
    2
  ],
  "vocabulary_size": 625
}