{
  "document_id": "1603.09535",
  "total_sentences": 266,
  "pruned_sentences": 265,
  "total_words": 7460,
  "pruned_words": 5474,
  "unique_words": 729,
  "mean_sentence_length": 20.656603773584905,
  "stdev_sentence_length": 19.310633644582683,
  "sentence_lengths": [
    27,
    36,
    34,
    45,
    21,
    7,
    24,
    16,
    19,
    33,
    16,
    20,
    10,
    15,
    21,
    19,
    18,
    17,
    22,
    23,
    15,
    20,
    25,
    18,
    47,
    20,
    19,
    44,
    37,
    8,
    13,
    15,
    34,
    54,
    11,
    10,
    17,
    26,
    9,
    9,
    5,
    19,
    13,
    10,
    14,
    45,
    15,
    15,
    23,
    29,
    25,
    11,
    35,
    17,
    8,
    49,
    12,
    15,
    15,
    35,
    27,
    7,
    13,
    16,
    22,
    8,
    9,
    14,
    6,
    9,
    24,
    36,
    13,
    22,
    25,
    4,
    19,
    10,
    8,
    13,
    32,
    13,
    32,
    29,
    19,
    18,
    22,
    9,
    16,
    34,
    36,
    9,
    31,
    10,
    42,
    30,
    20,
    23,
    24,
    60,
    12,
    13,
    23,
    19,
    26,
    21,
    12,
    10,
    17,
    79,
    41,
    20,
    35,
    14,
    8,
    12,
    6,
    14,
    24,
    11,
    18,
    16,
    20,
    26,
    14,
    3,
    48,
    83,
    32,
    9,
    14,
    16,
    10,
    9,
    30,
    11,
    9,
    8,
    16,
    28,
    9,
    15,
    23,
    17,
    15,
    14,
    8,
    10,
    14,
    38,
    16,
    10,
    6,
    34,
    28,
    20,
    16,
    17,
    10,
    18,
    7,
    42,
    5,
    8,
    34,
    7,
    9,
    9,
    2,
    13,
    9,
    11,
    55,
    11,
    26,
    17,
    30,
    10,
    9,
    26,
    16,
    8,
    19,
    12,
    7,
    18,
    22,
    10,
    13,
    17,
    1,
    7,
    17,
    16,
    21,
    18,
    15,
    13,
    8,
    12,
    15,
    17,
    15,
    10,
    22,
    41,
    56,
    54,
    97,
    54,
    4,
    37,
    28,
    25,
    2,
    2,
    22,
    21,
    8,
    73,
    2,
    8,
    4,
    16,
    1,
    25,
    11,
    22,
    16,
    10,
    8,
    15,
    7,
    11,
    9,
    22,
    10,
    5,
    16,
    7,
    9,
    18,
    14,
    4,
    16,
    18,
    4,
    12,
    13,
    19,
    8,
    6,
    14,
    15,
    62,
    23,
    23,
    38,
    116,
    1,
    211,
    12,
    17,
    24,
    46
  ],
  "vocabulary_size": 729
}