{
  "document_id": "1604.02053",
  "total_sentences": 214,
  "pruned_sentences": 213,
  "total_words": 7688,
  "pruned_words": 7481,
  "unique_words": 701,
  "mean_sentence_length": 35.12206572769953,
  "stdev_sentence_length": 32.93424167880481,
  "sentence_lengths": [
    1,
    156,
    26,
    35,
    24,
    20,
    51,
    51,
    30,
    32,
    28,
    57,
    28,
    29,
    11,
    23,
    49,
    48,
    50,
    19,
    37,
    31,
    19,
    20,
    55,
    32,
    14,
    18,
    50,
    41,
    76,
    38,
    22,
    39,
    26,
    79,
    46,
    23,
    29,
    80,
    88,
    62,
    62,
    55,
    53,
    63,
    47,
    21,
    11,
    27,
    53,
    66,
    5,
    20,
    26,
    36,
    14,
    26,
    47,
    11,
    10,
    40,
    25,
    22,
    37,
    46,
    27,
    59,
    125,
    1,
    19,
    44,
    11,
    10,
    15,
    28,
    15,
    18,
    18,
    14,
    12,
    23,
    11,
    23,
    22,
    40,
    29,
    24,
    22,
    26,
    58,
    26,
    7,
    46,
    38,
    21,
    24,
    9,
    30,
    9,
    29,
    14,
    8,
    90,
    55,
    120,
    24,
    153,
    114,
    46,
    6,
    27,
    46,
    38,
    12,
    92,
    13,
    104,
    20,
    28,
    25,
    9,
    60,
    20,
    8,
    17,
    31,
    11,
    40,
    7,
    32,
    62,
    22,
    21,
    7,
    5,
    17,
    12,
    7,
    11,
    8,
    19,
    9,
    23,
    7,
    33,
    19,
    27,
    7,
    34,
    4,
    12,
    6,
    16,
    12,
    8,
    36,
    14,
    36,
    8,
    104,
    128,
    48,
    164,
    21,
    13,
    6,
    44,
    50,
    13,
    20,
    6,
    27,
    78,
    76,
    20,
    18,
    29,
    8,
    35,
    146,
    12,
    8,
    3,
    32,
    16,
    9,
    35,
    8,
    51,
    41,
    32,
    8,
    16,
    11,
    25,
    19,
    126,
    8,
    3,
    2,
    10,
    144,
    99,
    22,
    60,
    24,
    123,
    41,
    22,
    167,
    27,
    2
  ],
  "vocabulary_size": 701
}