{
  "document_id": "1604.05108",
  "total_sentences": 106,
  "pruned_sentences": 106,
  "total_words": 1990,
  "pruned_words": 1990,
  "unique_words": 438,
  "mean_sentence_length": 18.77358490566038,
  "stdev_sentence_length": 11.229453634563777,
  "sentence_lengths": [
    1,
    29,
    25,
    6,
    40,
    6,
    35,
    29,
    20,
    5,
    36,
    19,
    24,
    33,
    4,
    28,
    13,
    18,
    21,
    23,
    13,
    24,
    23,
    58,
    8,
    26,
    13,
    34,
    21,
    7,
    33,
    20,
    21,
    11,
    28,
    34,
    16,
    9,
    21,
    12,
    18,
    25,
    18,
    19,
    37,
    10,
    13,
    17,
    49,
    22,
    11,
    19,
    18,
    16,
    22,
    17,
    10,
    18,
    10,
    9,
    29,
    13,
    18,
    45,
    23,
    20,
    22,
    11,
    15,
    25,
    12,
    21,
    22,
    32,
    9,
    28,
    10,
    18,
    7,
    29,
    16,
    7,
    39,
    7,
    32,
    3,
    8,
    32,
    7,
    33,
    3,
    8,
    21,
    3,
    8,
    37,
    7,
    21,
    3,
    7,
    19,
    7,
    16,
    3,
    8,
    1
  ],
  "vocabulary_size": 438
}