{
  "document_id": "1605.07659",
  "total_sentences": 285,
  "pruned_sentences": 283,
  "total_words": 6857,
  "pruned_words": 6681,
  "unique_words": 705,
  "mean_sentence_length": 23.607773851590107,
  "stdev_sentence_length": 12.87438807986403,
  "sentence_lengths": [
    1,
    79,
    18,
    48,
    30,
    37,
    3,
    25,
    21,
    23,
    29,
    11,
    16,
    23,
    17,
    24,
    10,
    39,
    9,
    12,
    20,
    31,
    26,
    17,
    38,
    1,
    27,
    10,
    13,
    52,
    18,
    16,
    48,
    32,
    31,
    11,
    14,
    34,
    20,
    32,
    35,
    46,
    18,
    12,
    40,
    17,
    41,
    25,
    15,
    46,
    20,
    21,
    25,
    28,
    30,
    31,
    40,
    24,
    24,
    1,
    15,
    20,
    32,
    20,
    30,
    30,
    57,
    14,
    25,
    47,
    39,
    20,
    25,
    62,
    19,
    12,
    1,
    27,
    31,
    23,
    26,
    35,
    19,
    35,
    58,
    31,
    26,
    18,
    10,
    18,
    29,
    16,
    31,
    30,
    46,
    11,
    32,
    30,
    17,
    11,
    24,
    1,
    13,
    13,
    13,
    20,
    47,
    19,
    24,
    23,
    35,
    12,
    42,
    22,
    13,
    16,
    14,
    15,
    35,
    37,
    49,
    34,
    26,
    29,
    30,
    20,
    42,
    21,
    19,
    6,
    9,
    25,
    23,
    61,
    18,
    27,
    23,
    25,
    34,
    21,
    15,
    13,
    16,
    14,
    28,
    31,
    14,
    35,
    12,
    32,
    1,
    20,
    19,
    36,
    15,
    40,
    18,
    24,
    17,
    22,
    25,
    14,
    20,
    11,
    14,
    19,
    2,
    17,
    31,
    60,
    18,
    14,
    25,
    12,
    35,
    28,
    9,
    18,
    2,
    13,
    18,
    18,
    5,
    25,
    5,
    11,
    11,
    15,
    13,
    16,
    30,
    28,
    25,
    18,
    24,
    14,
    1,
    28,
    13,
    12,
    13,
    14,
    21,
    16,
    26,
    9,
    28,
    25,
    13,
    41,
    10,
    25,
    12,
    31,
    21,
    19,
    13,
    16,
    22,
    54,
    21,
    21,
    29,
    16,
    38,
    20,
    18,
    17,
    13,
    14,
    20,
    42,
    17,
    17,
    27,
    9,
    22,
    41,
    24,
    17,
    1,
    13,
    22,
    18,
    20,
    20,
    35,
    18,
    22,
    62,
    35,
    23,
    18,
    33,
    15,
    16,
    53,
    25,
    7,
    27,
    40,
    39,
    28,
    10,
    26,
    13,
    13,
    9,
    24,
    5,
    31,
    33,
    13,
    30,
    35,
    9,
    42,
    32,
    25,
    24,
    22,
    46,
    75
  ],
  "vocabulary_size": 705
}