{
  "document_id": "1606.01608",
  "total_sentences": 128,
  "pruned_sentences": 127,
  "total_words": 3599,
  "pruned_words": 2792,
  "unique_words": 808,
  "mean_sentence_length": 21.984251968503937,
  "stdev_sentence_length": 27.77316972152175,
  "sentence_lengths": [
    1,
    198,
    26,
    33,
    16,
    39,
    4,
    4,
    43,
    2,
    32,
    4,
    4,
    35,
    7,
    2,
    23,
    4,
    28,
    4,
    4,
    2,
    86,
    4,
    4,
    31,
    4,
    34,
    4,
    4,
    49,
    4,
    4,
    45,
    4,
    30,
    8,
    2,
    37,
    4,
    4,
    40,
    4,
    4,
    43,
    2,
    30,
    4,
    4,
    4,
    4,
    45,
    2,
    121,
    2,
    38,
    2,
    39,
    2,
    49,
    2,
    36,
    2,
    26,
    4,
    4,
    60,
    4,
    19,
    62,
    2,
    42,
    2,
    44,
    2,
    33,
    4,
    4,
    35,
    34,
    2,
    63,
    4,
    4,
    21,
    4,
    47,
    2,
    20,
    13,
    95,
    4,
    4,
    72,
    4,
    4,
    47,
    2,
    49,
    4,
    4,
    80,
    11,
    31,
    4,
    46,
    2,
    33,
    2,
    8,
    20,
    70,
    29,
    8,
    10,
    23,
    8,
    10,
    24,
    18,
    12,
    50,
    10,
    38,
    35,
    3,
    1
  ],
  "vocabulary_size": 808
}