{
  "document_id": "1606.08362",
  "total_sentences": 127,
  "pruned_sentences": 126,
  "total_words": 2202,
  "pruned_words": 2121,
  "unique_words": 390,
  "mean_sentence_length": 16.833333333333332,
  "stdev_sentence_length": 11.369960422094705,
  "sentence_lengths": [
    1,
    51,
    12,
    39,
    35,
    10,
    24,
    18,
    19,
    29,
    36,
    27,
    15,
    23,
    25,
    48,
    17,
    18,
    19,
    29,
    32,
    8,
    7,
    7,
    6,
    5,
    20,
    23,
    30,
    20,
    21,
    32,
    18,
    14,
    19,
    13,
    3,
    9,
    27,
    2,
    12,
    2,
    5,
    16,
    8,
    8,
    5,
    8,
    9,
    7,
    4,
    33,
    12,
    16,
    3,
    18,
    26,
    3,
    19,
    3,
    16,
    28,
    20,
    38,
    16,
    27,
    27,
    10,
    10,
    35,
    9,
    28,
    32,
    15,
    10,
    17,
    10,
    11,
    8,
    12,
    10,
    1,
    2,
    9,
    3,
    7,
    26,
    23,
    8,
    54,
    7,
    5,
    20,
    7,
    13,
    17,
    19,
    21,
    16,
    7,
    32,
    17,
    33,
    6,
    27,
    10,
    7,
    35,
    29,
    17,
    5,
    5,
    14,
    5,
    10,
    46,
    9,
    18,
    16,
    23,
    12,
    3,
    13,
    21,
    24,
    2
  ],
  "vocabulary_size": 390
}