{
  "document_id": "1608.02351",
  "total_sentences": 264,
  "pruned_sentences": 263,
  "total_words": 6358,
  "pruned_words": 6154,
  "unique_words": 943,
  "mean_sentence_length": 23.399239543726235,
  "stdev_sentence_length": 16.98597084438712,
  "sentence_lengths": [
    1,
    79,
    7,
    16,
    86,
    29,
    16,
    33,
    20,
    38,
    65,
    59,
    29,
    42,
    4,
    23,
    17,
    4,
    22,
    34,
    28,
    5,
    8,
    13,
    18,
    5,
    19,
    17,
    30,
    12,
    18,
    9,
    23,
    24,
    10,
    40,
    50,
    105,
    40,
    6,
    39,
    22,
    30,
    27,
    21,
    14,
    23,
    45,
    29,
    16,
    48,
    34,
    53,
    3,
    12,
    34,
    2,
    38,
    21,
    29,
    26,
    24,
    23,
    12,
    26,
    18,
    14,
    23,
    32,
    17,
    28,
    11,
    24,
    13,
    16,
    15,
    48,
    16,
    15,
    10,
    37,
    33,
    14,
    23,
    21,
    22,
    13,
    18,
    20,
    28,
    11,
    12,
    25,
    8,
    12,
    55,
    12,
    8,
    9,
    41,
    51,
    21,
    16,
    31,
    21,
    23,
    36,
    51,
    32,
    5,
    19,
    3,
    28,
    27,
    35,
    14,
    16,
    11,
    33,
    5,
    27,
    14,
    10,
    3,
    13,
    8,
    16,
    4,
    35,
    7,
    38,
    14,
    21,
    36,
    14,
    4,
    14,
    22,
    9,
    6,
    18,
    18,
    8,
    5,
    18,
    8,
    5,
    39,
    6,
    5,
    7,
    8,
    9,
    21,
    30,
    9,
    16,
    11,
    4,
    19,
    4,
    7,
    69,
    28,
    3,
    12,
    15,
    30,
    31,
    10,
    12,
    11,
    25,
    19,
    24,
    29,
    17,
    11,
    13,
    31,
    24,
    37,
    35,
    20,
    41,
    3,
    9,
    26,
    10,
    84,
    22,
    14,
    58,
    40,
    20,
    45,
    8,
    27,
    79,
    15,
    35,
    13,
    44,
    12,
    27,
    41,
    17,
    4,
    26,
    11,
    25,
    19,
    9,
    12,
    12,
    18,
    19,
    36,
    14,
    11,
    30,
    9,
    13,
    16,
    12,
    17,
    18,
    28,
    8,
    46,
    26,
    9,
    5,
    28,
    81,
    31,
    45,
    35,
    21,
    36,
    40,
    36,
    22,
    30,
    19,
    73,
    25,
    19,
    21,
    16,
    31,
    21,
    18,
    37,
    18,
    18,
    27,
    7,
    21,
    39,
    26,
    17,
    102
  ],
  "vocabulary_size": 943
}