{
  "document_id": "1608.00354",
  "total_sentences": 178,
  "pruned_sentences": 175,
  "total_words": 5808,
  "pruned_words": 4526,
  "unique_words": 903,
  "mean_sentence_length": 25.86285714285714,
  "stdev_sentence_length": 23.455841192391564,
  "sentence_lengths": [
    1,
    39,
    19,
    22,
    61,
    21,
    17,
    24,
    30,
    36,
    48,
    12,
    21,
    13,
    12,
    29,
    53,
    21,
    21,
    10,
    33,
    19,
    25,
    17,
    36,
    13,
    5,
    36,
    29,
    31,
    23,
    19,
    16,
    33,
    10,
    4,
    19,
    15,
    19,
    12,
    19,
    25,
    14,
    24,
    23,
    32,
    14,
    30,
    17,
    39,
    21,
    27,
    8,
    15,
    13,
    77,
    27,
    8,
    29,
    58,
    9,
    11,
    58,
    25,
    23,
    18,
    15,
    59,
    21,
    27,
    11,
    20,
    20,
    55,
    5,
    20,
    29,
    12,
    15,
    23,
    34,
    8,
    10,
    29,
    11,
    17,
    13,
    25,
    13,
    17,
    28,
    20,
    19,
    20,
    19,
    20,
    10,
    16,
    10,
    35,
    23,
    16,
    42,
    24,
    30,
    24,
    18,
    87,
    2,
    43,
    77,
    223,
    25,
    16,
    17,
    16,
    10,
    17,
    25,
    29,
    27,
    22,
    11,
    8,
    14,
    9,
    2,
    13,
    70,
    2,
    13,
    70,
    2,
    13,
    70,
    2,
    13,
    50,
    7,
    44,
    30,
    25,
    14,
    22,
    13,
    19,
    69,
    10,
    24,
    29,
    13,
    12,
    36,
    23,
    38,
    47,
    10,
    12,
    40,
    18,
    23,
    14,
    38,
    9,
    20,
    71,
    125,
    24,
    28,
    16,
    11,
    21,
    18,
    22,
    62
  ],
  "vocabulary_size": 903
}