{
  "document_id": "1608.00580",
  "total_sentences": 191,
  "pruned_sentences": 189,
  "total_words": 5752,
  "pruned_words": 5340,
  "unique_words": 1161,
  "mean_sentence_length": 28.253968253968253,
  "stdev_sentence_length": 17.772170679423528,
  "sentence_lengths": [
    1,
    2,
    38,
    13,
    31,
    52,
    32,
    40,
    35,
    57,
    44,
    38,
    59,
    37,
    44,
    36,
    14,
    30,
    15,
    37,
    36,
    48,
    39,
    28,
    40,
    26,
    29,
    34,
    24,
    34,
    38,
    60,
    31,
    14,
    15,
    26,
    31,
    23,
    16,
    9,
    16,
    34,
    25,
    44,
    6,
    25,
    30,
    23,
    50,
    34,
    10,
    83,
    11,
    5,
    29,
    12,
    17,
    13,
    22,
    23,
    18,
    41,
    20,
    6,
    57,
    13,
    20,
    21,
    19,
    15,
    23,
    13,
    46,
    28,
    34,
    22,
    17,
    12,
    31,
    20,
    38,
    27,
    50,
    50,
    31,
    25,
    25,
    33,
    26,
    30,
    22,
    39,
    25,
    18,
    34,
    24,
    37,
    26,
    5,
    9,
    25,
    128,
    16,
    5,
    47,
    37,
    18,
    42,
    118,
    15,
    4,
    31,
    54,
    34,
    13,
    28,
    30,
    24,
    17,
    30,
    23,
    24,
    17,
    26,
    26,
    11,
    16,
    22,
    8,
    33,
    42,
    39,
    56,
    111,
    39,
    26,
    4,
    33,
    14,
    28,
    6,
    21,
    5,
    35,
    28,
    47,
    35,
    37,
    29,
    20,
    30,
    22,
    10,
    31,
    32,
    39,
    21,
    14,
    12,
    31,
    15,
    22,
    58,
    45,
    14,
    10,
    6,
    20,
    24,
    26,
    39,
    27,
    27,
    25,
    26,
    24,
    21,
    24,
    15,
    39,
    28,
    4,
    36,
    33,
    27,
    20,
    38,
    8,
    2
  ],
  "vocabulary_size": 1161
}