{
  "document_id": "1609.09600",
  "total_sentences": 174,
  "pruned_sentences": 173,
  "total_words": 4513,
  "pruned_words": 4389,
  "unique_words": 663,
  "mean_sentence_length": 25.36994219653179,
  "stdev_sentence_length": 14.195135856108722,
  "sentence_lengths": [
    1,
    50,
    47,
    30,
    29,
    32,
    34,
    19,
    17,
    18,
    40,
    47,
    64,
    50,
    33,
    52,
    29,
    3,
    19,
    20,
    36,
    44,
    29,
    19,
    44,
    11,
    33,
    44,
    37,
    34,
    42,
    10,
    29,
    36,
    43,
    33,
    43,
    6,
    8,
    16,
    38,
    9,
    17,
    29,
    14,
    27,
    29,
    14,
    17,
    24,
    30,
    29,
    12,
    26,
    18,
    34,
    38,
    37,
    43,
    7,
    18,
    38,
    15,
    15,
    38,
    13,
    15,
    6,
    19,
    19,
    5,
    17,
    26,
    21,
    29,
    35,
    30,
    32,
    63,
    45,
    23,
    16,
    30,
    22,
    33,
    18,
    2,
    3,
    2,
    49,
    5,
    23,
    36,
    60,
    32,
    41,
    17,
    29,
    37,
    11,
    22,
    38,
    13,
    20,
    37,
    9,
    33,
    20,
    19,
    8,
    30,
    17,
    39,
    32,
    8,
    3,
    17,
    25,
    25,
    36,
    18,
    13,
    9,
    34,
    44,
    11,
    47,
    16,
    21,
    14,
    2,
    30,
    26,
    45,
    14,
    32,
    8,
    33,
    12,
    22,
    54,
    29,
    26,
    17,
    37,
    33,
    25,
    13,
    50,
    7,
    10,
    9,
    21,
    34,
    16,
    52,
    62,
    5,
    5,
    31,
    15,
    21,
    22,
    34,
    27,
    17,
    25,
    12,
    2,
    41,
    9,
    14,
    1
  ],
  "vocabulary_size": 663
}