{
  "document_id": "1610.01058",
  "total_sentences": 239,
  "pruned_sentences": 238,
  "total_words": 4374,
  "pruned_words": 4305,
  "unique_words": 606,
  "mean_sentence_length": 18.08823529411765,
  "stdev_sentence_length": 10.638110587537296,
  "sentence_lengths": [
    1,
    52,
    14,
    8,
    36,
    13,
    14,
    9,
    7,
    8,
    20,
    28,
    21,
    9,
    29,
    11,
    16,
    20,
    11,
    38,
    15,
    34,
    20,
    48,
    22,
    19,
    10,
    21,
    28,
    12,
    14,
    20,
    40,
    13,
    26,
    10,
    25,
    29,
    7,
    17,
    28,
    25,
    10,
    22,
    19,
    32,
    11,
    7,
    11,
    13,
    11,
    15,
    5,
    3,
    31,
    5,
    7,
    9,
    7,
    40,
    13,
    8,
    22,
    45,
    23,
    18,
    7,
    26,
    26,
    8,
    11,
    50,
    20,
    13,
    9,
    12,
    17,
    25,
    27,
    29,
    12,
    15,
    8,
    34,
    23,
    14,
    26,
    9,
    22,
    20,
    10,
    8,
    11,
    10,
    39,
    4,
    10,
    3,
    13,
    14,
    14,
    13,
    8,
    23,
    11,
    39,
    16,
    19,
    35,
    20,
    28,
    23,
    18,
    3,
    14,
    17,
    14,
    31,
    41,
    3,
    56,
    10,
    19,
    5,
    6,
    29,
    18,
    18,
    18,
    6,
    25,
    9,
    25,
    13,
    15,
    11,
    5,
    3,
    12,
    9,
    23,
    8,
    12,
    9,
    9,
    15,
    33,
    31,
    14,
    26,
    12,
    18,
    27,
    16,
    12,
    10,
    8,
    11,
    20,
    52,
    9,
    18,
    14,
    13,
    14,
    20,
    13,
    20,
    10,
    9,
    17,
    14,
    13,
    15,
    17,
    10,
    15,
    29,
    32,
    11,
    18,
    8,
    13,
    18,
    6,
    24,
    15,
    23,
    13,
    9,
    24,
    20,
    22,
    36,
    22,
    6,
    10,
    18,
    12,
    17,
    19,
    16,
    15,
    28,
    16,
    14,
    21,
    13,
    20,
    3,
    17,
    10,
    15,
    23,
    18,
    7,
    21,
    19,
    18,
    32,
    32,
    14,
    48,
    45,
    48,
    25,
    11,
    10,
    11,
    7,
    45,
    18,
    14,
    33,
    17,
    29,
    16,
    2
  ],
  "vocabulary_size": 606
}