{
  "document_id": "1610.00800",
  "total_sentences": 278,
  "pruned_sentences": 276,
  "total_words": 7071,
  "pruned_words": 6841,
  "unique_words": 1075,
  "mean_sentence_length": 24.786231884057973,
  "stdev_sentence_length": 17.874348067568217,
  "sentence_lengths": [
    1,
    92,
    29,
    27,
    22,
    23,
    42,
    41,
    25,
    10,
    43,
    19,
    17,
    29,
    21,
    26,
    19,
    39,
    33,
    29,
    50,
    22,
    23,
    31,
    19,
    16,
    45,
    26,
    45,
    34,
    11,
    32,
    45,
    52,
    13,
    8,
    13,
    21,
    36,
    11,
    21,
    22,
    39,
    59,
    30,
    11,
    26,
    38,
    29,
    35,
    30,
    21,
    22,
    21,
    15,
    26,
    25,
    25,
    20,
    53,
    25,
    27,
    26,
    36,
    13,
    12,
    35,
    36,
    28,
    8,
    29,
    7,
    29,
    30,
    26,
    23,
    24,
    10,
    20,
    17,
    16,
    17,
    21,
    38,
    54,
    19,
    12,
    19,
    11,
    13,
    28,
    13,
    20,
    15,
    31,
    15,
    35,
    24,
    9,
    27,
    30,
    25,
    10,
    16,
    12,
    9,
    10,
    18,
    16,
    4,
    16,
    16,
    17,
    30,
    7,
    19,
    34,
    31,
    26,
    30,
    12,
    9,
    21,
    9,
    26,
    14,
    38,
    32,
    11,
    26,
    5,
    20,
    29,
    27,
    32,
    25,
    22,
    18,
    22,
    43,
    14,
    8,
    25,
    10,
    33,
    34,
    47,
    30,
    36,
    25,
    25,
    27,
    37,
    22,
    20,
    30,
    60,
    13,
    14,
    17,
    37,
    12,
    24,
    42,
    22,
    14,
    24,
    37,
    45,
    15,
    14,
    17,
    36,
    27,
    6,
    58,
    20,
    5,
    12,
    7,
    37,
    14,
    19,
    7,
    22,
    29,
    17,
    8,
    7,
    60,
    22,
    5,
    12,
    10,
    36,
    57,
    22,
    36,
    19,
    48,
    61,
    14,
    21,
    35,
    26,
    38,
    15,
    51,
    18,
    42,
    43,
    7,
    47,
    15,
    23,
    2,
    11,
    2,
    3,
    12,
    98,
    67,
    2,
    16,
    99,
    2,
    101,
    19,
    72,
    3,
    2,
    37,
    2,
    84,
    8,
    57,
    2,
    2,
    57,
    39,
    13,
    35,
    2,
    49,
    93,
    2,
    2,
    15,
    39,
    2,
    2,
    42,
    2,
    44,
    2,
    16,
    45,
    2,
    2,
    15,
    15,
    25,
    26,
    2,
    2,
    44,
    2,
    2,
    15,
    48,
    2,
    2,
    15,
    37,
    2,
    12
  ],
  "vocabulary_size": 1075
}