{
  "document_id": "1611.03558",
  "total_sentences": 193,
  "pruned_sentences": 192,
  "total_words": 4851,
  "pruned_words": 4723,
  "unique_words": 733,
  "mean_sentence_length": 24.598958333333332,
  "stdev_sentence_length": 11.674045986486,
  "sentence_lengths": [
    1,
    30,
    25,
    13,
    23,
    29,
    45,
    32,
    12,
    21,
    24,
    19,
    18,
    40,
    22,
    15,
    32,
    60,
    41,
    11,
    14,
    16,
    14,
    33,
    25,
    21,
    37,
    22,
    33,
    12,
    11,
    11,
    17,
    26,
    23,
    24,
    23,
    23,
    14,
    39,
    10,
    17,
    19,
    22,
    21,
    32,
    56,
    19,
    25,
    56,
    25,
    27,
    28,
    19,
    71,
    33,
    41,
    28,
    33,
    13,
    21,
    10,
    30,
    20,
    15,
    22,
    15,
    29,
    23,
    23,
    21,
    20,
    33,
    15,
    12,
    37,
    18,
    15,
    23,
    7,
    27,
    41,
    32,
    21,
    13,
    33,
    7,
    25,
    18,
    28,
    24,
    13,
    18,
    14,
    33,
    26,
    11,
    41,
    33,
    9,
    28,
    14,
    13,
    12,
    44,
    27,
    23,
    21,
    29,
    25,
    21,
    22,
    20,
    25,
    13,
    19,
    20,
    31,
    23,
    31,
    30,
    23,
    40,
    15,
    50,
    25,
    11,
    18,
    56,
    32,
    43,
    19,
    23,
    27,
    14,
    21,
    30,
    40,
    20,
    22,
    20,
    35,
    14,
    31,
    14,
    30,
    17,
    14,
    31,
    32,
    42,
    23,
    29,
    24,
    58,
    24,
    16,
    23,
    51,
    25,
    10,
    21,
    7,
    31,
    21,
    70,
    21,
    18,
    20,
    18,
    25,
    21,
    8,
    9,
    32,
    28,
    20,
    29,
    14,
    37,
    42,
    42,
    22,
    15,
    29,
    19,
    16,
    22,
    12,
    23,
    24,
    2
  ],
  "vocabulary_size": 733
}