{
  "document_id": "1611.06475",
  "total_sentences": 247,
  "pruned_sentences": 244,
  "total_words": 5130,
  "pruned_words": 4867,
  "unique_words": 671,
  "mean_sentence_length": 19.94672131147541,
  "stdev_sentence_length": 11.896727664515952,
  "sentence_lengths": [
    1,
    33,
    12,
    29,
    39,
    9,
    24,
    13,
    41,
    57,
    13,
    4,
    10,
    26,
    11,
    20,
    36,
    23,
    18,
    6,
    9,
    32,
    13,
    26,
    42,
    2,
    5,
    8,
    12,
    10,
    21,
    21,
    26,
    13,
    17,
    8,
    23,
    11,
    5,
    18,
    6,
    51,
    8,
    72,
    21,
    21,
    40,
    22,
    9,
    18,
    6,
    5,
    21,
    14,
    25,
    20,
    50,
    4,
    10,
    10,
    16,
    6,
    26,
    15,
    24,
    6,
    30,
    28,
    24,
    6,
    26,
    23,
    17,
    12,
    17,
    14,
    5,
    5,
    2,
    35,
    5,
    14,
    25,
    13,
    17,
    21,
    25,
    15,
    2,
    3,
    29,
    15,
    18,
    32,
    6,
    13,
    22,
    8,
    1,
    49,
    14,
    30,
    3,
    15,
    18,
    30,
    19,
    26,
    29,
    20,
    29,
    13,
    24,
    9,
    20,
    25,
    20,
    27,
    17,
    9,
    12,
    19,
    12,
    9,
    21,
    34,
    12,
    8,
    19,
    21,
    34,
    37,
    24,
    6,
    47,
    2,
    15,
    17,
    28,
    27,
    13,
    20,
    27,
    22,
    30,
    17,
    18,
    10,
    40,
    27,
    21,
    23,
    24,
    19,
    21,
    31,
    41,
    23,
    21,
    14,
    48,
    15,
    37,
    17,
    26,
    25,
    21,
    27,
    5,
    10,
    39,
    11,
    16,
    28,
    19,
    31,
    27,
    41,
    2,
    53,
    27,
    27,
    30,
    24,
    30,
    23,
    20,
    17,
    23,
    13,
    22,
    24,
    19,
    31,
    13,
    19,
    25,
    6,
    23,
    22,
    31,
    20,
    59,
    24,
    23,
    2,
    6,
    11,
    25,
    11,
    9,
    9,
    11,
    11,
    15,
    25,
    45,
    25,
    30,
    16,
    12,
    19,
    6,
    32,
    4,
    1,
    13,
    23,
    16,
    25,
    6,
    8,
    8,
    8,
    12,
    48,
    24,
    19,
    34,
    13,
    14,
    29,
    6,
    30
  ],
  "vocabulary_size": 671
}