{
  "document_id": "1612.02954",
  "total_sentences": 263,
  "pruned_sentences": 261,
  "total_words": 5972,
  "pruned_words": 5687,
  "unique_words": 1043,
  "mean_sentence_length": 21.78927203065134,
  "stdev_sentence_length": 16.164944260020228,
  "sentence_lengths": [
    1,
    54,
    25,
    34,
    20,
    29,
    14,
    20,
    86,
    16,
    32,
    18,
    2,
    21,
    6,
    2,
    40,
    12,
    17,
    19,
    11,
    13,
    53,
    19,
    19,
    25,
    34,
    14,
    40,
    39,
    31,
    34,
    32,
    18,
    27,
    33,
    22,
    29,
    15,
    13,
    12,
    32,
    71,
    17,
    6,
    8,
    19,
    32,
    15,
    14,
    14,
    18,
    15,
    34,
    26,
    41,
    21,
    34,
    49,
    7,
    24,
    28,
    5,
    11,
    31,
    13,
    30,
    8,
    15,
    11,
    57,
    37,
    44,
    12,
    7,
    12,
    16,
    3,
    11,
    86,
    19,
    7,
    16,
    25,
    5,
    2,
    13,
    12,
    31,
    20,
    3,
    15,
    20,
    31,
    30,
    23,
    12,
    15,
    18,
    60,
    19,
    16,
    17,
    39,
    32,
    18,
    24,
    16,
    19,
    10,
    33,
    40,
    78,
    34,
    28,
    37,
    28,
    14,
    12,
    8,
    25,
    9,
    15,
    12,
    75,
    26,
    10,
    15,
    20,
    18,
    21,
    30,
    7,
    3,
    12,
    12,
    29,
    14,
    46,
    17,
    19,
    14,
    27,
    8,
    29,
    20,
    24,
    18,
    12,
    17,
    16,
    38,
    23,
    2,
    57,
    25,
    19,
    13,
    7,
    20,
    14,
    25,
    11,
    12,
    28,
    50,
    23,
    17,
    24,
    22,
    12,
    44,
    18,
    19,
    58,
    21,
    38,
    34,
    20,
    23,
    28,
    43,
    13,
    3,
    8,
    29,
    19,
    51,
    26,
    65,
    27,
    52,
    62,
    64,
    42,
    24,
    22,
    15,
    17,
    80,
    30,
    17,
    19,
    25,
    26,
    10,
    39,
    88,
    9,
    14,
    19,
    2,
    13,
    4,
    15,
    5,
    11,
    11,
    10,
    14,
    4,
    13,
    16,
    6,
    15,
    7,
    17,
    6,
    24,
    10,
    22,
    5,
    9,
    10,
    10,
    11,
    10,
    20,
    7,
    12,
    10,
    10,
    17,
    11,
    10,
    11,
    2,
    2,
    2,
    13,
    6,
    7,
    18,
    13,
    21,
    14,
    11,
    17,
    9,
    6,
    1
  ],
  "vocabulary_size": 1043
}