{
  "document_id": "1701.07625",
  "total_sentences": 306,
  "pruned_sentences": 305,
  "total_words": 7021,
  "pruned_words": 6880,
  "unique_words": 1246,
  "mean_sentence_length": 22.557377049180328,
  "stdev_sentence_length": 16.3215273873309,
  "sentence_lengths": [
    1,
    18,
    76,
    33,
    26,
    25,
    33,
    17,
    48,
    17,
    30,
    21,
    14,
    43,
    25,
    25,
    24,
    18,
    19,
    22,
    24,
    23,
    21,
    31,
    17,
    42,
    31,
    1,
    21,
    26,
    19,
    76,
    21,
    10,
    15,
    30,
    9,
    28,
    10,
    13,
    6,
    16,
    11,
    38,
    23,
    39,
    24,
    14,
    13,
    27,
    29,
    27,
    31,
    39,
    33,
    34,
    18,
    9,
    91,
    20,
    21,
    14,
    43,
    22,
    13,
    20,
    54,
    17,
    82,
    74,
    57,
    13,
    21,
    17,
    33,
    41,
    1,
    41,
    18,
    42,
    33,
    35,
    10,
    37,
    18,
    46,
    55,
    2,
    19,
    10,
    31,
    11,
    19,
    23,
    32,
    6,
    23,
    11,
    7,
    28,
    9,
    69,
    20,
    13,
    8,
    32,
    27,
    33,
    36,
    14,
    14,
    17,
    3,
    35,
    23,
    25,
    13,
    9,
    5,
    10,
    6,
    38,
    16,
    30,
    29,
    27,
    19,
    17,
    30,
    20,
    32,
    32,
    53,
    22,
    32,
    9,
    25,
    27,
    12,
    22,
    42,
    10,
    4,
    19,
    17,
    32,
    10,
    20,
    47,
    32,
    6,
    21,
    41,
    28,
    39,
    2,
    44,
    21,
    39,
    24,
    16,
    38,
    34,
    21,
    3,
    16,
    6,
    18,
    18,
    20,
    8,
    17,
    7,
    37,
    10,
    13,
    36,
    13,
    50,
    9,
    14,
    19,
    5,
    15,
    11,
    18,
    22,
    47,
    31,
    12,
    27,
    12,
    10,
    15,
    16,
    12,
    21,
    25,
    11,
    31,
    24,
    16,
    39,
    18,
    14,
    10,
    12,
    39,
    57,
    20,
    28,
    10,
    31,
    8,
    19,
    8,
    44,
    14,
    37,
    10,
    21,
    16,
    23,
    34,
    26,
    61,
    48,
    44,
    34,
    4,
    4,
    31,
    2,
    6,
    23,
    18,
    16,
    2,
    16,
    57,
    2,
    18,
    5,
    11,
    13,
    53,
    4,
    4,
    41,
    2,
    31,
    27,
    2,
    2,
    11,
    27,
    28,
    4,
    4,
    67,
    85,
    4,
    22,
    29,
    2,
    2,
    43,
    4,
    4,
    24,
    3,
    41,
    18,
    2,
    7,
    40,
    4,
    4,
    43,
    2,
    29,
    61,
    11,
    31,
    31,
    8,
    4,
    4,
    18,
    2,
    4,
    2,
    8,
    23,
    10,
    16,
    14,
    57,
    4,
    6,
    17,
    8,
    6,
    2,
    1
  ],
  "vocabulary_size": 1246
}