{
  "document_id": "1702.00709",
  "total_sentences": 368,
  "pruned_sentences": 367,
  "total_words": 11273,
  "pruned_words": 9456,
  "unique_words": 811,
  "mean_sentence_length": 25.76566757493188,
  "stdev_sentence_length": 14.727937784951035,
  "sentence_lengths": [
    1,
    31,
    88,
    27,
    20,
    10,
    15,
    16,
    28,
    14,
    15,
    14,
    20,
    39,
    30,
    21,
    15,
    20,
    58,
    24,
    20,
    33,
    20,
    27,
    19,
    31,
    18,
    27,
    34,
    24,
    36,
    22,
    24,
    42,
    36,
    30,
    40,
    23,
    33,
    24,
    14,
    22,
    31,
    9,
    30,
    7,
    11,
    23,
    16,
    23,
    36,
    17,
    37,
    28,
    12,
    18,
    17,
    26,
    20,
    28,
    31,
    31,
    27,
    33,
    21,
    30,
    35,
    31,
    17,
    32,
    27,
    17,
    32,
    26,
    22,
    21,
    23,
    14,
    42,
    19,
    30,
    37,
    18,
    23,
    25,
    12,
    15,
    20,
    16,
    17,
    47,
    18,
    23,
    35,
    30,
    26,
    27,
    64,
    27,
    17,
    20,
    58,
    31,
    20,
    28,
    27,
    25,
    23,
    12,
    26,
    22,
    12,
    15,
    17,
    18,
    21,
    15,
    17,
    22,
    12,
    10,
    10,
    35,
    46,
    52,
    23,
    21,
    23,
    47,
    45,
    25,
    25,
    18,
    25,
    32,
    44,
    19,
    53,
    21,
    26,
    18,
    33,
    29,
    49,
    4,
    39,
    50,
    29,
    48,
    21,
    57,
    33,
    37,
    43,
    61,
    21,
    9,
    51,
    50,
    37,
    23,
    42,
    18,
    40,
    22,
    62,
    15,
    16,
    42,
    18,
    27,
    20,
    12,
    16,
    10,
    22,
    40,
    31,
    43,
    23,
    15,
    16,
    18,
    15,
    20,
    12,
    19,
    3,
    21,
    33,
    24,
    12,
    40,
    3,
    26,
    15,
    17,
    37,
    12,
    10,
    10,
    14,
    19,
    33,
    33,
    38,
    23,
    28,
    30,
    12,
    10,
    13,
    37,
    32,
    12,
    13,
    10,
    22,
    27,
    17,
    27,
    21,
    9,
    12,
    13,
    13,
    27,
    31,
    14,
    16,
    21,
    38,
    21,
    18,
    31,
    29,
    17,
    28,
    16,
    34,
    23,
    25,
    25,
    23,
    24,
    22,
    26,
    8,
    5,
    11,
    12,
    34,
    19,
    25,
    17,
    16,
    14,
    23,
    18,
    13,
    24,
    20,
    27,
    20,
    16,
    25,
    20,
    22,
    17,
    8,
    27,
    11,
    26,
    23,
    15,
    17,
    26,
    39,
    22,
    16,
    29,
    23,
    18,
    29,
    12,
    16,
    31,
    40,
    20,
    35,
    46,
    21,
    21,
    88,
    75,
    20,
    115,
    19,
    20,
    9,
    19,
    9,
    5,
    12,
    16,
    53,
    8,
    48,
    6,
    15,
    29,
    13,
    53,
    84,
    22,
    66,
    10,
    8,
    28,
    13,
    10,
    13,
    24,
    33,
    39,
    14,
    15,
    41,
    82,
    12,
    27,
    20,
    10,
    47,
    31,
    25,
    34,
    12,
    29,
    15,
    26,
    23,
    15,
    34,
    64,
    17,
    27,
    38,
    31,
    23,
    29,
    33,
    91,
    18,
    32,
    55,
    21,
    28,
    38,
    27,
    14,
    34,
    21,
    38,
    20,
    25,
    2
  ],
  "vocabulary_size": 811
}