{
  "document_id": "1702.06533",
  "total_sentences": 210,
  "pruned_sentences": 209,
  "total_words": 7462,
  "pruned_words": 6003,
  "unique_words": 979,
  "mean_sentence_length": 28.72248803827751,
  "stdev_sentence_length": 26.78689981076967,
  "sentence_lengths": [
    1,
    324,
    67,
    47,
    42,
    26,
    42,
    16,
    15,
    29,
    19,
    22,
    22,
    21,
    33,
    31,
    28,
    25,
    12,
    13,
    77,
    46,
    10,
    21,
    15,
    32,
    35,
    24,
    16,
    28,
    17,
    15,
    23,
    8,
    15,
    33,
    31,
    39,
    22,
    10,
    25,
    30,
    18,
    19,
    28,
    49,
    64,
    25,
    22,
    23,
    12,
    2,
    18,
    8,
    41,
    28,
    26,
    25,
    18,
    48,
    16,
    11,
    17,
    55,
    30,
    14,
    39,
    11,
    31,
    8,
    54,
    29,
    15,
    12,
    13,
    13,
    31,
    13,
    6,
    19,
    37,
    21,
    41,
    21,
    3,
    51,
    26,
    35,
    68,
    38,
    19,
    22,
    22,
    21,
    78,
    13,
    16,
    11,
    9,
    14,
    3,
    52,
    11,
    38,
    25,
    25,
    15,
    21,
    26,
    23,
    46,
    59,
    13,
    20,
    52,
    33,
    18,
    35,
    29,
    38,
    20,
    33,
    28,
    33,
    25,
    29,
    17,
    22,
    38,
    38,
    26,
    27,
    90,
    41,
    29,
    56,
    15,
    20,
    19,
    33,
    12,
    15,
    8,
    20,
    47,
    16,
    50,
    19,
    2,
    50,
    2,
    6,
    20,
    18,
    29,
    41,
    18,
    40,
    37,
    13,
    34,
    23,
    2,
    8,
    13,
    41,
    17,
    38,
    3,
    15,
    69,
    29,
    48,
    13,
    14,
    19,
    35,
    13,
    29,
    24,
    9,
    13,
    44,
    30,
    90,
    10,
    38,
    19,
    2,
    74,
    29,
    51,
    9,
    25,
    25,
    19,
    34,
    37,
    28,
    26,
    88,
    41,
    24,
    60,
    60,
    34,
    2,
    26,
    1
  ],
  "vocabulary_size": 979
}