{
  "document_id": "1702.07921",
  "total_sentences": 164,
  "pruned_sentences": 162,
  "total_words": 4276,
  "pruned_words": 3990,
  "unique_words": 936,
  "mean_sentence_length": 24.62962962962963,
  "stdev_sentence_length": 20.12596632112029,
  "sentence_lengths": [
    1,
    64,
    19,
    18,
    42,
    29,
    41,
    24,
    27,
    9,
    46,
    29,
    29,
    16,
    71,
    26,
    23,
    16,
    6,
    21,
    41,
    8,
    17,
    23,
    15,
    33,
    10,
    27,
    22,
    23,
    5,
    37,
    41,
    79,
    14,
    22,
    3,
    13,
    13,
    19,
    37,
    27,
    24,
    64,
    35,
    3,
    11,
    28,
    19,
    47,
    6,
    9,
    4,
    114,
    20,
    14,
    2,
    20,
    9,
    11,
    7,
    24,
    10,
    17,
    36,
    19,
    30,
    28,
    12,
    36,
    48,
    12,
    10,
    44,
    34,
    5,
    12,
    11,
    27,
    93,
    10,
    26,
    39,
    42,
    1,
    40,
    1,
    6,
    48,
    1,
    46,
    1,
    6,
    51,
    1,
    45,
    1,
    6,
    20,
    31,
    15,
    51,
    28,
    19,
    25,
    21,
    28,
    26,
    73,
    29,
    21,
    30,
    28,
    32,
    10,
    58,
    32,
    25,
    2,
    8,
    97,
    31,
    41,
    42,
    32,
    24,
    27,
    31,
    2,
    25,
    2,
    7,
    17,
    2,
    7,
    2,
    32,
    14,
    5,
    24,
    2,
    2,
    11,
    24,
    15,
    2,
    7,
    2,
    59,
    9,
    30,
    33,
    50,
    2,
    7,
    31,
    67,
    11,
    31,
    65,
    41,
    1
  ],
  "vocabulary_size": 936
}