{
  "document_id": "1703.04538",
  "total_sentences": 290,
  "pruned_sentences": 290,
  "total_words": 6339,
  "pruned_words": 6339,
  "unique_words": 730,
  "mean_sentence_length": 21.858620689655172,
  "stdev_sentence_length": 12.825310649127735,
  "sentence_lengths": [
    1,
    62,
    14,
    33,
    21,
    30,
    23,
    13,
    22,
    16,
    38,
    13,
    12,
    20,
    26,
    27,
    35,
    20,
    19,
    16,
    27,
    50,
    7,
    11,
    20,
    15,
    26,
    37,
    30,
    16,
    11,
    16,
    15,
    21,
    28,
    1,
    11,
    12,
    15,
    33,
    45,
    1,
    7,
    7,
    31,
    11,
    17,
    40,
    1,
    6,
    8,
    44,
    25,
    44,
    13,
    41,
    40,
    34,
    18,
    1,
    28,
    28,
    8,
    52,
    29,
    14,
    9,
    13,
    36,
    30,
    16,
    9,
    47,
    11,
    27,
    22,
    20,
    30,
    27,
    19,
    33,
    19,
    29,
    10,
    20,
    24,
    16,
    37,
    19,
    1,
    18,
    13,
    37,
    19,
    9,
    16,
    25,
    10,
    20,
    13,
    21,
    10,
    22,
    62,
    22,
    33,
    33,
    41,
    12,
    45,
    26,
    23,
    25,
    14,
    10,
    21,
    17,
    28,
    22,
    24,
    26,
    32,
    26,
    28,
    21,
    23,
    18,
    12,
    18,
    39,
    15,
    16,
    20,
    22,
    9,
    33,
    11,
    25,
    24,
    24,
    8,
    32,
    9,
    19,
    16,
    2,
    35,
    6,
    58,
    46,
    17,
    15,
    17,
    15,
    16,
    11,
    30,
    28,
    21,
    10,
    20,
    20,
    20,
    33,
    29,
    27,
    7,
    17,
    29,
    15,
    30,
    27,
    24,
    10,
    44,
    33,
    28,
    31,
    14,
    19,
    19,
    31,
    26,
    42,
    54,
    23,
    14,
    67,
    7,
    16,
    37,
    19,
    9,
    14,
    47,
    21,
    36,
    19,
    11,
    24,
    26,
    4,
    12,
    10,
    1,
    12,
    10,
    17,
    21,
    12,
    14,
    20,
    22,
    13,
    44,
    20,
    22,
    18,
    7,
    32,
    25,
    8,
    25,
    18,
    15,
    17,
    49,
    46,
    20,
    40,
    11,
    15,
    29,
    8,
    42,
    1,
    9,
    13,
    17,
    52,
    13,
    18,
    21,
    28,
    44,
    22,
    23,
    1,
    38,
    56,
    48,
    19,
    21,
    5,
    20,
    18,
    12,
    33,
    17,
    23,
    1,
    15,
    8,
    13,
    11,
    29,
    9,
    13,
    16,
    13,
    26,
    12,
    30,
    40,
    17,
    47,
    3,
    25,
    20,
    13,
    29,
    14,
    36,
    4,
    7,
    2,
    58,
    11,
    2,
    1
  ],
  "vocabulary_size": 730
}