{
  "document_id": "1703.00864",
  "total_sentences": 452,
  "pruned_sentences": 448,
  "total_words": 12277,
  "pruned_words": 11662,
  "unique_words": 1160,
  "mean_sentence_length": 26.03125,
  "stdev_sentence_length": 20.326505023926167,
  "sentence_lengths": [
    1,
    35,
    17,
    9,
    10,
    3,
    4,
    22,
    52,
    27,
    29,
    3,
    29,
    8,
    22,
    8,
    14,
    9,
    12,
    40,
    33,
    47,
    15,
    32,
    11,
    16,
    14,
    21,
    20,
    1,
    17,
    21,
    3,
    25,
    9,
    18,
    9,
    3,
    8,
    17,
    23,
    4,
    20,
    7,
    15,
    10,
    5,
    30,
    19,
    50,
    11,
    26,
    4,
    18,
    55,
    14,
    47,
    19,
    21,
    12,
    51,
    56,
    71,
    31,
    15,
    26,
    20,
    24,
    16,
    15,
    11,
    19,
    28,
    35,
    6,
    27,
    33,
    30,
    28,
    39,
    15,
    18,
    23,
    18,
    13,
    12,
    6,
    25,
    13,
    19,
    11,
    32,
    26,
    8,
    19,
    27,
    1,
    36,
    14,
    20,
    20,
    29,
    46,
    25,
    14,
    18,
    13,
    24,
    16,
    24,
    12,
    63,
    20,
    17,
    28,
    29,
    12,
    22,
    31,
    48,
    9,
    24,
    21,
    27,
    11,
    34,
    1,
    106,
    30,
    13,
    30,
    25,
    17,
    33,
    23,
    2,
    13,
    17,
    33,
    35,
    20,
    26,
    19,
    1,
    17,
    31,
    11,
    19,
    7,
    20,
    24,
    19,
    44,
    4,
    8,
    31,
    17,
    16,
    34,
    43,
    8,
    17,
    43,
    21,
    10,
    12,
    18,
    16,
    15,
    19,
    49,
    30,
    16,
    44,
    14,
    29,
    12,
    33,
    11,
    26,
    34,
    40,
    15,
    13,
    30,
    47,
    47,
    26,
    19,
    19,
    4,
    13,
    17,
    30,
    1,
    4,
    36,
    2,
    41,
    22,
    11,
    31,
    22,
    10,
    20,
    13,
    26,
    18,
    37,
    13,
    25,
    34,
    23,
    34,
    17,
    31,
    14,
    1,
    30,
    8,
    26,
    8,
    8,
    21,
    23,
    7,
    24,
    10,
    39,
    15,
    21,
    22,
    37,
    19,
    18,
    27,
    44,
    16,
    19,
    68,
    2,
    19,
    33,
    21,
    27,
    39,
    11,
    85,
    19,
    7,
    24,
    14,
    19,
    21,
    30,
    11,
    18,
    8,
    9,
    29,
    25,
    47,
    20,
    36,
    56,
    31,
    14,
    83,
    18,
    52,
    101,
    25,
    10,
    27,
    116,
    20,
    2,
    29,
    83,
    38,
    30,
    16,
    16,
    28,
    7,
    60,
    26,
    78,
    60,
    5,
    7,
    12,
    107,
    21,
    12,
    32,
    15,
    92,
    30,
    25,
    22,
    9,
    16,
    21,
    5,
    36,
    25,
    24,
    17,
    34,
    49,
    50,
    7,
    23,
    4,
    21,
    19,
    15,
    19,
    15,
    56,
    21,
    60,
    14,
    62,
    20,
    20,
    2,
    105,
    17,
    60,
    30,
    26,
    63,
    5,
    32,
    111,
    21,
    29,
    2,
    98,
    66,
    66,
    17,
    31,
    41,
    33,
    16,
    21,
    28,
    21,
    14,
    26,
    37,
    83,
    7,
    80,
    6,
    9,
    16,
    102,
    22,
    39,
    14,
    26,
    57,
    19,
    21,
    79,
    57,
    25,
    23,
    19,
    36,
    10,
    28,
    32,
    37,
    34,
    51,
    49,
    32,
    14,
    43,
    15,
    43,
    3,
    12,
    22,
    21,
    34,
    86,
    29,
    35,
    11,
    94,
    34,
    53,
    34,
    75,
    90,
    25,
    26,
    94,
    56,
    11,
    40,
    10,
    8,
    30,
    6,
    46,
    4,
    17,
    14,
    3,
    20,
    14,
    9,
    29,
    19,
    24,
    22,
    7,
    3,
    5,
    15,
    6,
    19,
    50,
    51,
    26,
    20,
    18,
    7,
    21,
    29,
    16,
    22,
    26,
    11,
    7,
    24,
    24,
    17,
    6,
    13,
    11
  ],
  "vocabulary_size": 1160
}