{
  "document_id": "1703.08424",
  "total_sentences": 235,
  "pruned_sentences": 235,
  "total_words": 5009,
  "pruned_words": 5009,
  "unique_words": 646,
  "mean_sentence_length": 21.314893617021276,
  "stdev_sentence_length": 14.506217039179429,
  "sentence_lengths": [
    1,
    50,
    16,
    16,
    25,
    15,
    24,
    8,
    27,
    30,
    34,
    25,
    15,
    39,
    48,
    19,
    67,
    35,
    40,
    21,
    14,
    16,
    33,
    14,
    20,
    47,
    23,
    31,
    38,
    12,
    16,
    15,
    16,
    8,
    18,
    21,
    30,
    24,
    24,
    16,
    47,
    50,
    36,
    24,
    13,
    18,
    27,
    32,
    20,
    17,
    11,
    29,
    14,
    30,
    14,
    62,
    20,
    5,
    66,
    28,
    22,
    18,
    21,
    25,
    38,
    14,
    7,
    25,
    7,
    8,
    12,
    11,
    29,
    28,
    10,
    51,
    23,
    14,
    23,
    13,
    20,
    17,
    11,
    25,
    29,
    21,
    68,
    16,
    18,
    16,
    17,
    31,
    11,
    23,
    14,
    17,
    64,
    9,
    11,
    12,
    31,
    14,
    17,
    27,
    58,
    14,
    9,
    32,
    57,
    21,
    26,
    16,
    10,
    11,
    9,
    18,
    28,
    28,
    12,
    20,
    13,
    32,
    24,
    12,
    10,
    22,
    46,
    28,
    11,
    22,
    17,
    11,
    9,
    11,
    37,
    22,
    17,
    20,
    18,
    17,
    12,
    15,
    10,
    10,
    40,
    30,
    2,
    12,
    15,
    14,
    55,
    29,
    17,
    25,
    12,
    78,
    24,
    17,
    31,
    25,
    13,
    44,
    63,
    20,
    11,
    17,
    19,
    18,
    10,
    10,
    21,
    24,
    11,
    14,
    17,
    24,
    31,
    41,
    23,
    30,
    18,
    27,
    19,
    16,
    15,
    18,
    31,
    3,
    18,
    14,
    16,
    17,
    28,
    31,
    15,
    19,
    21,
    17,
    13,
    17,
    13,
    8,
    6,
    3,
    11,
    3,
    9,
    7,
    2,
    2,
    7,
    21,
    11,
    2,
    8,
    9,
    2,
    2,
    58,
    6,
    2,
    2,
    69,
    2,
    8,
    45,
    17,
    13,
    3,
    4,
    3,
    16,
    52,
    15,
    1
  ],
  "vocabulary_size": 646
}