{
  "document_id": "1705.07384",
  "total_sentences": 337,
  "pruned_sentences": 334,
  "total_words": 8469,
  "pruned_words": 8076,
  "unique_words": 1235,
  "mean_sentence_length": 24.179640718562876,
  "stdev_sentence_length": 21.232392214487007,
  "sentence_lengths": [
    1,
    95,
    16,
    15,
    37,
    30,
    56,
    14,
    26,
    15,
    23,
    38,
    30,
    67,
    36,
    13,
    15,
    9,
    34,
    27,
    17,
    17,
    17,
    14,
    19,
    25,
    15,
    35,
    10,
    8,
    26,
    38,
    27,
    23,
    6,
    23,
    27,
    29,
    47,
    20,
    50,
    13,
    30,
    21,
    10,
    21,
    25,
    11,
    13,
    43,
    12,
    86,
    17,
    29,
    56,
    27,
    29,
    11,
    24,
    54,
    29,
    42,
    28,
    28,
    17,
    28,
    17,
    42,
    10,
    15,
    40,
    9,
    29,
    37,
    90,
    45,
    22,
    31,
    13,
    23,
    44,
    32,
    42,
    4,
    81,
    44,
    28,
    24,
    41,
    18,
    3,
    5,
    20,
    17,
    46,
    65,
    25,
    61,
    15,
    22,
    4,
    3,
    21,
    18,
    21,
    17,
    17,
    5,
    18,
    74,
    26,
    35,
    53,
    9,
    22,
    34,
    3,
    31,
    47,
    10,
    35,
    33,
    22,
    16,
    5,
    33,
    34,
    17,
    16,
    9,
    6,
    6,
    9,
    10,
    2,
    2,
    2,
    6,
    5,
    5,
    4,
    13,
    29,
    27,
    40,
    11,
    8,
    54,
    42,
    17,
    25,
    14,
    14,
    28,
    33,
    37,
    6,
    24,
    20,
    27,
    34,
    6,
    7,
    22,
    3,
    9,
    42,
    6,
    9,
    11,
    16,
    11,
    6,
    3,
    27,
    17,
    2,
    40,
    18,
    10,
    10,
    13,
    40,
    81,
    30,
    41,
    9,
    15,
    6,
    2,
    37,
    21,
    13,
    42,
    25,
    5,
    5,
    9,
    18,
    6,
    19,
    71,
    19,
    34,
    21,
    14,
    12,
    26,
    16,
    15,
    35,
    8,
    22,
    20,
    37,
    6,
    43,
    13,
    51,
    15,
    23,
    6,
    8,
    7,
    7,
    9,
    3,
    9,
    112,
    24,
    8,
    9,
    11,
    7,
    6,
    2,
    112,
    71,
    15,
    22,
    37,
    18,
    18,
    8,
    43,
    21,
    19,
    48,
    5,
    6,
    76,
    74,
    6,
    56,
    9,
    47,
    4,
    52,
    17,
    7,
    11,
    3,
    4,
    5,
    27,
    16,
    11,
    4,
    10,
    43,
    5,
    3,
    12,
    4,
    17,
    2,
    8,
    17,
    3,
    6,
    5,
    2,
    3,
    4,
    25,
    4,
    5,
    42,
    9,
    10,
    12,
    14,
    15,
    11,
    31,
    24,
    33,
    11,
    63,
    58,
    111,
    6,
    60,
    31,
    92,
    6,
    13,
    97,
    36,
    12,
    11,
    95,
    5,
    3,
    55,
    9,
    39,
    15,
    45,
    78,
    3,
    4,
    78,
    8,
    19,
    16,
    10,
    16,
    11,
    69,
    39,
    33,
    23,
    2
  ],
  "vocabulary_size": 1235
}