{
  "document_id": "1706.08841",
  "total_sentences": 232,
  "pruned_sentences": 229,
  "total_words": 6041,
  "pruned_words": 5440,
  "unique_words": 989,
  "mean_sentence_length": 23.75545851528384,
  "stdev_sentence_length": 22.196323553337738,
  "sentence_lengths": [
    1,
    19,
    12,
    35,
    20,
    17,
    13,
    23,
    27,
    25,
    15,
    47,
    53,
    37,
    27,
    38,
    26,
    6,
    29,
    11,
    18,
    11,
    10,
    12,
    21,
    12,
    27,
    14,
    20,
    13,
    19,
    30,
    24,
    64,
    33,
    12,
    11,
    74,
    58,
    13,
    16,
    21,
    20,
    23,
    6,
    17,
    9,
    5,
    9,
    14,
    63,
    25,
    64,
    29,
    22,
    11,
    26,
    57,
    5,
    74,
    18,
    12,
    20,
    7,
    18,
    7,
    98,
    18,
    8,
    27,
    32,
    11,
    21,
    7,
    52,
    7,
    107,
    13,
    116,
    7,
    59,
    7,
    129,
    13,
    17,
    24,
    17,
    24,
    42,
    23,
    25,
    12,
    28,
    15,
    82,
    43,
    18,
    35,
    22,
    27,
    9,
    5,
    8,
    14,
    64,
    40,
    22,
    10,
    62,
    5,
    93,
    13,
    85,
    14,
    14,
    51,
    7,
    113,
    13,
    90,
    18,
    14,
    12,
    19,
    11,
    29,
    14,
    11,
    21,
    25,
    8,
    11,
    20,
    17,
    16,
    52,
    23,
    16,
    24,
    24,
    18,
    20,
    12,
    16,
    12,
    15,
    12,
    16,
    24,
    16,
    34,
    22,
    43,
    26,
    19,
    11,
    17,
    24,
    41,
    26,
    7,
    26,
    34,
    24,
    14,
    11,
    23,
    17,
    18,
    24,
    18,
    29,
    23,
    37,
    25,
    60,
    29,
    21,
    66,
    2,
    2,
    4,
    4,
    6,
    2,
    24,
    4,
    4,
    24,
    4,
    4,
    23,
    4,
    4,
    32,
    4,
    4,
    29,
    4,
    4,
    33,
    4,
    4,
    31,
    4,
    4,
    30,
    2,
    34,
    4,
    35,
    4,
    4,
    38,
    4,
    4,
    4,
    4,
    30,
    4,
    4,
    34,
    4,
    4,
    69,
    4,
    4,
    35,
    1
  ],
  "vocabulary_size": 989
}