{
  "document_id": "1706.00090",
  "total_sentences": 344,
  "pruned_sentences": 341,
  "total_words": 7289,
  "pruned_words": 6867,
  "unique_words": 942,
  "mean_sentence_length": 20.13782991202346,
  "stdev_sentence_length": 16.38278526148488,
  "sentence_lengths": [
    1,
    17,
    73,
    34,
    37,
    42,
    25,
    46,
    17,
    22,
    15,
    23,
    43,
    57,
    13,
    35,
    29,
    31,
    27,
    15,
    22,
    23,
    21,
    12,
    32,
    11,
    18,
    8,
    38,
    23,
    15,
    27,
    37,
    18,
    14,
    25,
    60,
    29,
    24,
    26,
    33,
    30,
    32,
    27,
    18,
    34,
    18,
    44,
    18,
    14,
    12,
    37,
    5,
    11,
    9,
    18,
    39,
    7,
    19,
    24,
    16,
    16,
    30,
    32,
    37,
    21,
    38,
    28,
    48,
    13,
    54,
    46,
    38,
    11,
    27,
    14,
    30,
    10,
    29,
    27,
    24,
    54,
    23,
    25,
    24,
    13,
    24,
    17,
    30,
    33,
    13,
    31,
    14,
    27,
    36,
    25,
    22,
    32,
    24,
    29,
    61,
    24,
    34,
    6,
    21,
    32,
    10,
    16,
    19,
    24,
    19,
    8,
    28,
    17,
    25,
    27,
    26,
    47,
    49,
    25,
    16,
    28,
    43,
    25,
    20,
    23,
    29,
    21,
    18,
    27,
    69,
    21,
    32,
    44,
    69,
    37,
    17,
    29,
    18,
    17,
    18,
    15,
    29,
    18,
    55,
    22,
    14,
    34,
    25,
    22,
    34,
    29,
    19,
    55,
    18,
    40,
    15,
    37,
    26,
    16,
    16,
    18,
    8,
    73,
    46,
    87,
    27,
    75,
    41,
    30,
    64,
    47,
    54,
    75,
    59,
    36,
    46,
    32,
    60,
    26,
    41,
    27,
    12,
    34,
    20,
    26,
    27,
    29,
    26,
    40,
    37,
    40,
    24,
    47,
    17,
    47,
    57,
    36,
    12,
    5,
    2,
    2,
    2,
    11,
    11,
    5,
    7,
    3,
    8,
    5,
    27,
    12,
    9,
    5,
    26,
    14,
    3,
    2,
    2,
    2,
    2,
    6,
    15,
    10,
    2,
    2,
    2,
    2,
    5,
    5,
    21,
    7,
    3,
    2,
    2,
    7,
    11,
    8,
    3,
    2,
    11,
    5,
    26,
    24,
    6,
    17,
    5,
    9,
    6,
    24,
    11,
    3,
    2,
    2,
    2,
    2,
    6,
    5,
    18,
    9,
    8,
    3,
    2,
    2,
    2,
    2,
    9,
    5,
    22,
    6,
    3,
    2,
    2,
    2,
    2,
    6,
    5,
    21,
    6,
    3,
    3,
    3,
    9,
    11,
    9,
    3,
    2,
    2,
    2,
    2,
    9,
    17,
    9,
    4,
    7,
    5,
    22,
    13,
    3,
    2,
    11,
    5,
    22,
    12,
    3,
    2,
    11,
    11,
    6,
    5,
    17,
    7,
    3,
    2,
    12,
    5,
    34,
    14,
    2,
    11,
    5,
    27,
    14,
    3,
    2,
    2,
    2,
    6,
    5,
    21,
    10,
    3,
    2,
    2,
    2,
    2,
    6,
    17,
    11,
    6,
    1
  ],
  "vocabulary_size": 942
}