{
  "document_id": "1708.08178",
  "total_sentences": 190,
  "pruned_sentences": 189,
  "total_words": 5181,
  "pruned_words": 5020,
  "unique_words": 668,
  "mean_sentence_length": 26.56084656084656,
  "stdev_sentence_length": 20.048684132624153,
  "sentence_lengths": [
    1,
    49,
    50,
    17,
    15,
    27,
    43,
    19,
    29,
    14,
    24,
    28,
    22,
    27,
    26,
    23,
    52,
    20,
    46,
    37,
    36,
    11,
    17,
    27,
    20,
    34,
    23,
    23,
    16,
    16,
    18,
    17,
    14,
    28,
    30,
    34,
    13,
    27,
    28,
    5,
    19,
    11,
    14,
    17,
    16,
    20,
    22,
    25,
    26,
    11,
    26,
    19,
    16,
    24,
    10,
    14,
    6,
    10,
    37,
    21,
    9,
    11,
    11,
    21,
    33,
    28,
    23,
    27,
    27,
    8,
    21,
    13,
    48,
    18,
    23,
    16,
    25,
    51,
    9,
    8,
    25,
    11,
    33,
    7,
    19,
    10,
    25,
    18,
    14,
    7,
    19,
    20,
    20,
    11,
    12,
    14,
    49,
    46,
    19,
    18,
    21,
    30,
    48,
    11,
    12,
    31,
    11,
    11,
    29,
    8,
    7,
    32,
    79,
    15,
    47,
    4,
    108,
    5,
    104,
    68,
    110,
    103,
    19,
    10,
    14,
    23,
    22,
    19,
    20,
    25,
    12,
    13,
    35,
    42,
    3,
    19,
    88,
    8,
    52,
    8,
    14,
    7,
    24,
    25,
    10,
    38,
    5,
    57,
    29,
    21,
    4,
    20,
    25,
    15,
    29,
    29,
    29,
    24,
    19,
    63,
    50,
    54,
    14,
    25,
    67,
    22,
    33,
    35,
    22,
    15,
    69,
    33,
    24,
    17,
    31,
    10,
    36,
    33,
    19,
    12,
    12,
    12,
    67,
    59,
    71,
    46,
    21,
    11,
    90
  ],
  "vocabulary_size": 668
}