{
  "document_id": "1708.00568",
  "total_sentences": 365,
  "pruned_sentences": 362,
  "total_words": 10222,
  "pruned_words": 9619,
  "unique_words": 1145,
  "mean_sentence_length": 26.57182320441989,
  "stdev_sentence_length": 22.125468998061244,
  "sentence_lengths": [
    1,
    83,
    16,
    30,
    32,
    27,
    47,
    24,
    22,
    25,
    17,
    35,
    20,
    25,
    32,
    18,
    18,
    16,
    49,
    58,
    76,
    55,
    24,
    22,
    11,
    35,
    52,
    42,
    40,
    69,
    3,
    31,
    27,
    11,
    11,
    31,
    22,
    26,
    5,
    15,
    7,
    18,
    35,
    26,
    21,
    29,
    34,
    29,
    17,
    29,
    20,
    73,
    6,
    5,
    21,
    39,
    17,
    36,
    42,
    15,
    6,
    2,
    12,
    24,
    29,
    10,
    18,
    12,
    11,
    14,
    22,
    28,
    37,
    29,
    52,
    32,
    26,
    19,
    17,
    51,
    22,
    18,
    7,
    61,
    16,
    56,
    19,
    7,
    3,
    54,
    5,
    19,
    20,
    23,
    14,
    22,
    10,
    14,
    17,
    12,
    29,
    13,
    13,
    12,
    30,
    33,
    30,
    15,
    36,
    57,
    19,
    3,
    71,
    25,
    3,
    3,
    18,
    12,
    13,
    11,
    48,
    11,
    17,
    37,
    9,
    19,
    108,
    16,
    14,
    18,
    12,
    86,
    8,
    63,
    32,
    3,
    66,
    21,
    22,
    27,
    6,
    6,
    59,
    17,
    10,
    36,
    12,
    43,
    85,
    17,
    83,
    7,
    3,
    4,
    95,
    24,
    43,
    3,
    18,
    17,
    12,
    36,
    13,
    119,
    5,
    33,
    77,
    13,
    31,
    16,
    20,
    23,
    17,
    29,
    23,
    14,
    5,
    29,
    37,
    19,
    13,
    15,
    63,
    14,
    16,
    30,
    4,
    23,
    24,
    14,
    16,
    30,
    28,
    10,
    65,
    16,
    10,
    61,
    13,
    24,
    9,
    19,
    8,
    21,
    39,
    25,
    8,
    41,
    50,
    37,
    22,
    6,
    12,
    15,
    29,
    25,
    24,
    20,
    46,
    28,
    10,
    16,
    49,
    82,
    106,
    36,
    36,
    1,
    80,
    17,
    19,
    8,
    5,
    17,
    18,
    15,
    31,
    27,
    89,
    3,
    23,
    32,
    28,
    16,
    19,
    11,
    99,
    25,
    11,
    16,
    30,
    14,
    13,
    57,
    33,
    3,
    30,
    28,
    25,
    22,
    12,
    43,
    18,
    2,
    9,
    19,
    26,
    15,
    24,
    17,
    33,
    44,
    6,
    42,
    11,
    76,
    107,
    53,
    25,
    25,
    44,
    45,
    3,
    26,
    77,
    16,
    9,
    8,
    17,
    20,
    11,
    3,
    15,
    7,
    18,
    2,
    15,
    7,
    26,
    15,
    19,
    68,
    7,
    10,
    11,
    8,
    5,
    8,
    5,
    14,
    11,
    96,
    33,
    9,
    17,
    22,
    14,
    76,
    48,
    9,
    66,
    17,
    22,
    17,
    21,
    11,
    21,
    11,
    39,
    53,
    74,
    19,
    39,
    78,
    22,
    7,
    69,
    56,
    18,
    8,
    11,
    3,
    12,
    5,
    104,
    12,
    5,
    37,
    9,
    11,
    13,
    8,
    18,
    30,
    73,
    4,
    39,
    11,
    32,
    8,
    17,
    1
  ],
  "vocabulary_size": 1145
}