{
  "document_id": "1709.10498",
  "total_sentences": 167,
  "pruned_sentences": 167,
  "total_words": 4413,
  "pruned_words": 4413,
  "unique_words": 930,
  "mean_sentence_length": 26.4251497005988,
  "stdev_sentence_length": 26.851534515758104,
  "sentence_lengths": [
    1,
    74,
    17,
    37,
    24,
    20,
    25,
    25,
    35,
    17,
    9,
    66,
    17,
    31,
    9,
    8,
    6,
    21,
    21,
    60,
    32,
    21,
    57,
    101,
    28,
    50,
    44,
    35,
    30,
    1,
    7,
    39,
    104,
    73,
    32,
    33,
    106,
    38,
    14,
    95,
    43,
    16,
    10,
    77,
    24,
    10,
    39,
    18,
    95,
    105,
    21,
    43,
    10,
    7,
    27,
    41,
    17,
    9,
    31,
    105,
    118,
    16,
    28,
    24,
    45,
    7,
    12,
    6,
    36,
    25,
    27,
    18,
    75,
    13,
    5,
    26,
    5,
    87,
    130,
    87,
    31,
    18,
    31,
    36,
    28,
    30,
    55,
    4,
    4,
    33,
    2,
    21,
    2,
    32,
    4,
    4,
    25,
    4,
    4,
    26,
    4,
    4,
    6,
    31,
    4,
    4,
    33,
    4,
    4,
    37,
    4,
    4,
    23,
    33,
    4,
    2,
    25,
    2,
    30,
    2,
    20,
    4,
    4,
    33,
    2,
    38,
    2,
    31,
    4,
    4,
    64,
    26,
    4,
    4,
    40,
    4,
    2,
    36,
    34,
    4,
    4,
    32,
    6,
    2,
    32,
    2,
    36,
    4,
    4,
    35,
    2,
    27,
    2,
    31,
    2,
    30,
    36,
    4,
    6,
    32,
    6,
    2,
    48,
    4,
    4,
    4,
    1
  ],
  "vocabulary_size": 930
}