{
  "document_id": "1709.05963",
  "total_sentences": 233,
  "pruned_sentences": 231,
  "total_words": 8850,
  "pruned_words": 8381,
  "unique_words": 851,
  "mean_sentence_length": 36.28138528138528,
  "stdev_sentence_length": 36.492328553958345,
  "sentence_lengths": [
    1,
    5,
    10,
    7,
    16,
    2,
    67,
    33,
    7,
    29,
    14,
    1,
    5,
    10,
    7,
    16,
    2,
    75,
    7,
    30,
    7,
    47,
    107,
    21,
    21,
    43,
    46,
    184,
    39,
    54,
    87,
    13,
    39,
    39,
    43,
    145,
    36,
    46,
    46,
    75,
    52,
    133,
    36,
    67,
    7,
    40,
    132,
    33,
    48,
    7,
    42,
    38,
    29,
    185,
    24,
    45,
    46,
    64,
    140,
    24,
    35,
    7,
    33,
    1,
    32,
    15,
    58,
    54,
    58,
    110,
    50,
    1,
    37,
    21,
    42,
    24,
    16,
    14,
    69,
    40,
    33,
    1,
    5,
    10,
    7,
    16,
    2,
    56,
    13,
    26,
    16,
    48,
    28,
    6,
    51,
    19,
    37,
    4,
    133,
    31,
    48,
    54,
    8,
    16,
    29,
    27,
    58,
    28,
    4,
    170,
    3,
    15,
    40,
    16,
    45,
    18,
    135,
    64,
    29,
    33,
    18,
    68,
    28,
    65,
    12,
    14,
    37,
    196,
    9,
    17,
    10,
    67,
    65,
    1,
    5,
    10,
    7,
    16,
    2,
    69,
    7,
    27,
    1,
    21,
    51,
    187,
    29,
    12,
    34,
    17,
    95,
    111,
    59,
    39,
    29,
    31,
    25,
    19,
    36,
    19,
    41,
    21,
    28,
    19,
    30,
    10,
    28,
    25,
    18,
    23,
    18,
    24,
    54,
    10,
    1,
    5,
    10,
    7,
    16,
    2,
    64,
    13,
    29,
    7,
    25,
    14,
    19,
    66,
    24,
    14,
    20,
    29,
    30,
    46,
    8,
    17,
    88,
    3,
    23,
    111,
    5,
    55,
    91,
    14,
    67,
    91,
    21,
    20,
    88,
    48,
    57,
    29,
    16,
    8,
    13,
    66,
    30,
    36,
    27,
    1,
    5,
    10,
    7,
    16,
    2,
    67,
    30,
    7,
    33,
    29,
    14
  ],
  "vocabulary_size": 851
}