{
  "document_id": "1709.08349",
  "total_sentences": 365,
  "pruned_sentences": 359,
  "total_words": 9971,
  "pruned_words": 9183,
  "unique_words": 992,
  "mean_sentence_length": 25.579387186629525,
  "stdev_sentence_length": 18.20303611065355,
  "sentence_lengths": [
    1,
    61,
    48,
    16,
    2,
    52,
    19,
    22,
    17,
    28,
    15,
    20,
    26,
    55,
    15,
    33,
    58,
    20,
    29,
    29,
    13,
    15,
    20,
    30,
    24,
    15,
    11,
    12,
    32,
    19,
    5,
    3,
    40,
    16,
    35,
    34,
    23,
    42,
    12,
    39,
    43,
    14,
    35,
    3,
    19,
    26,
    17,
    44,
    39,
    45,
    27,
    16,
    42,
    33,
    17,
    37,
    27,
    30,
    24,
    10,
    31,
    22,
    42,
    9,
    34,
    19,
    33,
    19,
    16,
    21,
    10,
    11,
    9,
    23,
    34,
    14,
    28,
    25,
    40,
    33,
    15,
    2,
    35,
    48,
    25,
    69,
    33,
    39,
    5,
    35,
    13,
    17,
    11,
    23,
    38,
    21,
    17,
    14,
    19,
    30,
    56,
    46,
    67,
    28,
    37,
    41,
    11,
    73,
    11,
    24,
    11,
    107,
    51,
    38,
    38,
    18,
    23,
    11,
    25,
    7,
    13,
    21,
    26,
    19,
    20,
    8,
    91,
    30,
    97,
    36,
    25,
    18,
    20,
    38,
    40,
    13,
    28,
    30,
    11,
    55,
    3,
    29,
    42,
    7,
    15,
    16,
    7,
    5,
    22,
    3,
    38,
    11,
    17,
    15,
    26,
    26,
    3,
    14,
    7,
    25,
    81,
    34,
    39,
    24,
    14,
    24,
    21,
    46,
    17,
    28,
    47,
    45,
    18,
    11,
    53,
    110,
    23,
    14,
    6,
    16,
    13,
    9,
    24,
    60,
    6,
    27,
    17,
    27,
    25,
    33,
    29,
    14,
    36,
    19,
    16,
    47,
    31,
    10,
    22,
    22,
    44,
    24,
    2,
    7,
    32,
    12,
    23,
    8,
    21,
    18,
    24,
    21,
    25,
    10,
    9,
    8,
    8,
    11,
    21,
    47,
    19,
    45,
    20,
    11,
    16,
    17,
    9,
    13,
    14,
    15,
    17,
    12,
    19,
    41,
    9,
    7,
    17,
    5,
    19,
    23,
    37,
    16,
    11,
    16,
    17,
    9,
    26,
    20,
    46,
    42,
    30,
    48,
    18,
    13,
    26,
    53,
    7,
    3,
    54,
    11,
    19,
    9,
    20,
    18,
    37,
    16,
    25,
    7,
    26,
    24,
    16,
    8,
    32,
    11,
    15,
    10,
    17,
    26,
    8,
    13,
    22,
    23,
    19,
    10,
    24,
    23,
    17,
    20,
    25,
    13,
    27,
    22,
    3,
    23,
    19,
    41,
    24,
    18,
    15,
    41,
    28,
    24,
    36,
    17,
    35,
    51,
    17,
    21,
    25,
    11,
    15,
    37,
    17,
    64,
    18,
    16,
    16,
    2,
    86,
    33,
    38,
    18,
    6,
    59,
    14,
    22,
    41,
    70,
    12,
    24,
    33,
    16,
    35,
    14,
    21,
    7,
    24,
    15,
    10,
    93,
    49,
    102,
    22,
    5,
    59,
    17,
    49,
    17,
    33,
    87,
    16,
    5,
    25,
    40,
    89,
    1,
    15,
    3,
    9
  ],
  "vocabulary_size": 992
}