{
  "document_id": "1709.09430",
  "total_sentences": 146,
  "pruned_sentences": 145,
  "total_words": 3779,
  "pruned_words": 3583,
  "unique_words": 809,
  "mean_sentence_length": 24.71034482758621,
  "stdev_sentence_length": 14.57066937824986,
  "sentence_lengths": [
    1,
    31,
    14,
    10,
    14,
    19,
    32,
    20,
    27,
    24,
    26,
    14,
    33,
    30,
    16,
    22,
    45,
    9,
    13,
    16,
    20,
    29,
    33,
    17,
    26,
    41,
    22,
    27,
    30,
    42,
    29,
    16,
    37,
    33,
    39,
    30,
    79,
    53,
    9,
    8,
    21,
    11,
    20,
    16,
    26,
    33,
    7,
    28,
    18,
    18,
    32,
    33,
    11,
    19,
    27,
    26,
    9,
    55,
    25,
    31,
    8,
    28,
    12,
    10,
    17,
    28,
    18,
    8,
    4,
    15,
    35,
    27,
    50,
    11,
    28,
    11,
    29,
    21,
    10,
    17,
    13,
    22,
    30,
    31,
    25,
    29,
    15,
    18,
    64,
    39,
    17,
    17,
    68,
    21,
    9,
    47,
    16,
    32,
    27,
    14,
    18,
    33,
    48,
    53,
    44,
    6,
    9,
    33,
    31,
    13,
    26,
    23,
    65,
    45,
    5,
    19,
    19,
    21,
    20,
    30,
    40,
    32,
    50,
    49,
    16,
    24,
    30,
    34,
    25,
    16,
    9,
    7,
    76,
    3,
    16,
    8,
    16,
    28,
    13,
    14,
    13,
    19,
    17,
    23,
    1
  ],
  "vocabulary_size": 809
}