{
  "document_id": "1710.07876",
  "total_sentences": 176,
  "pruned_sentences": 174,
  "total_words": 3774,
  "pruned_words": 3426,
  "unique_words": 615,
  "mean_sentence_length": 19.689655172413794,
  "stdev_sentence_length": 13.266769599376858,
  "sentence_lengths": [
    1,
    9,
    28,
    14,
    22,
    15,
    23,
    16,
    14,
    21,
    27,
    8,
    29,
    19,
    45,
    17,
    26,
    24,
    12,
    31,
    21,
    18,
    15,
    21,
    14,
    12,
    13,
    13,
    11,
    14,
    16,
    23,
    26,
    15,
    12,
    9,
    9,
    13,
    34,
    15,
    24,
    10,
    27,
    19,
    9,
    53,
    35,
    39,
    21,
    19,
    22,
    8,
    11,
    11,
    15,
    17,
    4,
    18,
    82,
    31,
    16,
    18,
    12,
    10,
    18,
    12,
    19,
    13,
    23,
    14,
    29,
    23,
    13,
    14,
    13,
    15,
    10,
    36,
    12,
    10,
    12,
    9,
    8,
    17,
    14,
    39,
    5,
    28,
    26,
    77,
    25,
    19,
    20,
    15,
    13,
    11,
    4,
    19,
    10,
    12,
    22,
    23,
    26,
    18,
    29,
    16,
    17,
    15,
    44,
    32,
    15,
    48,
    13,
    17,
    15,
    17,
    21,
    10,
    20,
    44,
    12,
    33,
    10,
    18,
    9,
    94,
    21,
    15,
    26,
    20,
    18,
    25,
    18,
    34,
    17,
    7,
    11,
    14,
    14,
    19,
    16,
    12,
    26,
    3,
    7,
    18,
    28,
    9,
    22,
    13,
    10,
    13,
    22,
    9,
    17,
    15,
    11,
    16,
    13,
    44,
    9,
    8,
    15,
    15,
    8,
    12,
    58,
    17,
    32,
    13,
    24,
    18,
    61,
    2
  ],
  "vocabulary_size": 615
}