{
  "document_id": "1710.05700",
  "total_sentences": 119,
  "pruned_sentences": 117,
  "total_words": 2681,
  "pruned_words": 2346,
  "unique_words": 476,
  "mean_sentence_length": 20.05128205128205,
  "stdev_sentence_length": 14.104197317212515,
  "sentence_lengths": [
    1,
    2,
    17,
    34,
    20,
    17,
    16,
    21,
    16,
    39,
    12,
    17,
    15,
    42,
    51,
    39,
    16,
    30,
    18,
    12,
    27,
    21,
    31,
    35,
    18,
    26,
    10,
    43,
    29,
    8,
    17,
    18,
    10,
    39,
    40,
    13,
    37,
    41,
    24,
    14,
    28,
    51,
    18,
    8,
    1,
    15,
    3,
    9,
    16,
    14,
    14,
    43,
    23,
    40,
    21,
    34,
    37,
    31,
    20,
    2,
    60,
    26,
    23,
    18,
    68,
    1,
    11,
    18,
    2,
    10,
    14,
    7,
    23,
    24,
    11,
    16,
    19,
    11,
    25,
    9,
    12,
    3,
    5,
    11,
    7,
    32,
    1,
    36,
    15,
    13,
    10,
    76,
    17,
    3,
    13,
    9,
    1,
    34,
    16,
    17,
    13,
    4,
    10,
    10,
    12,
    19,
    3,
    15,
    22,
    22,
    19,
    32,
    25,
    16,
    14,
    17,
    2
  ],
  "vocabulary_size": 476
}