{
  "document_id": "1710.06766",
  "total_sentences": 282,
  "pruned_sentences": 281,
  "total_words": 7760,
  "pruned_words": 7662,
  "unique_words": 760,
  "mean_sentence_length": 27.26690391459075,
  "stdev_sentence_length": 15.481669138325872,
  "sentence_lengths": [
    1,
    17,
    84,
    33,
    31,
    26,
    25,
    23,
    16,
    38,
    23,
    32,
    36,
    23,
    36,
    28,
    14,
    20,
    48,
    13,
    28,
    21,
    21,
    37,
    36,
    19,
    17,
    17,
    28,
    41,
    18,
    33,
    27,
    11,
    6,
    31,
    14,
    34,
    27,
    43,
    16,
    37,
    33,
    21,
    18,
    8,
    35,
    48,
    12,
    16,
    20,
    31,
    46,
    36,
    37,
    50,
    34,
    14,
    13,
    12,
    55,
    18,
    2,
    8,
    20,
    20,
    11,
    11,
    19,
    14,
    25,
    27,
    30,
    18,
    44,
    20,
    2,
    14,
    18,
    11,
    16,
    40,
    17,
    18,
    27,
    37,
    13,
    5,
    19,
    15,
    27,
    11,
    34,
    15,
    37,
    57,
    20,
    12,
    17,
    15,
    4,
    79,
    35,
    20,
    9,
    30,
    26,
    12,
    25,
    21,
    40,
    7,
    31,
    29,
    6,
    26,
    19,
    25,
    21,
    29,
    26,
    6,
    40,
    35,
    59,
    62,
    39,
    20,
    32,
    16,
    26,
    22,
    20,
    41,
    44,
    20,
    10,
    11,
    45,
    31,
    35,
    67,
    8,
    46,
    13,
    23,
    32,
    23,
    6,
    14,
    22,
    40,
    29,
    31,
    66,
    28,
    2,
    18,
    10,
    30,
    46,
    43,
    21,
    32,
    14,
    31,
    24,
    12,
    15,
    30,
    20,
    35,
    27,
    42,
    37,
    72,
    10,
    62,
    16,
    8,
    33,
    19,
    26,
    43,
    11,
    34,
    89,
    33,
    19,
    38,
    35,
    9,
    8,
    81,
    32,
    14,
    24,
    39,
    7,
    15,
    49,
    23,
    16,
    30,
    14,
    22,
    16,
    28,
    17,
    10,
    24,
    58,
    13,
    26,
    6,
    29,
    31,
    25,
    17,
    34,
    27,
    10,
    47,
    19,
    12,
    22,
    34,
    22,
    21,
    24,
    8,
    34,
    18,
    19,
    19,
    38,
    24,
    25,
    84,
    27,
    35,
    37,
    23,
    23,
    14,
    65,
    16,
    70,
    19,
    40,
    49,
    36,
    33,
    32,
    34,
    34,
    18,
    35,
    15,
    47,
    30,
    48,
    19,
    32,
    36,
    39,
    23,
    29,
    32,
    25,
    14,
    51,
    66,
    28,
    41,
    19,
    31,
    34,
    33,
    34,
    1
  ],
  "vocabulary_size": 760
}