{
  "document_id": "1710.11120",
  "total_sentences": 351,
  "pruned_sentences": 348,
  "total_words": 7000,
  "pruned_words": 6639,
  "unique_words": 1071,
  "mean_sentence_length": 19.07758620689655,
  "stdev_sentence_length": 16.405603278778678,
  "sentence_lengths": [
    1,
    53,
    8,
    2,
    25,
    15,
    17,
    39,
    13,
    22,
    24,
    21,
    32,
    11,
    9,
    13,
    13,
    16,
    12,
    29,
    21,
    17,
    35,
    36,
    21,
    20,
    21,
    19,
    30,
    12,
    12,
    36,
    21,
    33,
    18,
    19,
    28,
    34,
    40,
    21,
    6,
    35,
    17,
    43,
    20,
    13,
    19,
    12,
    21,
    13,
    16,
    10,
    23,
    12,
    1,
    68,
    5,
    19,
    16,
    11,
    19,
    10,
    1,
    40,
    18,
    3,
    33,
    26,
    6,
    9,
    23,
    11,
    11,
    5,
    5,
    12,
    6,
    18,
    14,
    1,
    14,
    25,
    27,
    1,
    26,
    20,
    6,
    24,
    1,
    53,
    16,
    17,
    13,
    12,
    29,
    20,
    14,
    13,
    12,
    9,
    23,
    11,
    27,
    15,
    9,
    11,
    18,
    87,
    73,
    23,
    17,
    22,
    79,
    19,
    31,
    5,
    34,
    12,
    11,
    2,
    32,
    10,
    14,
    63,
    46,
    10,
    12,
    48,
    12,
    69,
    53,
    37,
    13,
    29,
    3,
    12,
    17,
    1,
    17,
    9,
    38,
    12,
    11,
    18,
    17,
    9,
    12,
    29,
    21,
    3,
    44,
    1,
    54,
    39,
    14,
    6,
    29,
    29,
    53,
    31,
    13,
    10,
    41,
    3,
    25,
    10,
    28,
    30,
    3,
    40,
    35,
    30,
    23,
    35,
    12,
    16,
    43,
    36,
    1,
    78,
    33,
    93,
    18,
    22,
    22,
    19,
    84,
    8,
    17,
    11,
    48,
    14,
    31,
    27,
    15,
    9,
    18,
    76,
    5,
    9,
    1,
    20,
    12,
    1,
    16,
    14,
    34,
    10,
    11,
    84,
    17,
    18,
    2,
    29,
    26,
    27,
    12,
    29,
    10,
    7,
    4,
    55,
    55,
    11,
    21,
    24,
    26,
    15,
    24,
    12,
    24,
    1,
    18,
    1,
    7,
    8,
    8,
    4,
    29,
    15,
    4,
    6,
    6,
    22,
    7,
    1,
    19,
    17,
    15,
    24,
    12,
    15,
    14,
    17,
    25,
    45,
    12,
    35,
    58,
    31,
    22,
    21,
    10,
    25,
    2,
    11,
    5,
    4,
    4,
    24,
    5,
    31,
    2,
    4,
    7,
    5,
    22,
    2,
    4,
    4,
    5,
    29,
    32,
    2,
    4,
    7,
    5,
    38,
    7,
    5,
    43,
    7,
    5,
    32,
    7,
    5,
    31,
    6,
    4,
    5,
    24,
    4,
    5,
    29,
    4,
    5,
    18,
    2,
    4,
    4,
    5,
    5,
    33,
    28,
    4,
    5,
    5,
    19,
    7,
    5,
    32,
    5,
    22,
    8,
    35,
    5,
    8,
    33,
    5,
    30,
    5,
    4,
    4,
    7,
    28,
    8,
    4,
    5,
    31,
    4,
    4,
    5,
    26,
    3,
    4,
    4,
    5,
    1
  ],
  "vocabulary_size": 1071
}