{
  "document_id": "1711.01660",
  "total_sentences": 265,
  "pruned_sentences": 265,
  "total_words": 6016,
  "pruned_words": 6016,
  "unique_words": 738,
  "mean_sentence_length": 22.70188679245283,
  "stdev_sentence_length": 13.60584893398454,
  "sentence_lengths": [
    1,
    38,
    23,
    26,
    16,
    27,
    12,
    30,
    17,
    18,
    24,
    16,
    30,
    24,
    31,
    17,
    36,
    14,
    14,
    12,
    1,
    28,
    15,
    33,
    20,
    7,
    52,
    10,
    19,
    20,
    22,
    16,
    13,
    57,
    16,
    40,
    34,
    19,
    33,
    1,
    50,
    73,
    14,
    23,
    14,
    22,
    22,
    22,
    25,
    11,
    30,
    13,
    37,
    29,
    22,
    32,
    21,
    23,
    31,
    15,
    24,
    22,
    25,
    25,
    29,
    42,
    22,
    31,
    14,
    14,
    1,
    32,
    26,
    15,
    25,
    21,
    42,
    19,
    57,
    17,
    16,
    60,
    22,
    26,
    38,
    3,
    35,
    55,
    36,
    13,
    5,
    41,
    54,
    21,
    39,
    19,
    42,
    2,
    11,
    10,
    26,
    1,
    26,
    13,
    28,
    46,
    39,
    12,
    11,
    27,
    29,
    8,
    24,
    42,
    13,
    23,
    8,
    15,
    29,
    8,
    24,
    10,
    26,
    18,
    47,
    41,
    20,
    46,
    74,
    50,
    1,
    28,
    45,
    43,
    17,
    34,
    15,
    29,
    16,
    29,
    34,
    14,
    17,
    24,
    30,
    46,
    26,
    15,
    3,
    19,
    18,
    35,
    8,
    22,
    8,
    25,
    18,
    11,
    18,
    24,
    29,
    22,
    11,
    13,
    35,
    8,
    8,
    15,
    14,
    11,
    19,
    13,
    28,
    21,
    16,
    1,
    17,
    27,
    8,
    37,
    30,
    15,
    31,
    20,
    12,
    8,
    25,
    20,
    17,
    41,
    26,
    32,
    11,
    17,
    22,
    12,
    19,
    18,
    73,
    2,
    15,
    7,
    2,
    31,
    2,
    20,
    14,
    19,
    33,
    27,
    24,
    11,
    13,
    14,
    1,
    50,
    24,
    18,
    34,
    36,
    6,
    22,
    29,
    10,
    28,
    16,
    31,
    27,
    11,
    70,
    14,
    15,
    16,
    21,
    8,
    7,
    15,
    11,
    10,
    3,
    29,
    36,
    16,
    6,
    14,
    23,
    40,
    29,
    2,
    20,
    6,
    22,
    18,
    26,
    28,
    13,
    26,
    40,
    27,
    12,
    10,
    21,
    13,
    44,
    8
  ],
  "vocabulary_size": 738
}