{
  "document_id": "1711.01080",
  "total_sentences": 102,
  "pruned_sentences": 100,
  "total_words": 3494,
  "pruned_words": 3067,
  "unique_words": 405,
  "mean_sentence_length": 30.67,
  "stdev_sentence_length": 28.05876049300896,
  "sentence_lengths": [
    1,
    144,
    20,
    35,
    39,
    27,
    17,
    32,
    10,
    25,
    51,
    10,
    37,
    28,
    17,
    44,
    14,
    33,
    44,
    12,
    54,
    9,
    8,
    38,
    21,
    3,
    17,
    45,
    23,
    15,
    26,
    16,
    15,
    18,
    26,
    16,
    99,
    57,
    30,
    37,
    9,
    8,
    9,
    70,
    8,
    20,
    57,
    22,
    23,
    9,
    39,
    5,
    25,
    7,
    9,
    2,
    10,
    71,
    6,
    20,
    46,
    9,
    46,
    47,
    8,
    97,
    4,
    20,
    112,
    8,
    51,
    9,
    79,
    85,
    37,
    12,
    16,
    31,
    9,
    7,
    51,
    31,
    10,
    47,
    26,
    113,
    7,
    37,
    13,
    44,
    8,
    14,
    19,
    92,
    97,
    21,
    20,
    7,
    33,
    2
  ],
  "vocabulary_size": 405
}