{
  "document_id": "1711.02041",
  "total_sentences": 343,
  "pruned_sentences": 340,
  "total_words": 7674,
  "pruned_words": 7149,
  "unique_words": 1151,
  "mean_sentence_length": 21.026470588235295,
  "stdev_sentence_length": 13.819609188612247,
  "sentence_lengths": [
    1,
    28,
    28,
    29,
    56,
    21,
    28,
    30,
    35,
    38,
    32,
    35,
    19,
    26,
    9,
    10,
    22,
    32,
    15,
    26,
    34,
    18,
    19,
    16,
    12,
    28,
    20,
    33,
    28,
    20,
    15,
    10,
    10,
    18,
    20,
    19,
    16,
    21,
    27,
    17,
    21,
    4,
    12,
    29,
    23,
    31,
    63,
    40,
    51,
    34,
    30,
    13,
    65,
    36,
    40,
    13,
    31,
    32,
    1,
    51,
    34,
    16,
    2,
    13,
    30,
    14,
    16,
    12,
    16,
    12,
    32,
    12,
    25,
    11,
    21,
    13,
    43,
    18,
    26,
    8,
    33,
    2,
    18,
    18,
    18,
    21,
    17,
    11,
    46,
    26,
    12,
    27,
    38,
    15,
    10,
    9,
    48,
    7,
    3,
    23,
    6,
    24,
    21,
    28,
    42,
    11,
    39,
    25,
    8,
    9,
    17,
    23,
    34,
    15,
    14,
    17,
    9,
    47,
    12,
    28,
    14,
    18,
    25,
    47,
    26,
    25,
    15,
    25,
    30,
    8,
    27,
    16,
    15,
    16,
    17,
    6,
    19,
    14,
    45,
    19,
    10,
    8,
    38,
    32,
    18,
    27,
    25,
    20,
    23,
    9,
    30,
    15,
    23,
    14,
    16,
    14,
    17,
    10,
    14,
    28,
    18,
    13,
    33,
    19,
    21,
    17,
    26,
    16,
    12,
    8,
    19,
    25,
    13,
    17,
    78,
    16,
    16,
    18,
    39,
    27,
    21,
    25,
    26,
    12,
    6,
    15,
    16,
    29,
    33,
    10,
    20,
    16,
    8,
    19,
    23,
    8,
    32,
    38,
    13,
    20,
    40,
    37,
    18,
    30,
    11,
    41,
    24,
    5,
    25,
    13,
    17,
    53,
    25,
    24,
    22,
    39,
    12,
    51,
    24,
    17,
    25,
    18,
    9,
    15,
    51,
    8,
    19,
    15,
    18,
    7,
    59,
    51,
    13,
    3,
    8,
    11,
    28,
    15,
    15,
    35,
    20,
    11,
    2,
    10,
    5,
    17,
    6,
    4,
    34,
    45,
    19,
    19,
    38,
    16,
    18,
    10,
    31,
    56,
    17,
    14,
    40,
    18,
    7,
    19,
    6,
    5,
    18,
    9,
    35,
    2,
    2,
    15,
    31,
    2,
    16,
    15,
    17,
    2,
    2,
    15,
    19,
    13,
    2,
    16,
    37,
    13,
    2,
    2,
    15,
    34,
    2,
    15,
    49,
    3,
    15,
    36,
    2,
    29,
    2,
    16,
    42,
    2,
    34,
    35,
    2,
    2,
    38,
    2,
    83,
    36,
    2,
    2,
    45,
    44,
    2,
    15,
    35,
    2,
    15,
    41,
    2,
    15,
    50,
    16,
    32,
    2,
    2,
    15,
    31,
    2,
    2,
    15,
    39,
    2,
    28,
    2,
    15,
    41,
    2,
    11
  ],
  "vocabulary_size": 1151
}