{
  "document_id": "1712.02116",
  "total_sentences": 168,
  "pruned_sentences": 167,
  "total_words": 3328,
  "pruned_words": 3207,
  "unique_words": 637,
  "mean_sentence_length": 19.20359281437126,
  "stdev_sentence_length": 11.808991327397546,
  "sentence_lengths": [
    1,
    15,
    21,
    14,
    20,
    18,
    19,
    15,
    27,
    39,
    18,
    28,
    32,
    34,
    23,
    35,
    11,
    36,
    35,
    10,
    7,
    19,
    23,
    25,
    40,
    7,
    18,
    16,
    16,
    19,
    22,
    19,
    16,
    15,
    1,
    10,
    19,
    28,
    18,
    3,
    27,
    14,
    27,
    32,
    15,
    24,
    9,
    15,
    16,
    13,
    16,
    15,
    17,
    14,
    5,
    6,
    16,
    72,
    10,
    20,
    25,
    16,
    17,
    11,
    16,
    1,
    53,
    15,
    26,
    14,
    59,
    11,
    40,
    8,
    24,
    18,
    26,
    8,
    49,
    14,
    49,
    18,
    22,
    19,
    1,
    14,
    18,
    18,
    13,
    10,
    11,
    20,
    29,
    19,
    16,
    10,
    8,
    7,
    13,
    15,
    17,
    23,
    20,
    12,
    2,
    39,
    14,
    20,
    2,
    28,
    15,
    17,
    17,
    12,
    14,
    56,
    11,
    2,
    21,
    23,
    24,
    19,
    14,
    3,
    23,
    15,
    15,
    10,
    4,
    44,
    26,
    23,
    29,
    22,
    4,
    30,
    31,
    8,
    9,
    23,
    3,
    33,
    16,
    8,
    2,
    17,
    36,
    31,
    29,
    9,
    15,
    34,
    2,
    15,
    1,
    10,
    33,
    23,
    20,
    25,
    26,
    20,
    28,
    28,
    17,
    27,
    2
  ],
  "vocabulary_size": 637
}