{
  "document_id": "1712.09108",
  "total_sentences": 175,
  "pruned_sentences": 173,
  "total_words": 5181,
  "pruned_words": 4887,
  "unique_words": 842,
  "mean_sentence_length": 28.248554913294797,
  "stdev_sentence_length": 22.00611861779613,
  "sentence_lengths": [
    1,
    68,
    20,
    13,
    22,
    31,
    44,
    17,
    23,
    24,
    39,
    16,
    15,
    10,
    21,
    90,
    25,
    20,
    16,
    28,
    36,
    13,
    45,
    17,
    44,
    19,
    25,
    44,
    15,
    17,
    32,
    22,
    10,
    21,
    9,
    105,
    17,
    42,
    47,
    13,
    54,
    17,
    16,
    70,
    27,
    51,
    32,
    4,
    24,
    13,
    23,
    37,
    33,
    60,
    55,
    31,
    7,
    28,
    21,
    20,
    19,
    7,
    54,
    5,
    23,
    68,
    108,
    20,
    41,
    39,
    38,
    46,
    52,
    29,
    21,
    26,
    10,
    48,
    11,
    20,
    100,
    49,
    35,
    18,
    38,
    43,
    43,
    118,
    34,
    45,
    14,
    89,
    23,
    12,
    47,
    13,
    12,
    56,
    29,
    88,
    26,
    74,
    10,
    19,
    25,
    31,
    39,
    4,
    49,
    18,
    22,
    48,
    12,
    14,
    12,
    32,
    56,
    28,
    19,
    67,
    18,
    6,
    4,
    15,
    7,
    13,
    4,
    14,
    7,
    39,
    19,
    4,
    25,
    5,
    6,
    13,
    5,
    16,
    7,
    15,
    6,
    18,
    7,
    14,
    7,
    18,
    11,
    23,
    9,
    20,
    10,
    12,
    8,
    32,
    8,
    17,
    4,
    13,
    28,
    26,
    24,
    11,
    31,
    21,
    27,
    35,
    31,
    56,
    31,
    27,
    25,
    79,
    1
  ],
  "vocabulary_size": 842
}