{
  "document_id": "1801.05095",
  "total_sentences": 310,
  "pruned_sentences": 308,
  "total_words": 6841,
  "pruned_words": 6592,
  "unique_words": 798,
  "mean_sentence_length": 21.4025974025974,
  "stdev_sentence_length": 16.179175693790675,
  "sentence_lengths": [
    1,
    9,
    21,
    20,
    32,
    27,
    18,
    12,
    31,
    29,
    25,
    27,
    17,
    31,
    45,
    18,
    11,
    56,
    17,
    19,
    37,
    36,
    44,
    49,
    13,
    8,
    19,
    18,
    26,
    17,
    17,
    29,
    18,
    30,
    22,
    7,
    17,
    38,
    26,
    22,
    7,
    5,
    20,
    8,
    17,
    15,
    11,
    23,
    25,
    14,
    20,
    8,
    32,
    41,
    12,
    5,
    5,
    38,
    12,
    23,
    54,
    29,
    23,
    29,
    26,
    29,
    14,
    39,
    10,
    20,
    27,
    29,
    23,
    60,
    23,
    31,
    15,
    15,
    21,
    35,
    18,
    60,
    23,
    21,
    41,
    23,
    11,
    11,
    35,
    26,
    11,
    26,
    17,
    8,
    27,
    57,
    24,
    15,
    4,
    12,
    47,
    51,
    64,
    25,
    8,
    31,
    56,
    38,
    27,
    5,
    38,
    8,
    29,
    14,
    20,
    22,
    64,
    9,
    33,
    4,
    12,
    21,
    17,
    15,
    4,
    24,
    17,
    79,
    10,
    25,
    9,
    33,
    4,
    36,
    3,
    48,
    17,
    21,
    25,
    14,
    11,
    5,
    14,
    10,
    9,
    22,
    25,
    19,
    11,
    20,
    12,
    19,
    34,
    2,
    24,
    25,
    12,
    18,
    39,
    48,
    23,
    52,
    30,
    27,
    25,
    17,
    74,
    12,
    73,
    14,
    5,
    26,
    24,
    31,
    13,
    19,
    26,
    32,
    16,
    14,
    49,
    26,
    16,
    3,
    92,
    19,
    87,
    36,
    27,
    32,
    18,
    46,
    17,
    45,
    12,
    47,
    40,
    9,
    17,
    19,
    20,
    15,
    28,
    20,
    25,
    21,
    27,
    15,
    46,
    26,
    20,
    8,
    23,
    16,
    15,
    10,
    21,
    21,
    29,
    17,
    13,
    9,
    14,
    16,
    13,
    22,
    8,
    76,
    69,
    19,
    11,
    11,
    23,
    17,
    12,
    31,
    23,
    15,
    19,
    26,
    6,
    15,
    31,
    19,
    57,
    14,
    18,
    47,
    18,
    14,
    23,
    14,
    25,
    2,
    4,
    4,
    4,
    19,
    2,
    4,
    4,
    22,
    2,
    2,
    4,
    28,
    4,
    4,
    23,
    4,
    4,
    4,
    33,
    4,
    4,
    4,
    4,
    25,
    3,
    2,
    2,
    10,
    32,
    3,
    2,
    2,
    10,
    27,
    4,
    4,
    4,
    17,
    2,
    4,
    4,
    68,
    5,
    4,
    4,
    4,
    24,
    3,
    2,
    2,
    2,
    12,
    2,
    1
  ],
  "vocabulary_size": 798
}