{
  "document_id": "1802.06300",
  "total_sentences": 229,
  "pruned_sentences": 227,
  "total_words": 5051,
  "pruned_words": 4691,
  "unique_words": 758,
  "mean_sentence_length": 20.665198237885463,
  "stdev_sentence_length": 13.605464002924125,
  "sentence_lengths": [
    1,
    62,
    30,
    19,
    12,
    28,
    14,
    18,
    12,
    11,
    17,
    37,
    31,
    10,
    20,
    22,
    19,
    9,
    36,
    17,
    29,
    15,
    19,
    11,
    28,
    30,
    29,
    24,
    26,
    9,
    28,
    15,
    3,
    23,
    21,
    9,
    7,
    44,
    16,
    12,
    17,
    26,
    8,
    2,
    19,
    8,
    16,
    9,
    10,
    27,
    7,
    31,
    8,
    14,
    7,
    5,
    26,
    25,
    13,
    10,
    8,
    7,
    13,
    30,
    13,
    14,
    9,
    22,
    9,
    17,
    8,
    19,
    6,
    16,
    27,
    9,
    36,
    15,
    26,
    16,
    23,
    23,
    37,
    11,
    35,
    25,
    20,
    25,
    16,
    10,
    14,
    36,
    15,
    19,
    14,
    24,
    33,
    21,
    19,
    21,
    26,
    14,
    17,
    39,
    30,
    15,
    38,
    25,
    50,
    20,
    21,
    24,
    41,
    20,
    42,
    9,
    39,
    9,
    45,
    12,
    23,
    12,
    9,
    24,
    15,
    16,
    39,
    26,
    24,
    15,
    42,
    47,
    17,
    20,
    15,
    17,
    14,
    13,
    31,
    26,
    15,
    26,
    93,
    20,
    7,
    6,
    38,
    14,
    2,
    27,
    13,
    45,
    9,
    2,
    9,
    26,
    24,
    24,
    16,
    68,
    8,
    9,
    16,
    19,
    26,
    15,
    28,
    26,
    16,
    22,
    11,
    10,
    20,
    12,
    31,
    6,
    13,
    38,
    13,
    12,
    17,
    1,
    42,
    59,
    30,
    17,
    10,
    10,
    16,
    16,
    27,
    2,
    12,
    43,
    39,
    5,
    10,
    55,
    6,
    13,
    24,
    90,
    51,
    13,
    6,
    10,
    21,
    19,
    13,
    16,
    24,
    6,
    20,
    13,
    33,
    8,
    11,
    7,
    22,
    32,
    18,
    28,
    14,
    24,
    19,
    30,
    1
  ],
  "vocabulary_size": 758
}