{
  "document_id": "1802.01219",
  "total_sentences": 265,
  "pruned_sentences": 262,
  "total_words": 5114,
  "pruned_words": 4796,
  "unique_words": 806,
  "mean_sentence_length": 18.30534351145038,
  "stdev_sentence_length": 14.158323779919243,
  "sentence_lengths": [
    1,
    42,
    38,
    38,
    12,
    16,
    17,
    26,
    23,
    65,
    19,
    10,
    11,
    17,
    36,
    21,
    13,
    6,
    22,
    12,
    3,
    5,
    3,
    1,
    12,
    11,
    35,
    16,
    10,
    20,
    23,
    18,
    19,
    11,
    26,
    24,
    17,
    13,
    10,
    15,
    4,
    4,
    10,
    34,
    10,
    22,
    10,
    18,
    33,
    16,
    24,
    3,
    5,
    3,
    1,
    17,
    17,
    7,
    16,
    15,
    11,
    35,
    7,
    17,
    15,
    8,
    19,
    24,
    3,
    5,
    3,
    1,
    13,
    12,
    23,
    41,
    8,
    17,
    15,
    21,
    24,
    78,
    30,
    24,
    23,
    19,
    33,
    16,
    31,
    24,
    25,
    23,
    14,
    8,
    64,
    8,
    13,
    17,
    53,
    67,
    37,
    53,
    15,
    8,
    19,
    6,
    12,
    4,
    5,
    4,
    1,
    13,
    3,
    11,
    34,
    8,
    36,
    13,
    11,
    18,
    38,
    4,
    6,
    3,
    4,
    1,
    13,
    55,
    9,
    39,
    42,
    47,
    35,
    21,
    14,
    9,
    32,
    13,
    12,
    2,
    26,
    35,
    18,
    32,
    54,
    29,
    27,
    28,
    12,
    16,
    39,
    25,
    38,
    6,
    68,
    29,
    13,
    7,
    25,
    12,
    29,
    28,
    9,
    12,
    12,
    2,
    13,
    11,
    7,
    7,
    18,
    11,
    6,
    11,
    4,
    6,
    9,
    2,
    5,
    11,
    11,
    5,
    8,
    4,
    12,
    9,
    2,
    5,
    13,
    6,
    6,
    18,
    10,
    5,
    12,
    11,
    6,
    20,
    13,
    19,
    11,
    22,
    23,
    29,
    33,
    12,
    26,
    24,
    35,
    18,
    36,
    37,
    10,
    27,
    13,
    6,
    47,
    23,
    18,
    25,
    28,
    15,
    5,
    9,
    8,
    13,
    8,
    7,
    17,
    31,
    16,
    17,
    9,
    25,
    15,
    14,
    5,
    10,
    14,
    24,
    6,
    18,
    43,
    14,
    33,
    20,
    18,
    3,
    5,
    3,
    1,
    51,
    74,
    10,
    19,
    21,
    21,
    13,
    18,
    39,
    45,
    1
  ],
  "vocabulary_size": 806
}