{
  "document_id": "1802.08667",
  "total_sentences": 354,
  "pruned_sentences": 351,
  "total_words": 11203,
  "pruned_words": 9229,
  "unique_words": 1325,
  "mean_sentence_length": 26.293447293447294,
  "stdev_sentence_length": 23.50372462451582,
  "sentence_lengths": [
    1,
    62,
    45,
    15,
    24,
    22,
    19,
    39,
    28,
    26,
    41,
    15,
    24,
    36,
    20,
    16,
    37,
    24,
    31,
    25,
    36,
    20,
    23,
    45,
    22,
    27,
    33,
    25,
    19,
    10,
    32,
    9,
    17,
    24,
    28,
    16,
    11,
    26,
    23,
    5,
    28,
    26,
    21,
    6,
    19,
    10,
    26,
    9,
    29,
    16,
    24,
    11,
    19,
    6,
    21,
    10,
    20,
    14,
    38,
    11,
    47,
    8,
    14,
    11,
    15,
    19,
    35,
    30,
    21,
    21,
    15,
    41,
    14,
    15,
    28,
    74,
    11,
    63,
    25,
    6,
    63,
    31,
    10,
    16,
    4,
    41,
    40,
    3,
    19,
    24,
    18,
    22,
    20,
    28,
    17,
    32,
    21,
    44,
    10,
    19,
    19,
    22,
    8,
    43,
    14,
    31,
    19,
    3,
    10,
    19,
    4,
    48,
    14,
    29,
    3,
    9,
    17,
    4,
    12,
    14,
    27,
    25,
    12,
    10,
    40,
    14,
    22,
    57,
    21,
    51,
    12,
    37,
    16,
    12,
    37,
    32,
    49,
    18,
    13,
    19,
    12,
    14,
    22,
    47,
    19,
    30,
    52,
    40,
    66,
    10,
    31,
    13,
    27,
    17,
    17,
    13,
    38,
    25,
    36,
    32,
    24,
    6,
    5,
    15,
    21,
    48,
    10,
    48,
    22,
    10,
    19,
    35,
    27,
    9,
    13,
    56,
    33,
    10,
    59,
    20,
    64,
    8,
    18,
    30,
    44,
    33,
    53,
    26,
    57,
    14,
    56,
    7,
    26,
    44,
    17,
    31,
    22,
    26,
    17,
    6,
    21,
    18,
    11,
    13,
    15,
    14,
    14,
    12,
    30,
    22,
    27,
    27,
    19,
    23,
    9,
    16,
    15,
    14,
    11,
    9,
    7,
    88,
    11,
    11,
    7,
    116,
    20,
    25,
    11,
    11,
    25,
    7,
    14,
    25,
    6,
    12,
    25,
    32,
    3,
    16,
    6,
    21,
    18,
    40,
    16,
    5,
    25,
    19,
    27,
    24,
    11,
    10,
    16,
    7,
    154,
    29,
    26,
    9,
    17,
    16,
    55,
    14,
    9,
    19,
    30,
    17,
    11,
    11,
    18,
    16,
    54,
    42,
    92,
    19,
    57,
    54,
    15,
    41,
    8,
    10,
    13,
    164,
    101,
    27,
    26,
    16,
    12,
    10,
    44,
    10,
    28,
    20,
    22,
    59,
    13,
    41,
    7,
    11,
    64,
    15,
    30,
    7,
    11,
    16,
    16,
    50,
    26,
    38,
    40,
    34,
    19,
    30,
    22,
    9,
    48,
    31,
    13,
    18,
    91,
    11,
    30,
    24,
    7,
    7,
    35,
    11,
    14,
    11,
    5,
    46,
    71,
    37,
    35,
    11,
    17,
    33,
    83,
    26,
    11,
    34,
    29,
    30,
    29,
    41,
    32,
    25,
    86,
    235,
    11,
    123,
    1
  ],
  "vocabulary_size": 1325
}