{
  "document_id": "1802.03386",
  "total_sentences": 178,
  "pruned_sentences": 175,
  "total_words": 4428,
  "pruned_words": 3981,
  "unique_words": 593,
  "mean_sentence_length": 22.748571428571427,
  "stdev_sentence_length": 17.825291528118058,
  "sentence_lengths": [
    1,
    81,
    17,
    39,
    11,
    47,
    24,
    18,
    25,
    16,
    11,
    17,
    10,
    42,
    20,
    31,
    17,
    8,
    12,
    4,
    27,
    104,
    15,
    47,
    6,
    56,
    25,
    39,
    10,
    20,
    12,
    15,
    13,
    4,
    20,
    10,
    9,
    15,
    18,
    36,
    13,
    21,
    27,
    23,
    22,
    25,
    18,
    29,
    31,
    16,
    15,
    2,
    3,
    26,
    20,
    39,
    20,
    31,
    13,
    15,
    22,
    60,
    61,
    11,
    21,
    17,
    36,
    32,
    33,
    51,
    52,
    12,
    10,
    12,
    29,
    35,
    17,
    28,
    15,
    21,
    13,
    45,
    39,
    31,
    12,
    2,
    17,
    6,
    72,
    4,
    55,
    12,
    29,
    12,
    10,
    9,
    17,
    69,
    20,
    36,
    15,
    12,
    17,
    33,
    16,
    26,
    2,
    3,
    26,
    86,
    20,
    9,
    15,
    11,
    28,
    41,
    58,
    16,
    11,
    28,
    31,
    17,
    16,
    77,
    1,
    26,
    7,
    12,
    19,
    43,
    15,
    4,
    14,
    15,
    8,
    1,
    30,
    11,
    5,
    12,
    14,
    17,
    6,
    11,
    12,
    24,
    24,
    18,
    11,
    27,
    27,
    5,
    5,
    93,
    32,
    43,
    16,
    11,
    25,
    18,
    13,
    38,
    23,
    8,
    22,
    9,
    31,
    17,
    25,
    16,
    19,
    15,
    15,
    3,
    5
  ],
  "vocabulary_size": 593
}