{
  "document_id": "1802.06037",
  "total_sentences": 281,
  "pruned_sentences": 277,
  "total_words": 7899,
  "pruned_words": 7298,
  "unique_words": 1051,
  "mean_sentence_length": 26.346570397111915,
  "stdev_sentence_length": 19.4359529061253,
  "sentence_lengths": [
    1,
    70,
    38,
    17,
    32,
    12,
    25,
    17,
    32,
    12,
    29,
    39,
    22,
    50,
    22,
    25,
    34,
    14,
    32,
    30,
    28,
    32,
    31,
    13,
    8,
    18,
    3,
    17,
    18,
    5,
    11,
    18,
    26,
    15,
    13,
    26,
    7,
    4,
    16,
    26,
    19,
    26,
    39,
    12,
    19,
    16,
    11,
    32,
    19,
    24,
    16,
    10,
    31,
    23,
    18,
    34,
    29,
    16,
    28,
    38,
    15,
    12,
    40,
    22,
    31,
    24,
    12,
    38,
    29,
    18,
    24,
    51,
    51,
    23,
    47,
    24,
    20,
    21,
    14,
    14,
    19,
    23,
    28,
    36,
    45,
    70,
    30,
    22,
    15,
    9,
    19,
    30,
    26,
    25,
    29,
    23,
    29,
    16,
    25,
    20,
    15,
    8,
    23,
    16,
    123,
    17,
    4,
    46,
    10,
    19,
    22,
    36,
    68,
    17,
    22,
    19,
    9,
    27,
    18,
    39,
    27,
    12,
    26,
    11,
    32,
    23,
    63,
    32,
    8,
    10,
    11,
    62,
    12,
    8,
    3,
    56,
    17,
    15,
    15,
    16,
    30,
    23,
    21,
    6,
    29,
    9,
    60,
    25,
    24,
    44,
    34,
    15,
    5,
    11,
    32,
    26,
    17,
    19,
    6,
    2,
    12,
    23,
    3,
    59,
    27,
    25,
    24,
    12,
    34,
    30,
    19,
    24,
    10,
    28,
    10,
    6,
    30,
    20,
    7,
    3,
    20,
    23,
    48,
    32,
    17,
    32,
    32,
    14,
    44,
    31,
    22,
    42,
    25,
    50,
    25,
    19,
    21,
    43,
    71,
    20,
    38,
    36,
    26,
    18,
    2,
    9,
    44,
    28,
    18,
    74,
    46,
    6,
    50,
    51,
    4,
    18,
    26,
    22,
    29,
    28,
    17,
    19,
    37,
    50,
    22,
    16,
    87,
    3,
    18,
    35,
    101,
    8,
    42,
    107,
    7,
    30,
    9,
    35,
    13,
    81,
    123,
    8,
    37,
    86,
    28,
    10,
    16,
    112,
    40,
    17,
    13,
    31,
    15,
    14,
    9,
    13,
    16,
    21,
    23,
    62,
    34,
    11,
    16,
    12,
    29,
    23,
    8,
    46,
    37,
    50,
    18,
    39,
    6,
    12,
    30,
    13,
    1
  ],
  "vocabulary_size": 1051
}