{
  "document_id": "1802.01556",
  "total_sentences": 110,
  "pruned_sentences": 108,
  "total_words": 2650,
  "pruned_words": 2359,
  "unique_words": 504,
  "mean_sentence_length": 21.84259259259259,
  "stdev_sentence_length": 16.93150690062541,
  "sentence_lengths": [
    1,
    65,
    22,
    22,
    17,
    23,
    23,
    58,
    8,
    33,
    31,
    8,
    25,
    11,
    17,
    11,
    20,
    13,
    9,
    38,
    25,
    39,
    16,
    15,
    19,
    24,
    17,
    10,
    13,
    15,
    25,
    34,
    24,
    31,
    23,
    6,
    29,
    22,
    22,
    29,
    18,
    6,
    14,
    6,
    25,
    25,
    74,
    69,
    39,
    34,
    21,
    67,
    1,
    1,
    7,
    5,
    3,
    1,
    1,
    1,
    17,
    45,
    31,
    28,
    12,
    43,
    22,
    18,
    28,
    21,
    15,
    12,
    18,
    13,
    14,
    50,
    14,
    22,
    16,
    53,
    23,
    28,
    19,
    20,
    9,
    7,
    38,
    18,
    9,
    7,
    23,
    33,
    62,
    91,
    5,
    4,
    11,
    13,
    10,
    13,
    7,
    33,
    12,
    22,
    7,
    9,
    22,
    1
  ],
  "vocabulary_size": 504
}