{
  "document_id": "1803.02296",
  "total_sentences": 208,
  "pruned_sentences": 206,
  "total_words": 4573,
  "pruned_words": 4289,
  "unique_words": 683,
  "mean_sentence_length": 20.820388349514563,
  "stdev_sentence_length": 16.189179519264883,
  "sentence_lengths": [
    1,
    87,
    22,
    14,
    6,
    25,
    30,
    35,
    28,
    33,
    28,
    31,
    20,
    21,
    22,
    22,
    26,
    12,
    30,
    13,
    28,
    25,
    12,
    25,
    34,
    20,
    15,
    27,
    10,
    12,
    14,
    13,
    14,
    24,
    18,
    30,
    18,
    21,
    22,
    15,
    59,
    68,
    22,
    21,
    58,
    14,
    10,
    26,
    48,
    29,
    11,
    19,
    29,
    9,
    15,
    40,
    17,
    19,
    7,
    39,
    36,
    27,
    25,
    23,
    19,
    11,
    21,
    22,
    23,
    17,
    34,
    45,
    12,
    28,
    52,
    68,
    13,
    19,
    7,
    78,
    11,
    29,
    11,
    56,
    12,
    78,
    22,
    19,
    32,
    13,
    28,
    15,
    30,
    11,
    28,
    22,
    7,
    11,
    10,
    7,
    9,
    4,
    7,
    7,
    11,
    5,
    7,
    4,
    7,
    7,
    11,
    5,
    19,
    48,
    24,
    25,
    23,
    16,
    20,
    13,
    27,
    31,
    12,
    15,
    20,
    23,
    14,
    23,
    8,
    11,
    8,
    15,
    19,
    31,
    13,
    16,
    20,
    14,
    81,
    25,
    28,
    10,
    17,
    54,
    38,
    23,
    25,
    24,
    30,
    31,
    51,
    23,
    20,
    2,
    36,
    5,
    10,
    35,
    1,
    22,
    32,
    21,
    3,
    27,
    22,
    22,
    37,
    5,
    2,
    97,
    11,
    8,
    5,
    12,
    9,
    6,
    6,
    13,
    3,
    8,
    4,
    6,
    4,
    10,
    12,
    33,
    4,
    4,
    4,
    28,
    7,
    28,
    8,
    11,
    6,
    16,
    7,
    8,
    6,
    8,
    7,
    8,
    8,
    9,
    15,
    1
  ],
  "vocabulary_size": 683
}