{
  "document_id": "1803.10608",
  "total_sentences": 146,
  "pruned_sentences": 145,
  "total_words": 3442,
  "pruned_words": 3336,
  "unique_words": 408,
  "mean_sentence_length": 23.00689655172414,
  "stdev_sentence_length": 17.566736460852866,
  "sentence_lengths": [
    1,
    23,
    33,
    10,
    16,
    65,
    17,
    43,
    22,
    29,
    35,
    14,
    15,
    22,
    17,
    9,
    19,
    53,
    18,
    17,
    16,
    30,
    15,
    20,
    19,
    26,
    39,
    30,
    20,
    20,
    11,
    41,
    74,
    6,
    12,
    23,
    7,
    10,
    10,
    11,
    35,
    11,
    12,
    21,
    43,
    4,
    22,
    12,
    82,
    4,
    22,
    12,
    97,
    18,
    4,
    41,
    28,
    30,
    28,
    44,
    67,
    10,
    21,
    25,
    4,
    11,
    24,
    10,
    16,
    13,
    31,
    13,
    2,
    75,
    7,
    20,
    40,
    54,
    32,
    29,
    52,
    9,
    6,
    14,
    7,
    24,
    14,
    14,
    7,
    9,
    14,
    8,
    17,
    14,
    7,
    10,
    16,
    16,
    29,
    28,
    7,
    9,
    14,
    8,
    28,
    22,
    36,
    7,
    5,
    14,
    8,
    6,
    42,
    17,
    32,
    10,
    27,
    18,
    34,
    7,
    21,
    5,
    14,
    9,
    21,
    55,
    12,
    7,
    59,
    55,
    19,
    20,
    44,
    42,
    25,
    74,
    36,
    31,
    14,
    23,
    9,
    25,
    29,
    28,
    1
  ],
  "vocabulary_size": 408
}