{
  "document_id": "1803.07643",
  "total_sentences": 346,
  "pruned_sentences": 342,
  "total_words": 7761,
  "pruned_words": 7285,
  "unique_words": 964,
  "mean_sentence_length": 21.301169590643276,
  "stdev_sentence_length": 13.590791639796947,
  "sentence_lengths": [
    29,
    17,
    48,
    19,
    12,
    14,
    33,
    16,
    46,
    30,
    30,
    19,
    23,
    23,
    30,
    28,
    4,
    22,
    13,
    25,
    47,
    20,
    18,
    9,
    28,
    20,
    19,
    13,
    25,
    26,
    29,
    28,
    9,
    34,
    29,
    19,
    31,
    44,
    55,
    8,
    19,
    25,
    27,
    24,
    31,
    40,
    13,
    5,
    22,
    24,
    13,
    15,
    11,
    13,
    25,
    22,
    26,
    1,
    69,
    27,
    20,
    2,
    62,
    19,
    25,
    28,
    15,
    31,
    11,
    15,
    58,
    11,
    22,
    14,
    22,
    24,
    16,
    18,
    28,
    19,
    25,
    23,
    18,
    20,
    26,
    6,
    21,
    18,
    11,
    34,
    13,
    17,
    15,
    2,
    9,
    8,
    17,
    10,
    6,
    6,
    9,
    10,
    9,
    7,
    14,
    3,
    9,
    15,
    12,
    27,
    10,
    6,
    23,
    40,
    34,
    14,
    20,
    27,
    74,
    9,
    16,
    24,
    17,
    14,
    11,
    3,
    82,
    14,
    21,
    21,
    46,
    12,
    29,
    52,
    8,
    13,
    59,
    19,
    16,
    8,
    34,
    34,
    11,
    10,
    14,
    16,
    21,
    24,
    21,
    6,
    12,
    3,
    25,
    10,
    21,
    19,
    1,
    8,
    31,
    33,
    33,
    18,
    26,
    10,
    35,
    15,
    23,
    2,
    2,
    8,
    21,
    21,
    18,
    6,
    12,
    27,
    1,
    32,
    27,
    31,
    45,
    27,
    12,
    11,
    10,
    30,
    15,
    38,
    19,
    15,
    1,
    23,
    28,
    12,
    9,
    17,
    30,
    15,
    15,
    33,
    45,
    22,
    17,
    15,
    27,
    11,
    8,
    12,
    15,
    24,
    31,
    15,
    18,
    30,
    21,
    11,
    15,
    15,
    10,
    13,
    14,
    11,
    14,
    8,
    20,
    19,
    19,
    38,
    16,
    15,
    18,
    2,
    12,
    18,
    12,
    28,
    20,
    25,
    11,
    31,
    32,
    33,
    13,
    16,
    32,
    14,
    18,
    10,
    2,
    6,
    15,
    14,
    11,
    14,
    24,
    15,
    28,
    20,
    51,
    36,
    1,
    16,
    28,
    14,
    13,
    36,
    27,
    11,
    33,
    10,
    17,
    12,
    29,
    59,
    29,
    57,
    72,
    32,
    24,
    26,
    21,
    28,
    13,
    17,
    13,
    14,
    54,
    7,
    14,
    11,
    22,
    34,
    41,
    71,
    9,
    2,
    34,
    7,
    36,
    17,
    25,
    34,
    18,
    31,
    4,
    39,
    24,
    19,
    19,
    27,
    11,
    34,
    18,
    30,
    23,
    39,
    23,
    74,
    17,
    17,
    48,
    43,
    11,
    43,
    21,
    15,
    1,
    17,
    7,
    2,
    14,
    29,
    25,
    28,
    32,
    17,
    28,
    12,
    1,
    3,
    15,
    13
  ],
  "vocabulary_size": 964
}