{
  "document_id": "1804.03800",
  "total_sentences": 137,
  "pruned_sentences": 135,
  "total_words": 4162,
  "pruned_words": 3779,
  "unique_words": 584,
  "mean_sentence_length": 27.992592592592594,
  "stdev_sentence_length": 22.81871982762369,
  "sentence_lengths": [
    1,
    33,
    15,
    30,
    12,
    12,
    39,
    28,
    42,
    25,
    24,
    48,
    18,
    17,
    17,
    13,
    13,
    9,
    17,
    48,
    38,
    8,
    16,
    13,
    26,
    26,
    15,
    7,
    7,
    28,
    15,
    17,
    19,
    51,
    19,
    11,
    13,
    15,
    2,
    20,
    2,
    20,
    20,
    2,
    2,
    22,
    23,
    28,
    20,
    25,
    22,
    14,
    32,
    23,
    27,
    37,
    18,
    16,
    28,
    22,
    23,
    3,
    10,
    14,
    26,
    13,
    13,
    22,
    26,
    50,
    27,
    34,
    17,
    13,
    38,
    26,
    25,
    22,
    27,
    25,
    13,
    21,
    47,
    3,
    34,
    19,
    20,
    24,
    10,
    27,
    44,
    12,
    18,
    37,
    37,
    61,
    12,
    15,
    30,
    21,
    12,
    37,
    52,
    16,
    12,
    22,
    38,
    19,
    29,
    30,
    35,
    24,
    31,
    31,
    28,
    17,
    47,
    127,
    99,
    54,
    54,
    53,
    66,
    109,
    100,
    30,
    115,
    19,
    30,
    11,
    7,
    56,
    54,
    2,
    124
  ],
  "vocabulary_size": 584
}