{
  "document_id": "1804.05379",
  "total_sentences": 213,
  "pruned_sentences": 210,
  "total_words": 4940,
  "pruned_words": 4525,
  "unique_words": 576,
  "mean_sentence_length": 21.547619047619047,
  "stdev_sentence_length": 15.632750527043658,
  "sentence_lengths": [
    1,
    60,
    29,
    9,
    30,
    37,
    27,
    11,
    18,
    14,
    41,
    12,
    33,
    27,
    36,
    19,
    39,
    44,
    7,
    14,
    28,
    26,
    69,
    27,
    27,
    26,
    36,
    18,
    2,
    34,
    31,
    28,
    16,
    31,
    31,
    14,
    3,
    20,
    33,
    23,
    73,
    33,
    27,
    24,
    27,
    32,
    30,
    27,
    34,
    28,
    21,
    15,
    35,
    27,
    16,
    22,
    31,
    17,
    12,
    32,
    16,
    51,
    19,
    17,
    8,
    38,
    53,
    3,
    18,
    8,
    21,
    17,
    28,
    19,
    12,
    16,
    9,
    10,
    18,
    23,
    11,
    22,
    11,
    2,
    3,
    18,
    13,
    5,
    22,
    31,
    42,
    44,
    43,
    25,
    14,
    26,
    10,
    22,
    37,
    32,
    34,
    23,
    17,
    19,
    13,
    21,
    83,
    24,
    26,
    11,
    12,
    18,
    32,
    5,
    11,
    22,
    21,
    32,
    10,
    18,
    33,
    11,
    13,
    10,
    9,
    25,
    15,
    32,
    57,
    29,
    7,
    10,
    8,
    44,
    24,
    6,
    38,
    4,
    16,
    5,
    2,
    8,
    18,
    11,
    76,
    13,
    21,
    14,
    7,
    5,
    19,
    18,
    21,
    23,
    35,
    73,
    7,
    5,
    12,
    15,
    11,
    24,
    24,
    9,
    6,
    17,
    8,
    15,
    17,
    18,
    7,
    17,
    17,
    11,
    13,
    15,
    8,
    17,
    12,
    11,
    26,
    10,
    106,
    20,
    10,
    14,
    9,
    17,
    20,
    13,
    14,
    9,
    18,
    11,
    10,
    10,
    6,
    10,
    8,
    10,
    14,
    17,
    11,
    11,
    50,
    14,
    71,
    13,
    12,
    2
  ],
  "vocabulary_size": 576
}