{
  "document_id": "1805.11792",
  "total_sentences": 352,
  "pruned_sentences": 352,
  "total_words": 9371,
  "pruned_words": 9371,
  "unique_words": 924,
  "mean_sentence_length": 26.62215909090909,
  "stdev_sentence_length": 14.367455623040255,
  "sentence_lengths": [
    1,
    69,
    29,
    21,
    21,
    33,
    35,
    22,
    21,
    21,
    18,
    36,
    52,
    22,
    17,
    39,
    19,
    38,
    31,
    42,
    18,
    23,
    35,
    33,
    36,
    37,
    17,
    20,
    30,
    36,
    22,
    44,
    19,
    18,
    6,
    37,
    40,
    24,
    27,
    17,
    19,
    36,
    18,
    23,
    18,
    19,
    22,
    33,
    26,
    17,
    20,
    34,
    28,
    58,
    13,
    39,
    24,
    12,
    31,
    38,
    21,
    17,
    66,
    22,
    25,
    47,
    8,
    11,
    42,
    16,
    44,
    39,
    22,
    21,
    39,
    8,
    45,
    11,
    26,
    17,
    12,
    27,
    56,
    17,
    31,
    20,
    40,
    44,
    25,
    39,
    26,
    23,
    36,
    40,
    31,
    7,
    12,
    14,
    15,
    24,
    16,
    2,
    22,
    17,
    19,
    31,
    9,
    50,
    56,
    25,
    8,
    37,
    12,
    17,
    47,
    31,
    31,
    32,
    35,
    21,
    25,
    22,
    25,
    12,
    34,
    12,
    23,
    37,
    38,
    17,
    17,
    27,
    11,
    23,
    22,
    11,
    18,
    49,
    26,
    10,
    11,
    10,
    24,
    13,
    22,
    19,
    23,
    13,
    35,
    33,
    11,
    34,
    20,
    13,
    23,
    6,
    37,
    52,
    10,
    13,
    31,
    35,
    14,
    52,
    25,
    20,
    36,
    27,
    11,
    21,
    25,
    20,
    33,
    29,
    24,
    22,
    18,
    64,
    13,
    43,
    30,
    11,
    11,
    16,
    16,
    25,
    35,
    54,
    10,
    26,
    35,
    36,
    40,
    49,
    46,
    36,
    31,
    2,
    14,
    10,
    23,
    11,
    30,
    35,
    26,
    29,
    52,
    24,
    30,
    48,
    44,
    46,
    16,
    35,
    37,
    32,
    41,
    28,
    36,
    12,
    22,
    23,
    17,
    15,
    24,
    44,
    11,
    29,
    9,
    16,
    23,
    32,
    17,
    6,
    12,
    25,
    27,
    22,
    11,
    24,
    25,
    15,
    56,
    57,
    29,
    9,
    3,
    27,
    41,
    27,
    30,
    5,
    19,
    50,
    52,
    21,
    12,
    43,
    36,
    3,
    48,
    15,
    55,
    34,
    20,
    5,
    31,
    35,
    26,
    24,
    16,
    82,
    16,
    23,
    46,
    9,
    9,
    34,
    36,
    5,
    13,
    38,
    27,
    47,
    15,
    20,
    22,
    47,
    24,
    81,
    5,
    26,
    40,
    26,
    54,
    48,
    37,
    18,
    79,
    22,
    21,
    7,
    18,
    49,
    24,
    42,
    5,
    31,
    40,
    24,
    19,
    22,
    13,
    15,
    24,
    72,
    21,
    31,
    54,
    38,
    34,
    24,
    33,
    36,
    7,
    5,
    53,
    4,
    12,
    37,
    29,
    6,
    26,
    37,
    19,
    13,
    29,
    8,
    45,
    45,
    7,
    23,
    18,
    32,
    27,
    16,
    28,
    19,
    8,
    6,
    2,
    16
  ],
  "vocabulary_size": 924
}