{
  "document_id": "1805.08246",
  "total_sentences": 226,
  "pruned_sentences": 223,
  "total_words": 5613,
  "pruned_words": 5121,
  "unique_words": 849,
  "mean_sentence_length": 22.96412556053812,
  "stdev_sentence_length": 16.465048020777402,
  "sentence_lengths": [
    1,
    20,
    37,
    22,
    24,
    16,
    43,
    46,
    14,
    37,
    22,
    29,
    2,
    39,
    15,
    19,
    18,
    25,
    36,
    24,
    18,
    34,
    30,
    25,
    30,
    31,
    16,
    10,
    17,
    99,
    50,
    24,
    10,
    14,
    1,
    53,
    2,
    2,
    15,
    20,
    1,
    16,
    24,
    55,
    16,
    6,
    9,
    14,
    1,
    26,
    31,
    23,
    17,
    32,
    12,
    15,
    9,
    21,
    20,
    18,
    3,
    10,
    24,
    16,
    14,
    9,
    17,
    53,
    2,
    47,
    2,
    66,
    2,
    14,
    39,
    2,
    21,
    15,
    18,
    18,
    18,
    15,
    14,
    30,
    11,
    12,
    32,
    32,
    37,
    71,
    34,
    16,
    14,
    24,
    27,
    32,
    32,
    45,
    11,
    16,
    12,
    18,
    73,
    34,
    39,
    10,
    21,
    28,
    16,
    16,
    18,
    15,
    21,
    21,
    28,
    25,
    1,
    62,
    33,
    37,
    26,
    20,
    34,
    24,
    25,
    18,
    22,
    7,
    25,
    24,
    47,
    25,
    16,
    13,
    14,
    1,
    40,
    25,
    8,
    29,
    24,
    43,
    16,
    9,
    29,
    28,
    31,
    10,
    6,
    50,
    19,
    26,
    19,
    22,
    12,
    19,
    30,
    13,
    17,
    17,
    9,
    8,
    30,
    9,
    13,
    33,
    13,
    9,
    25,
    24,
    18,
    10,
    21,
    28,
    24,
    37,
    24,
    21,
    2,
    22,
    13,
    19,
    18,
    24,
    15,
    14,
    15,
    33,
    28,
    25,
    15,
    34,
    4,
    9,
    2,
    14,
    20,
    12,
    1,
    14,
    57,
    21,
    30,
    22,
    39,
    2,
    21,
    9,
    30,
    32,
    2,
    54,
    22,
    101,
    21,
    15,
    12,
    10,
    59,
    90,
    70,
    2,
    9
  ],
  "vocabulary_size": 849
}