{
  "document_id": "1806.05081",
  "total_sentences": 409,
  "pruned_sentences": 405,
  "total_words": 19700,
  "pruned_words": 12081,
  "unique_words": 1856,
  "mean_sentence_length": 29.82962962962963,
  "stdev_sentence_length": 34.55463619094012,
  "sentence_lengths": [
    1,
    11,
    22,
    90,
    20,
    10,
    21,
    14,
    26,
    17,
    11,
    56,
    29,
    30,
    20,
    21,
    13,
    36,
    4,
    26,
    33,
    12,
    28,
    8,
    40,
    12,
    15,
    33,
    15,
    1,
    2,
    43,
    96,
    30,
    23,
    107,
    20,
    29,
    19,
    18,
    24,
    51,
    18,
    11,
    30,
    27,
    4,
    16,
    76,
    23,
    18,
    21,
    34,
    13,
    80,
    38,
    53,
    12,
    15,
    42,
    18,
    32,
    55,
    27,
    19,
    14,
    18,
    12,
    55,
    24,
    33,
    11,
    12,
    78,
    14,
    12,
    31,
    11,
    18,
    1,
    102,
    9,
    26,
    19,
    12,
    8,
    9,
    12,
    17,
    22,
    12,
    39,
    51,
    13,
    16,
    25,
    10,
    26,
    61,
    23,
    14,
    38,
    28,
    22,
    16,
    27,
    15,
    36,
    19,
    32,
    18,
    14,
    16,
    22,
    37,
    1,
    16,
    23,
    15,
    19,
    35,
    7,
    30,
    19,
    14,
    23,
    39,
    20,
    20,
    18,
    5,
    13,
    44,
    28,
    22,
    25,
    22,
    27,
    9,
    11,
    50,
    19,
    34,
    26,
    33,
    21,
    20,
    6,
    28,
    7,
    44,
    16,
    18,
    34,
    14,
    37,
    2,
    16,
    17,
    23,
    12,
    28,
    28,
    29,
    22,
    9,
    8,
    8,
    10,
    22,
    14,
    23,
    32,
    24,
    10,
    10,
    10,
    22,
    15,
    7,
    18,
    13,
    13,
    20,
    45,
    23,
    32,
    17,
    18,
    96,
    112,
    22,
    28,
    38,
    16,
    72,
    5,
    11,
    14,
    80,
    24,
    4,
    82,
    16,
    21,
    18,
    30,
    13,
    28,
    16,
    12,
    42,
    28,
    24,
    1,
    27,
    8,
    20,
    43,
    56,
    72,
    25,
    27,
    10,
    47,
    10,
    26,
    51,
    25,
    24,
    14,
    26,
    17,
    16,
    39,
    22,
    16,
    52,
    32,
    40,
    12,
    14,
    16,
    7,
    9,
    33,
    28,
    20,
    30,
    26,
    19,
    16,
    27,
    11,
    33,
    18,
    7,
    39,
    31,
    28,
    20,
    18,
    36,
    16,
    42,
    23,
    10,
    2,
    30,
    42,
    7,
    5,
    16,
    36,
    38,
    58,
    56,
    53,
    51,
    1,
    55,
    23,
    9,
    11,
    354,
    2,
    50,
    7,
    15,
    72,
    113,
    17,
    11,
    11,
    9,
    76,
    3,
    2,
    46,
    31,
    7,
    43,
    14,
    7,
    7,
    3,
    6,
    20,
    52,
    20,
    108,
    19,
    86,
    13,
    8,
    15,
    14,
    47,
    9,
    48,
    8,
    18,
    46,
    39,
    175,
    331,
    34,
    97,
    177,
    19,
    12,
    90,
    2,
    33,
    84,
    17,
    19,
    12,
    3,
    59,
    31,
    7,
    25,
    26,
    11,
    17,
    3,
    15,
    7,
    30,
    31,
    14,
    20,
    20,
    14,
    15,
    17,
    18,
    162,
    18,
    19,
    16,
    54,
    9,
    38,
    7,
    13,
    2,
    30,
    92,
    7,
    6,
    12,
    29,
    10,
    22,
    60,
    54,
    136,
    11,
    50,
    9,
    4,
    21,
    164,
    13,
    13,
    86,
    77,
    11,
    8,
    19,
    87,
    27,
    68,
    117,
    9,
    112,
    54,
    11,
    15,
    16,
    36,
    60,
    5
  ],
  "vocabulary_size": 1856
}