{
  "document_id": "1806.00811",
  "total_sentences": 281,
  "pruned_sentences": 279,
  "total_words": 6731,
  "pruned_words": 6206,
  "unique_words": 926,
  "mean_sentence_length": 22.24372759856631,
  "stdev_sentence_length": 15.091021977600066,
  "sentence_lengths": [
    1,
    95,
    21,
    24,
    45,
    29,
    20,
    17,
    28,
    27,
    24,
    17,
    33,
    15,
    8,
    33,
    47,
    16,
    20,
    33,
    25,
    24,
    29,
    29,
    20,
    11,
    28,
    27,
    10,
    26,
    16,
    31,
    11,
    33,
    28,
    18,
    31,
    31,
    32,
    1,
    25,
    17,
    19,
    3,
    27,
    15,
    28,
    6,
    18,
    14,
    12,
    4,
    16,
    15,
    31,
    2,
    7,
    12,
    12,
    9,
    21,
    8,
    15,
    31,
    21,
    17,
    11,
    13,
    15,
    19,
    11,
    4,
    31,
    11,
    24,
    23,
    10,
    20,
    12,
    14,
    21,
    1,
    6,
    21,
    11,
    18,
    9,
    17,
    8,
    32,
    17,
    13,
    16,
    11,
    33,
    10,
    15,
    22,
    30,
    35,
    10,
    31,
    11,
    12,
    31,
    7,
    29,
    41,
    43,
    32,
    57,
    26,
    23,
    27,
    25,
    28,
    16,
    24,
    36,
    7,
    26,
    18,
    21,
    31,
    23,
    9,
    23,
    29,
    18,
    10,
    15,
    32,
    15,
    10,
    43,
    26,
    22,
    19,
    19,
    33,
    25,
    24,
    44,
    10,
    48,
    44,
    12,
    34,
    31,
    27,
    45,
    28,
    17,
    36,
    17,
    18,
    17,
    5,
    18,
    20,
    21,
    26,
    16,
    20,
    14,
    18,
    45,
    1,
    27,
    11,
    28,
    17,
    47,
    9,
    23,
    17,
    18,
    14,
    27,
    32,
    7,
    73,
    17,
    28,
    32,
    32,
    18,
    22,
    24,
    32,
    16,
    22,
    1,
    25,
    28,
    19,
    27,
    21,
    13,
    1,
    6,
    16,
    30,
    21,
    9,
    18,
    26,
    16,
    7,
    20,
    17,
    17,
    45,
    12,
    16,
    42,
    34,
    17,
    30,
    19,
    18,
    30,
    26,
    53,
    18,
    2,
    92,
    28,
    6,
    14,
    21,
    69,
    87,
    94,
    7,
    69,
    21,
    12,
    18,
    1,
    16,
    15,
    10,
    13,
    50,
    3,
    24,
    7,
    16,
    24,
    28,
    31,
    13,
    6,
    39,
    13,
    24,
    14,
    6,
    8,
    6,
    88,
    24,
    13,
    18,
    19,
    12,
    14,
    21,
    10,
    33,
    9,
    39,
    15,
    31,
    11,
    15,
    13,
    1
  ],
  "vocabulary_size": 926
}