{
  "document_id": "1807.08604",
  "total_sentences": 135,
  "pruned_sentences": 134,
  "total_words": 6073,
  "pruned_words": 5847,
  "unique_words": 664,
  "mean_sentence_length": 43.634328358208954,
  "stdev_sentence_length": 35.64308051562393,
  "sentence_lengths": [
    1,
    70,
    9,
    147,
    26,
    21,
    19,
    40,
    28,
    21,
    20,
    25,
    13,
    65,
    73,
    19,
    29,
    21,
    21,
    30,
    27,
    15,
    10,
    7,
    10,
    26,
    8,
    8,
    17,
    26,
    26,
    10,
    16,
    41,
    33,
    9,
    81,
    48,
    8,
    10,
    52,
    24,
    13,
    70,
    12,
    69,
    6,
    63,
    82,
    76,
    75,
    32,
    28,
    49,
    32,
    18,
    48,
    29,
    33,
    38,
    23,
    32,
    73,
    4,
    40,
    85,
    35,
    95,
    105,
    13,
    110,
    31,
    67,
    67,
    48,
    40,
    60,
    35,
    68,
    68,
    72,
    74,
    63,
    126,
    25,
    9,
    76,
    48,
    20,
    32,
    33,
    34,
    53,
    7,
    46,
    8,
    33,
    7,
    75,
    15,
    17,
    24,
    81,
    45,
    50,
    15,
    14,
    66,
    32,
    51,
    86,
    26,
    4,
    5,
    86,
    63,
    25,
    5,
    134,
    13,
    166,
    5,
    31,
    57,
    155,
    166,
    47,
    113,
    50,
    116,
    77,
    77,
    5,
    2
  ],
  "vocabulary_size": 664
}