{
  "document_id": "1807.02275",
  "total_sentences": 174,
  "pruned_sentences": 173,
  "total_words": 4653,
  "pruned_words": 4553,
  "unique_words": 743,
  "mean_sentence_length": 26.31791907514451,
  "stdev_sentence_length": 14.677445608758502,
  "sentence_lengths": [
    1,
    78,
    20,
    29,
    29,
    75,
    62,
    42,
    34,
    31,
    18,
    36,
    24,
    4,
    72,
    4,
    25,
    28,
    20,
    21,
    32,
    15,
    27,
    39,
    12,
    18,
    29,
    23,
    4,
    32,
    33,
    45,
    43,
    12,
    10,
    9,
    18,
    40,
    20,
    20,
    32,
    33,
    32,
    14,
    26,
    49,
    22,
    30,
    22,
    37,
    48,
    34,
    5,
    64,
    32,
    27,
    24,
    18,
    28,
    19,
    38,
    70,
    24,
    30,
    29,
    29,
    26,
    34,
    46,
    59,
    22,
    20,
    40,
    24,
    23,
    44,
    50,
    24,
    13,
    29,
    34,
    37,
    24,
    49,
    30,
    38,
    43,
    13,
    29,
    30,
    17,
    19,
    22,
    18,
    31,
    32,
    42,
    10,
    17,
    33,
    31,
    13,
    13,
    42,
    18,
    7,
    12,
    42,
    21,
    27,
    8,
    34,
    23,
    16,
    6,
    13,
    19,
    21,
    41,
    44,
    30,
    46,
    20,
    4,
    23,
    11,
    9,
    37,
    6,
    16,
    16,
    6,
    8,
    9,
    17,
    15,
    11,
    29,
    9,
    11,
    37,
    17,
    39,
    25,
    33,
    11,
    26,
    20,
    36,
    14,
    16,
    18,
    16,
    34,
    63,
    21,
    22,
    25,
    17,
    34,
    8,
    29,
    21,
    43,
    3,
    30,
    10,
    17,
    41,
    20,
    33,
    7,
    11
  ],
  "vocabulary_size": 743
}