{
  "document_id": "1807.07205",
  "total_sentences": 277,
  "pruned_sentences": 275,
  "total_words": 6469,
  "pruned_words": 6151,
  "unique_words": 1074,
  "mean_sentence_length": 22.367272727272727,
  "stdev_sentence_length": 15.010690284820623,
  "sentence_lengths": [
    1,
    33,
    18,
    19,
    15,
    37,
    57,
    25,
    14,
    22,
    46,
    15,
    28,
    11,
    23,
    23,
    13,
    36,
    37,
    15,
    27,
    27,
    22,
    40,
    19,
    56,
    17,
    25,
    30,
    9,
    20,
    16,
    17,
    36,
    22,
    23,
    13,
    21,
    64,
    17,
    10,
    19,
    44,
    8,
    11,
    14,
    18,
    31,
    44,
    18,
    18,
    37,
    18,
    18,
    32,
    26,
    26,
    26,
    31,
    21,
    14,
    31,
    37,
    24,
    9,
    24,
    11,
    30,
    23,
    27,
    53,
    28,
    29,
    13,
    21,
    20,
    15,
    5,
    35,
    36,
    18,
    23,
    15,
    18,
    56,
    22,
    29,
    31,
    31,
    19,
    13,
    10,
    22,
    16,
    15,
    18,
    20,
    26,
    44,
    18,
    17,
    27,
    49,
    5,
    31,
    43,
    30,
    48,
    34,
    22,
    37,
    31,
    35,
    23,
    24,
    44,
    15,
    30,
    20,
    23,
    8,
    17,
    11,
    25,
    4,
    15,
    10,
    21,
    18,
    37,
    5,
    18,
    30,
    11,
    13,
    11,
    15,
    23,
    22,
    48,
    22,
    34,
    25,
    25,
    19,
    26,
    23,
    24,
    29,
    27,
    46,
    23,
    41,
    43,
    19,
    29,
    17,
    44,
    26,
    24,
    18,
    38,
    31,
    12,
    38,
    28,
    31,
    26,
    41,
    20,
    51,
    23,
    12,
    20,
    17,
    18,
    17,
    26,
    16,
    36,
    29,
    18,
    2,
    3,
    12,
    15,
    2,
    8,
    13,
    63,
    10,
    60,
    48,
    2,
    2,
    2,
    37,
    78,
    2,
    2,
    10,
    51,
    62,
    53,
    12,
    49,
    10,
    25,
    2,
    31,
    29,
    19,
    10,
    25,
    31,
    2,
    10,
    35,
    18,
    33,
    50,
    10,
    24,
    2,
    2,
    10,
    65,
    2,
    2,
    10,
    77,
    2,
    2,
    27,
    2,
    28,
    2,
    30,
    2,
    2,
    28,
    2,
    11,
    25,
    2,
    2,
    10,
    25,
    2,
    3,
    2,
    10,
    25,
    2,
    29,
    2,
    30,
    2,
    30,
    2,
    2,
    2,
    29,
    2,
    11,
    45,
    2,
    2,
    10,
    2,
    3,
    11,
    38,
    2,
    7
  ],
  "vocabulary_size": 1074
}