{
  "document_id": "1808.04155",
  "total_sentences": 333,
  "pruned_sentences": 331,
  "total_words": 8336,
  "pruned_words": 8072,
  "unique_words": 1031,
  "mean_sentence_length": 24.386706948640484,
  "stdev_sentence_length": 14.966477846272033,
  "sentence_lengths": [
    1,
    21,
    72,
    25,
    27,
    47,
    62,
    26,
    22,
    30,
    53,
    20,
    15,
    6,
    33,
    17,
    13,
    36,
    65,
    35,
    50,
    30,
    39,
    15,
    47,
    17,
    28,
    31,
    32,
    24,
    38,
    2,
    62,
    36,
    10,
    28,
    25,
    8,
    20,
    28,
    24,
    35,
    13,
    42,
    14,
    10,
    25,
    16,
    26,
    27,
    55,
    34,
    23,
    37,
    34,
    3,
    45,
    14,
    34,
    12,
    31,
    8,
    35,
    12,
    28,
    25,
    22,
    36,
    4,
    3,
    14,
    33,
    16,
    40,
    6,
    19,
    32,
    86,
    61,
    35,
    21,
    31,
    31,
    19,
    36,
    19,
    21,
    16,
    54,
    29,
    11,
    36,
    37,
    39,
    22,
    25,
    18,
    19,
    19,
    9,
    4,
    9,
    5,
    28,
    11,
    20,
    18,
    7,
    25,
    10,
    23,
    12,
    15,
    47,
    10,
    32,
    21,
    7,
    21,
    18,
    40,
    30,
    36,
    16,
    19,
    18,
    4,
    34,
    26,
    47,
    3,
    15,
    17,
    11,
    33,
    12,
    23,
    16,
    23,
    29,
    41,
    16,
    54,
    26,
    27,
    28,
    12,
    21,
    37,
    17,
    28,
    26,
    31,
    15,
    25,
    25,
    9,
    26,
    32,
    33,
    37,
    40,
    28,
    6,
    21,
    10,
    28,
    36,
    6,
    23,
    18,
    19,
    15,
    21,
    9,
    18,
    13,
    19,
    28,
    8,
    17,
    2,
    25,
    6,
    65,
    24,
    11,
    13,
    19,
    20,
    8,
    16,
    31,
    18,
    71,
    27,
    30,
    16,
    43,
    16,
    15,
    28,
    8,
    23,
    39,
    13,
    37,
    33,
    24,
    16,
    17,
    45,
    48,
    17,
    38,
    10,
    21,
    11,
    11,
    26,
    33,
    10,
    17,
    32,
    24,
    8,
    11,
    12,
    11,
    9,
    18,
    11,
    1,
    18,
    41,
    38,
    24,
    11,
    10,
    17,
    27,
    19,
    22,
    3,
    43,
    29,
    38,
    46,
    7,
    17,
    15,
    12,
    28,
    22,
    53,
    19,
    11,
    20,
    8,
    28,
    15,
    29,
    42,
    75,
    9,
    22,
    2,
    47,
    63,
    2,
    82,
    6,
    47,
    26,
    6,
    10,
    27,
    30,
    62,
    17,
    11,
    3,
    22,
    30,
    42,
    16,
    36,
    6,
    2,
    39,
    14,
    12,
    18,
    7,
    14,
    34,
    19,
    10,
    27,
    14,
    40,
    19,
    15,
    13,
    21,
    9,
    29,
    2,
    31,
    16,
    28,
    48,
    55,
    19,
    16,
    48,
    43,
    26,
    23,
    37,
    11,
    39,
    8,
    23,
    39,
    15,
    27,
    20,
    25,
    46,
    1
  ],
  "vocabulary_size": 1031
}