{
  "document_id": "1810.09113",
  "total_sentences": 111,
  "pruned_sentences": 110,
  "total_words": 2971,
  "pruned_words": 2843,
  "unique_words": 603,
  "mean_sentence_length": 25.845454545454544,
  "stdev_sentence_length": 19.84397228455092,
  "sentence_lengths": [
    1,
    95,
    14,
    37,
    7,
    17,
    17,
    29,
    16,
    32,
    26,
    12,
    55,
    4,
    16,
    16,
    23,
    16,
    29,
    7,
    2,
    6,
    33,
    34,
    4,
    60,
    18,
    18,
    14,
    33,
    56,
    17,
    57,
    41,
    25,
    45,
    64,
    15,
    22,
    21,
    15,
    24,
    50,
    25,
    26,
    25,
    38,
    35,
    17,
    26,
    35,
    23,
    6,
    25,
    9,
    20,
    16,
    44,
    63,
    7,
    6,
    29,
    1,
    13,
    8,
    11,
    12,
    8,
    23,
    11,
    23,
    8,
    29,
    29,
    56,
    18,
    14,
    5,
    21,
    23,
    15,
    82,
    8,
    9,
    3,
    29,
    28,
    37,
    28,
    18,
    21,
    27,
    10,
    40,
    94,
    110,
    39,
    36,
    4,
    31,
    21,
    39,
    22,
    33,
    26,
    30,
    37,
    9,
    24,
    2
  ],
  "vocabulary_size": 603
}