{
  "document_id": "1810.11646",
  "total_sentences": 237,
  "pruned_sentences": 234,
  "total_words": 6111,
  "pruned_words": 5767,
  "unique_words": 901,
  "mean_sentence_length": 24.645299145299145,
  "stdev_sentence_length": 14.553963492588691,
  "sentence_lengths": [
    1,
    23,
    11,
    34,
    25,
    20,
    15,
    16,
    52,
    20,
    15,
    10,
    14,
    7,
    18,
    12,
    18,
    10,
    25,
    21,
    15,
    15,
    40,
    10,
    19,
    33,
    20,
    22,
    72,
    31,
    1,
    35,
    14,
    27,
    31,
    17,
    32,
    15,
    17,
    9,
    37,
    18,
    16,
    18,
    48,
    41,
    35,
    33,
    12,
    33,
    37,
    20,
    33,
    12,
    22,
    36,
    22,
    1,
    40,
    27,
    22,
    25,
    1,
    23,
    19,
    3,
    11,
    78,
    7,
    4,
    54,
    34,
    33,
    25,
    38,
    4,
    14,
    66,
    42,
    38,
    38,
    18,
    16,
    27,
    34,
    18,
    29,
    28,
    44,
    16,
    31,
    41,
    27,
    40,
    45,
    25,
    45,
    20,
    9,
    31,
    44,
    13,
    23,
    40,
    1,
    74,
    28,
    17,
    39,
    22,
    15,
    16,
    19,
    4,
    45,
    25,
    18,
    5,
    11,
    43,
    7,
    8,
    6,
    12,
    14,
    15,
    26,
    10,
    43,
    18,
    18,
    17,
    14,
    36,
    14,
    32,
    24,
    21,
    12,
    22,
    17,
    33,
    37,
    17,
    18,
    9,
    20,
    9,
    3,
    13,
    23,
    32,
    37,
    20,
    13,
    42,
    14,
    55,
    34,
    40,
    19,
    9,
    21,
    24,
    18,
    16,
    29,
    21,
    72,
    27,
    18,
    13,
    6,
    8,
    19,
    16,
    21,
    16,
    23,
    45,
    25,
    38,
    36,
    15,
    43,
    21,
    36,
    1,
    24,
    39,
    16,
    9,
    47,
    51,
    27,
    22,
    35,
    56,
    29,
    25,
    18,
    3,
    44,
    18,
    62,
    66,
    25,
    21,
    23,
    17,
    23,
    28,
    35,
    12,
    25,
    27,
    28,
    21,
    28,
    44,
    13,
    38,
    31,
    22,
    31,
    11,
    36,
    9,
    21,
    38,
    33,
    13,
    3,
    1
  ],
  "vocabulary_size": 901
}