{
  "document_id": "1810.02894",
  "total_sentences": 358,
  "pruned_sentences": 352,
  "total_words": 11900,
  "pruned_words": 9876,
  "unique_words": 1144,
  "mean_sentence_length": 28.056818181818183,
  "stdev_sentence_length": 27.20162470199871,
  "sentence_lengths": [
    46,
    18,
    20,
    31,
    16,
    26,
    21,
    33,
    32,
    33,
    26,
    15,
    41,
    38,
    39,
    47,
    26,
    35,
    13,
    21,
    27,
    19,
    28,
    66,
    17,
    27,
    44,
    23,
    26,
    25,
    28,
    6,
    21,
    31,
    26,
    28,
    6,
    24,
    32,
    29,
    23,
    36,
    12,
    13,
    24,
    33,
    21,
    4,
    26,
    11,
    26,
    41,
    23,
    47,
    28,
    27,
    17,
    26,
    9,
    49,
    23,
    32,
    24,
    26,
    20,
    14,
    25,
    19,
    38,
    12,
    29,
    22,
    37,
    24,
    28,
    11,
    18,
    24,
    2,
    22,
    61,
    2,
    11,
    10,
    11,
    64,
    14,
    37,
    19,
    13,
    30,
    17,
    7,
    26,
    17,
    8,
    32,
    10,
    28,
    30,
    18,
    10,
    36,
    12,
    29,
    9,
    172,
    109,
    24,
    44,
    26,
    34,
    24,
    16,
    82,
    12,
    12,
    11,
    13,
    41,
    35,
    37,
    16,
    29,
    57,
    20,
    14,
    18,
    12,
    20,
    17,
    72,
    31,
    28,
    27,
    24,
    37,
    39,
    33,
    36,
    26,
    23,
    19,
    19,
    14,
    15,
    75,
    46,
    6,
    8,
    24,
    20,
    43,
    25,
    37,
    8,
    32,
    5,
    17,
    9,
    21,
    33,
    13,
    13,
    6,
    19,
    16,
    52,
    6,
    19,
    16,
    8,
    24,
    20,
    33,
    8,
    6,
    29,
    4,
    6,
    70,
    23,
    11,
    22,
    22,
    18,
    16,
    12,
    27,
    29,
    27,
    71,
    15,
    8,
    32,
    11,
    45,
    18,
    21,
    16,
    12,
    3,
    11,
    20,
    24,
    62,
    17,
    25,
    20,
    9,
    29,
    28,
    42,
    10,
    35,
    15,
    38,
    24,
    32,
    7,
    14,
    10,
    28,
    7,
    10,
    10,
    13,
    22,
    39,
    19,
    29,
    42,
    3,
    10,
    8,
    53,
    34,
    24,
    21,
    34,
    23,
    30,
    16,
    6,
    64,
    56,
    81,
    16,
    48,
    62,
    11,
    17,
    14,
    11,
    17,
    217,
    14,
    45,
    14,
    23,
    22,
    27,
    33,
    28,
    3,
    12,
    34,
    121,
    18,
    20,
    14,
    29,
    4,
    14,
    8,
    5,
    5,
    9,
    114,
    6,
    5,
    59,
    6,
    97,
    7,
    4,
    90,
    42,
    8,
    7,
    23,
    62,
    13,
    3,
    59,
    13,
    5,
    145,
    15,
    70,
    13,
    5,
    55,
    6,
    136,
    73,
    134,
    33,
    64,
    12,
    19,
    9,
    5,
    9,
    20,
    4,
    8,
    8,
    200,
    26,
    35,
    24,
    62,
    23,
    103,
    11,
    20,
    14,
    44,
    30,
    93,
    42,
    7,
    27,
    23,
    11,
    40,
    7,
    38,
    5,
    10,
    9,
    9,
    50,
    102,
    14,
    11,
    14,
    9,
    10,
    26,
    1
  ],
  "vocabulary_size": 1144
}