{
  "document_id": "1811.01092",
  "total_sentences": 88,
  "pruned_sentences": 87,
  "total_words": 2103,
  "pruned_words": 2000,
  "unique_words": 474,
  "mean_sentence_length": 22.988505747126435,
  "stdev_sentence_length": 11.829696818220368,
  "sentence_lengths": [
    1,
    34,
    26,
    15,
    30,
    32,
    22,
    23,
    51,
    29,
    30,
    26,
    23,
    15,
    43,
    23,
    28,
    16,
    29,
    24,
    4,
    10,
    31,
    36,
    13,
    18,
    20,
    24,
    29,
    5,
    14,
    28,
    51,
    11,
    33,
    25,
    34,
    14,
    10,
    33,
    8,
    13,
    8,
    47,
    21,
    25,
    12,
    25,
    7,
    37,
    16,
    12,
    10,
    8,
    24,
    30,
    20,
    22,
    17,
    18,
    21,
    23,
    21,
    3,
    47,
    9,
    24,
    41,
    28,
    23,
    20,
    20,
    22,
    25,
    13,
    27,
    15,
    16,
    23,
    20,
    22,
    62,
    27,
    19,
    43,
    41,
    2
  ],
  "vocabulary_size": 474
}