{
  "document_id": "1811.01095",
  "total_sentences": 173,
  "pruned_sentences": 171,
  "total_words": 3596,
  "pruned_words": 3432,
  "unique_words": 619,
  "mean_sentence_length": 20.07017543859649,
  "stdev_sentence_length": 9.807307568020192,
  "sentence_lengths": [
    1,
    10,
    16,
    26,
    38,
    34,
    35,
    26,
    19,
    16,
    22,
    25,
    10,
    32,
    29,
    36,
    27,
    23,
    17,
    14,
    23,
    26,
    23,
    32,
    28,
    15,
    49,
    11,
    29,
    27,
    17,
    9,
    37,
    16,
    11,
    9,
    28,
    18,
    22,
    23,
    33,
    18,
    29,
    14,
    20,
    16,
    29,
    28,
    17,
    35,
    13,
    56,
    24,
    22,
    17,
    31,
    14,
    26,
    34,
    37,
    21,
    17,
    18,
    19,
    15,
    12,
    23,
    20,
    22,
    23,
    20,
    20,
    24,
    36,
    17,
    28,
    19,
    21,
    11,
    3,
    9,
    3,
    10,
    3,
    12,
    31,
    15,
    18,
    36,
    4,
    16,
    15,
    15,
    15,
    14,
    14,
    27,
    10,
    13,
    20,
    13,
    22,
    10,
    14,
    40,
    27,
    34,
    28,
    21,
    21,
    27,
    18,
    19,
    11,
    12,
    10,
    13,
    11,
    14,
    23,
    2,
    23,
    11,
    12,
    12,
    15,
    12,
    27,
    3,
    24,
    14,
    27,
    10,
    10,
    10,
    18,
    42,
    7,
    4,
    19,
    3,
    25,
    22,
    28,
    26,
    10,
    2,
    18,
    12,
    14,
    36,
    47,
    31,
    8,
    14,
    11,
    30,
    17,
    16,
    28,
    13,
    23,
    28,
    27,
    22,
    24,
    25,
    16,
    25,
    28,
    2
  ],
  "vocabulary_size": 619
}