{
  "document_id": "1811.09669",
  "total_sentences": 222,
  "pruned_sentences": 220,
  "total_words": 6342,
  "pruned_words": 5409,
  "unique_words": 933,
  "mean_sentence_length": 24.586363636363636,
  "stdev_sentence_length": 24.296809935006895,
  "sentence_lengths": [
    1,
    31,
    38,
    81,
    24,
    12,
    14,
    31,
    21,
    28,
    13,
    26,
    28,
    15,
    38,
    31,
    22,
    20,
    25,
    22,
    17,
    30,
    118,
    19,
    10,
    38,
    19,
    20,
    20,
    25,
    20,
    28,
    27,
    16,
    13,
    19,
    17,
    18,
    21,
    13,
    17,
    18,
    11,
    25,
    25,
    31,
    21,
    11,
    17,
    46,
    8,
    35,
    18,
    26,
    35,
    14,
    25,
    29,
    7,
    16,
    21,
    23,
    32,
    11,
    55,
    23,
    29,
    15,
    20,
    13,
    19,
    26,
    34,
    16,
    15,
    35,
    51,
    19,
    4,
    12,
    59,
    35,
    12,
    21,
    17,
    27,
    11,
    12,
    23,
    29,
    28,
    32,
    13,
    28,
    20,
    3,
    20,
    19,
    16,
    13,
    23,
    16,
    29,
    21,
    16,
    30,
    22,
    15,
    42,
    1,
    18,
    26,
    18,
    36,
    16,
    13,
    24,
    27,
    9,
    28,
    11,
    14,
    10,
    10,
    4,
    12,
    82,
    32,
    22,
    30,
    12,
    41,
    36,
    13,
    3,
    21,
    24,
    20,
    32,
    3,
    26,
    13,
    4,
    6,
    22,
    33,
    9,
    20,
    36,
    19,
    2,
    11,
    17,
    25,
    15,
    5,
    23,
    16,
    17,
    31,
    49,
    39,
    12,
    15,
    20,
    23,
    10,
    22,
    17,
    19,
    20,
    14,
    17,
    20,
    18,
    12,
    10,
    6,
    19,
    17,
    3,
    21,
    14,
    63,
    19,
    30,
    2,
    21,
    2,
    22,
    17,
    15,
    14,
    21,
    22,
    16,
    32,
    24,
    9,
    165,
    162,
    176,
    31,
    28,
    14,
    15,
    24,
    6,
    12,
    20,
    17,
    29,
    19,
    15,
    15,
    26,
    9,
    15,
    146,
    132
  ],
  "vocabulary_size": 933
}