{
  "document_id": "1811.09724",
  "total_sentences": 166,
  "pruned_sentences": 164,
  "total_words": 4411,
  "pruned_words": 4252,
  "unique_words": 853,
  "mean_sentence_length": 25.926829268292682,
  "stdev_sentence_length": 11.164998427441997,
  "sentence_lengths": [
    18,
    17,
    13,
    11,
    30,
    32,
    20,
    21,
    34,
    32,
    38,
    33,
    25,
    17,
    45,
    49,
    31,
    36,
    37,
    24,
    42,
    28,
    42,
    29,
    29,
    53,
    25,
    14,
    25,
    17,
    29,
    31,
    36,
    37,
    35,
    28,
    21,
    10,
    38,
    28,
    17,
    41,
    14,
    44,
    19,
    15,
    35,
    24,
    50,
    22,
    12,
    15,
    3,
    39,
    33,
    31,
    21,
    27,
    28,
    27,
    23,
    30,
    25,
    24,
    23,
    12,
    3,
    16,
    22,
    19,
    41,
    17,
    38,
    49,
    37,
    33,
    27,
    43,
    23,
    11,
    15,
    19,
    16,
    15,
    44,
    26,
    24,
    21,
    19,
    18,
    40,
    38,
    24,
    43,
    21,
    25,
    14,
    27,
    19,
    22,
    36,
    4,
    30,
    21,
    18,
    24,
    27,
    29,
    41,
    42,
    15,
    21,
    16,
    32,
    42,
    22,
    23,
    24,
    16,
    9,
    15,
    30,
    26,
    45,
    19,
    31,
    22,
    23,
    30,
    18,
    51,
    26,
    3,
    26,
    46,
    27,
    8,
    16,
    18,
    3,
    26,
    15,
    14,
    49,
    24,
    22,
    15,
    30,
    31,
    20,
    43,
    30,
    16,
    40,
    22,
    32,
    20,
    18,
    45,
    16,
    2,
    33,
    29,
    2
  ],
  "vocabulary_size": 853
}