{
  "document_id": "1812.05524",
  "total_sentences": 322,
  "pruned_sentences": 319,
  "total_words": 7550,
  "pruned_words": 7194,
  "unique_words": 813,
  "mean_sentence_length": 22.551724137931036,
  "stdev_sentence_length": 12.873953099248428,
  "sentence_lengths": [
    1,
    23,
    40,
    13,
    44,
    25,
    19,
    32,
    21,
    13,
    18,
    31,
    20,
    48,
    32,
    40,
    24,
    22,
    20,
    34,
    21,
    35,
    28,
    26,
    11,
    29,
    15,
    29,
    26,
    27,
    35,
    29,
    22,
    12,
    14,
    12,
    19,
    30,
    26,
    10,
    61,
    13,
    31,
    2,
    34,
    21,
    23,
    35,
    36,
    16,
    21,
    32,
    48,
    18,
    33,
    24,
    26,
    21,
    19,
    25,
    24,
    22,
    34,
    16,
    17,
    37,
    21,
    12,
    29,
    28,
    21,
    24,
    34,
    19,
    13,
    49,
    29,
    22,
    17,
    15,
    31,
    10,
    9,
    24,
    12,
    24,
    26,
    35,
    24,
    19,
    25,
    8,
    34,
    17,
    22,
    3,
    34,
    32,
    11,
    12,
    6,
    5,
    7,
    17,
    17,
    6,
    22,
    12,
    12,
    9,
    11,
    12,
    14,
    37,
    26,
    25,
    39,
    56,
    6,
    14,
    26,
    26,
    26,
    47,
    29,
    53,
    15,
    9,
    23,
    22,
    38,
    27,
    26,
    30,
    22,
    13,
    29,
    7,
    13,
    32,
    21,
    49,
    50,
    7,
    11,
    58,
    17,
    24,
    18,
    55,
    23,
    33,
    21,
    48,
    8,
    26,
    28,
    17,
    24,
    5,
    11,
    9,
    31,
    20,
    7,
    26,
    31,
    17,
    16,
    20,
    12,
    23,
    8,
    36,
    42,
    24,
    14,
    38,
    21,
    23,
    8,
    30,
    41,
    16,
    50,
    2,
    27,
    37,
    22,
    4,
    24,
    16,
    17,
    30,
    29,
    23,
    27,
    27,
    21,
    31,
    13,
    9,
    45,
    17,
    42,
    23,
    8,
    9,
    12,
    11,
    23,
    9,
    7,
    22,
    18,
    25,
    54,
    22,
    13,
    16,
    20,
    19,
    10,
    11,
    40,
    17,
    10,
    17,
    18,
    30,
    17,
    12,
    9,
    11,
    6,
    29,
    13,
    17,
    10,
    12,
    8,
    11,
    10,
    13,
    10,
    25,
    18,
    29,
    12,
    54,
    22,
    21,
    11,
    21,
    41,
    22,
    29,
    41,
    26,
    19,
    31,
    23,
    22,
    33,
    12,
    22,
    21,
    11,
    36,
    12,
    7,
    11,
    59,
    11,
    12,
    26,
    52,
    20,
    13,
    45,
    18,
    7,
    78,
    15,
    28,
    8,
    43,
    32,
    19,
    6,
    86,
    23,
    20,
    17,
    38,
    10,
    9,
    10,
    5,
    5,
    23,
    21,
    7,
    21,
    5,
    19,
    35,
    6,
    17,
    24,
    16,
    24,
    22,
    44,
    19,
    19,
    2,
    13,
    2
  ],
  "vocabulary_size": 813
}