{
  "document_id": "1812.09859",
  "total_sentences": 324,
  "pruned_sentences": 320,
  "total_words": 7708,
  "pruned_words": 7053,
  "unique_words": 831,
  "mean_sentence_length": 22.040625,
  "stdev_sentence_length": 13.211858437400318,
  "sentence_lengths": [
    1,
    50,
    36,
    17,
    14,
    15,
    16,
    18,
    10,
    21,
    25,
    40,
    28,
    18,
    36,
    41,
    27,
    21,
    24,
    17,
    20,
    18,
    21,
    22,
    55,
    34,
    14,
    26,
    26,
    22,
    19,
    32,
    38,
    16,
    51,
    8,
    23,
    13,
    13,
    5,
    26,
    47,
    24,
    9,
    29,
    12,
    26,
    8,
    30,
    8,
    13,
    8,
    8,
    13,
    21,
    9,
    9,
    19,
    6,
    8,
    14,
    30,
    19,
    30,
    10,
    32,
    26,
    18,
    16,
    22,
    35,
    13,
    9,
    35,
    15,
    12,
    39,
    9,
    7,
    6,
    24,
    34,
    31,
    23,
    8,
    45,
    18,
    12,
    14,
    10,
    24,
    34,
    14,
    17,
    16,
    23,
    20,
    43,
    31,
    19,
    18,
    32,
    23,
    33,
    20,
    33,
    19,
    26,
    21,
    15,
    28,
    22,
    25,
    14,
    10,
    17,
    16,
    3,
    19,
    5,
    21,
    41,
    14,
    6,
    20,
    25,
    26,
    31,
    26,
    55,
    14,
    30,
    11,
    24,
    33,
    42,
    5,
    21,
    26,
    18,
    30,
    22,
    21,
    21,
    28,
    16,
    14,
    15,
    36,
    15,
    22,
    21,
    16,
    34,
    3,
    22,
    13,
    14,
    14,
    12,
    16,
    34,
    34,
    26,
    19,
    27,
    21,
    27,
    31,
    36,
    17,
    18,
    35,
    40,
    11,
    21,
    14,
    13,
    19,
    33,
    18,
    13,
    19,
    19,
    9,
    39,
    4,
    16,
    6,
    9,
    37,
    95,
    33,
    11,
    7,
    8,
    18,
    9,
    2,
    18,
    14,
    7,
    11,
    14,
    27,
    43,
    41,
    15,
    12,
    14,
    8,
    14,
    5,
    15,
    13,
    53,
    37,
    3,
    23,
    3,
    22,
    15,
    20,
    13,
    25,
    18,
    51,
    25,
    10,
    62,
    11,
    78,
    3,
    5,
    10,
    24,
    67,
    43,
    16,
    11,
    9,
    4,
    18,
    11,
    16,
    19,
    42,
    18,
    16,
    14,
    24,
    22,
    9,
    40,
    24,
    21,
    26,
    22,
    21,
    33,
    21,
    5,
    14,
    17,
    24,
    5,
    36,
    23,
    7,
    28,
    5,
    30,
    15,
    52,
    16,
    8,
    21,
    21,
    48,
    17,
    21,
    41,
    9,
    31,
    28,
    22,
    27,
    14,
    26,
    16,
    21,
    47,
    4,
    14,
    23,
    21,
    9,
    10,
    20,
    25,
    22,
    28,
    3,
    51,
    6,
    40,
    33,
    54,
    24,
    25,
    18,
    19,
    24,
    54,
    38,
    12,
    21,
    56,
    48,
    25
  ],
  "vocabulary_size": 831
}