{
  "document_id": "1812.11712",
  "total_sentences": 220,
  "pruned_sentences": 218,
  "total_words": 6701,
  "pruned_words": 6102,
  "unique_words": 822,
  "mean_sentence_length": 27.990825688073393,
  "stdev_sentence_length": 18.110767941866236,
  "sentence_lengths": [
    1,
    58,
    15,
    18,
    10,
    48,
    21,
    33,
    28,
    24,
    21,
    33,
    30,
    67,
    24,
    30,
    29,
    43,
    38,
    35,
    31,
    24,
    41,
    36,
    16,
    50,
    20,
    16,
    24,
    39,
    29,
    29,
    55,
    39,
    19,
    24,
    12,
    24,
    25,
    44,
    17,
    50,
    18,
    13,
    24,
    13,
    43,
    35,
    39,
    29,
    21,
    6,
    6,
    13,
    35,
    44,
    20,
    21,
    36,
    20,
    35,
    23,
    20,
    7,
    11,
    2,
    11,
    14,
    36,
    13,
    8,
    19,
    15,
    26,
    15,
    41,
    54,
    22,
    50,
    15,
    16,
    8,
    20,
    19,
    19,
    27,
    24,
    19,
    39,
    13,
    12,
    19,
    34,
    13,
    17,
    35,
    11,
    18,
    67,
    35,
    14,
    41,
    30,
    63,
    28,
    51,
    25,
    45,
    42,
    31,
    29,
    25,
    47,
    27,
    18,
    68,
    46,
    23,
    46,
    30,
    4,
    24,
    35,
    4,
    27,
    15,
    26,
    24,
    9,
    4,
    29,
    35,
    11,
    30,
    105,
    26,
    16,
    43,
    7,
    72,
    20,
    8,
    13,
    126,
    20,
    63,
    52,
    8,
    8,
    20,
    66,
    37,
    18,
    38,
    41,
    40,
    16,
    8,
    30,
    38,
    42,
    12,
    36,
    22,
    5,
    47,
    13,
    32,
    22,
    45,
    41,
    74,
    37,
    22,
    41,
    23,
    7,
    34,
    21,
    25,
    51,
    14,
    8,
    24,
    46,
    9,
    5,
    25,
    91,
    64,
    57,
    15,
    44,
    26,
    7,
    29,
    33,
    21,
    43,
    34,
    10,
    12,
    7,
    9,
    19,
    25,
    41,
    7,
    10,
    41,
    21,
    20,
    26,
    24,
    2,
    15,
    11,
    2
  ],
  "vocabulary_size": 822
}