{
  "document_id": "1812.08113",
  "total_sentences": 239,
  "pruned_sentences": 237,
  "total_words": 6595,
  "pruned_words": 6283,
  "unique_words": 940,
  "mean_sentence_length": 26.51054852320675,
  "stdev_sentence_length": 19.075588227451103,
  "sentence_lengths": [
    1,
    47,
    16,
    48,
    21,
    31,
    29,
    20,
    34,
    47,
    10,
    40,
    77,
    18,
    37,
    10,
    49,
    10,
    17,
    54,
    23,
    46,
    17,
    39,
    32,
    27,
    23,
    31,
    63,
    19,
    80,
    17,
    48,
    30,
    6,
    35,
    67,
    12,
    26,
    25,
    24,
    29,
    17,
    48,
    97,
    13,
    21,
    52,
    44,
    15,
    8,
    62,
    9,
    13,
    50,
    22,
    2,
    16,
    91,
    3,
    20,
    24,
    18,
    59,
    12,
    41,
    32,
    24,
    22,
    27,
    25,
    49,
    70,
    38,
    55,
    56,
    40,
    26,
    21,
    35,
    15,
    16,
    37,
    41,
    92,
    33,
    11,
    25,
    15,
    25,
    78,
    9,
    7,
    23,
    31,
    29,
    14,
    34,
    24,
    43,
    20,
    31,
    43,
    7,
    24,
    15,
    21,
    29,
    53,
    32,
    22,
    11,
    11,
    9,
    37,
    10,
    37,
    7,
    20,
    5,
    41,
    14,
    9,
    9,
    15,
    12,
    8,
    41,
    11,
    13,
    4,
    13,
    18,
    12,
    28,
    12,
    11,
    38,
    18,
    9,
    14,
    10,
    18,
    20,
    33,
    7,
    17,
    15,
    15,
    5,
    24,
    33,
    24,
    22,
    22,
    9,
    29,
    23,
    13,
    13,
    14,
    23,
    29,
    5,
    24,
    37,
    17,
    18,
    26,
    16,
    24,
    22,
    18,
    14,
    43,
    15,
    31,
    23,
    16,
    37,
    21,
    8,
    4,
    102,
    2,
    112,
    2,
    3,
    67,
    3,
    17,
    9,
    69,
    36,
    9,
    10,
    1,
    15,
    10,
    24,
    43,
    36,
    17,
    9,
    48,
    29,
    39,
    33,
    61,
    36,
    41,
    37,
    8,
    25,
    17,
    25,
    27,
    9,
    28,
    17,
    20,
    15,
    19,
    37,
    34,
    9,
    25,
    17,
    26,
    10,
    41,
    15,
    35,
    15,
    22,
    21,
    1
  ],
  "vocabulary_size": 940
}