{
  "document_id": "1812.02455",
  "total_sentences": 155,
  "pruned_sentences": 153,
  "total_words": 3422,
  "pruned_words": 3184,
  "unique_words": 681,
  "mean_sentence_length": 20.81045751633987,
  "stdev_sentence_length": 12.763409684053313,
  "sentence_lengths": [
    1,
    33,
    24,
    29,
    37,
    24,
    33,
    32,
    11,
    41,
    25,
    35,
    12,
    3,
    26,
    24,
    7,
    23,
    7,
    16,
    15,
    17,
    4,
    5,
    18,
    48,
    18,
    31,
    23,
    16,
    22,
    20,
    23,
    22,
    12,
    31,
    20,
    18,
    18,
    30,
    9,
    12,
    13,
    24,
    23,
    12,
    10,
    43,
    20,
    18,
    15,
    13,
    50,
    14,
    12,
    13,
    12,
    15,
    27,
    29,
    26,
    30,
    25,
    26,
    14,
    15,
    19,
    18,
    32,
    22,
    24,
    18,
    42,
    19,
    22,
    13,
    20,
    14,
    20,
    14,
    37,
    22,
    17,
    16,
    25,
    4,
    32,
    27,
    17,
    16,
    36,
    30,
    10,
    15,
    11,
    27,
    23,
    26,
    19,
    22,
    18,
    26,
    7,
    12,
    5,
    8,
    8,
    5,
    20,
    15,
    4,
    4,
    2,
    4,
    2,
    2,
    16,
    14,
    22,
    10,
    6,
    12,
    40,
    26,
    7,
    21,
    17,
    32,
    36,
    19,
    7,
    7,
    72,
    27,
    12,
    45,
    13,
    10,
    65,
    21,
    26,
    19,
    45,
    50,
    6,
    71,
    29,
    31,
    38,
    20,
    30,
    15,
    2
  ],
  "vocabulary_size": 681
}