{
  "document_id": "1812.08089",
  "total_sentences": 329,
  "pruned_sentences": 324,
  "total_words": 11213,
  "pruned_words": 9314,
  "unique_words": 1713,
  "mean_sentence_length": 28.746913580246915,
  "stdev_sentence_length": 29.131029221596968,
  "sentence_lengths": [
    1,
    70,
    87,
    38,
    12,
    19,
    28,
    20,
    110,
    27,
    32,
    30,
    18,
    27,
    17,
    12,
    12,
    10,
    10,
    9,
    17,
    27,
    15,
    28,
    27,
    33,
    28,
    12,
    20,
    45,
    44,
    25,
    24,
    32,
    18,
    12,
    7,
    38,
    21,
    31,
    36,
    19,
    27,
    17,
    25,
    24,
    21,
    15,
    26,
    43,
    33,
    11,
    17,
    14,
    22,
    36,
    30,
    15,
    23,
    24,
    11,
    7,
    43,
    10,
    11,
    21,
    7,
    21,
    8,
    40,
    24,
    10,
    18,
    14,
    11,
    19,
    24,
    13,
    13,
    8,
    5,
    29,
    4,
    12,
    9,
    7,
    24,
    18,
    25,
    13,
    16,
    14,
    21,
    13,
    31,
    50,
    14,
    14,
    16,
    32,
    26,
    48,
    22,
    24,
    13,
    23,
    6,
    38,
    35,
    30,
    15,
    28,
    22,
    18,
    26,
    11,
    22,
    7,
    33,
    21,
    19,
    31,
    15,
    7,
    48,
    55,
    39,
    8,
    42,
    33,
    22,
    7,
    19,
    23,
    27,
    21,
    23,
    27,
    16,
    39,
    36,
    36,
    21,
    13,
    27,
    9,
    32,
    36,
    25,
    38,
    44,
    15,
    48,
    10,
    27,
    24,
    27,
    25,
    17,
    29,
    8,
    4,
    27,
    11,
    11,
    21,
    20,
    13,
    10,
    31,
    9,
    20,
    30,
    12,
    14,
    25,
    21,
    43,
    33,
    38,
    23,
    5,
    21,
    15,
    30,
    8,
    43,
    6,
    19,
    9,
    10,
    15,
    15,
    15,
    35,
    42,
    8,
    26,
    30,
    5,
    9,
    4,
    22,
    20,
    31,
    9,
    17,
    17,
    24,
    22,
    28,
    13,
    28,
    33,
    29,
    26,
    23,
    59,
    9,
    27,
    28,
    25,
    17,
    25,
    14,
    7,
    12,
    11,
    9,
    36,
    23,
    16,
    11,
    20,
    40,
    10,
    11,
    19,
    21,
    47,
    37,
    13,
    29,
    49,
    14,
    13,
    10,
    24,
    40,
    21,
    10,
    19,
    10,
    56,
    27,
    47,
    18,
    18,
    4,
    14,
    27,
    13,
    58,
    15,
    13,
    37,
    11,
    40,
    35,
    30,
    12,
    34,
    13,
    9,
    25,
    29,
    22,
    13,
    14,
    14,
    14,
    172,
    217,
    64,
    84,
    20,
    28,
    41,
    2,
    19,
    21,
    48,
    45,
    127,
    10,
    26,
    189,
    43,
    68,
    43,
    145,
    116,
    12,
    159,
    119,
    119,
    85,
    57,
    128,
    82,
    149,
    68,
    17,
    12,
    10,
    176,
    66,
    10,
    23,
    45,
    7,
    40,
    18,
    1
  ],
  "vocabulary_size": 1713
}