{
  "document_id": "1812.06709",
  "total_sentences": 213,
  "pruned_sentences": 212,
  "total_words": 3589,
  "pruned_words": 3462,
  "unique_words": 722,
  "mean_sentence_length": 16.330188679245282,
  "stdev_sentence_length": 12.74892185618208,
  "sentence_lengths": [
    1,
    28,
    38,
    21,
    35,
    30,
    50,
    26,
    25,
    25,
    20,
    13,
    20,
    21,
    15,
    14,
    34,
    16,
    30,
    13,
    35,
    53,
    36,
    26,
    24,
    32,
    39,
    37,
    8,
    23,
    11,
    2,
    43,
    22,
    40,
    17,
    3,
    44,
    21,
    17,
    25,
    32,
    22,
    16,
    5,
    23,
    4,
    29,
    24,
    23,
    12,
    5,
    44,
    24,
    2,
    8,
    33,
    19,
    3,
    6,
    9,
    5,
    17,
    4,
    34,
    18,
    20,
    8,
    18,
    12,
    18,
    17,
    1,
    3,
    32,
    6,
    9,
    37,
    26,
    16,
    22,
    36,
    22,
    3,
    27,
    16,
    10,
    46,
    6,
    15,
    15,
    8,
    23,
    3,
    10,
    3,
    7,
    27,
    12,
    31,
    25,
    23,
    1,
    20,
    3,
    11,
    12,
    11,
    1,
    6,
    9,
    43,
    32,
    1,
    20,
    27,
    8,
    68,
    40,
    30,
    1,
    17,
    3,
    31,
    3,
    11,
    24,
    15,
    18,
    9,
    38,
    1,
    6,
    39,
    19,
    36,
    15,
    24,
    20,
    36,
    23,
    3,
    14,
    13,
    2,
    23,
    16,
    9,
    19,
    2,
    33,
    9,
    2,
    8,
    36,
    2,
    8,
    9,
    2,
    8,
    10,
    2,
    8,
    11,
    2,
    8,
    17,
    7,
    9,
    2,
    8,
    16,
    2,
    2,
    7,
    18,
    2,
    8,
    17,
    2,
    8,
    15,
    2,
    2,
    7,
    10,
    2,
    2,
    7,
    22,
    2,
    2,
    5,
    23,
    2,
    7,
    9,
    2,
    2,
    7,
    36,
    5,
    5,
    5,
    10,
    11,
    26,
    22,
    17,
    2,
    8,
    2
  ],
  "vocabulary_size": 722
}