{
  "document_id": "1901.08635",
  "total_sentences": 251,
  "pruned_sentences": 246,
  "total_words": 7612,
  "pruned_words": 6892,
  "unique_words": 1084,
  "mean_sentence_length": 28.016260162601625,
  "stdev_sentence_length": 19.477033566967375,
  "sentence_lengths": [
    1,
    32,
    23,
    32,
    36,
    26,
    23,
    33,
    34,
    29,
    30,
    25,
    20,
    27,
    18,
    42,
    30,
    25,
    50,
    21,
    64,
    16,
    22,
    21,
    38,
    34,
    25,
    46,
    46,
    39,
    38,
    27,
    34,
    7,
    45,
    16,
    19,
    44,
    30,
    31,
    55,
    17,
    32,
    30,
    36,
    15,
    35,
    51,
    11,
    51,
    35,
    28,
    45,
    25,
    37,
    50,
    22,
    31,
    23,
    9,
    18,
    28,
    97,
    25,
    20,
    9,
    18,
    12,
    17,
    26,
    1,
    11,
    24,
    37,
    23,
    41,
    23,
    20,
    36,
    13,
    27,
    26,
    55,
    43,
    36,
    50,
    10,
    27,
    23,
    88,
    23,
    36,
    32,
    34,
    12,
    22,
    17,
    13,
    33,
    25,
    26,
    35,
    24,
    23,
    5,
    64,
    22,
    16,
    22,
    31,
    18,
    1,
    13,
    13,
    1,
    21,
    25,
    69,
    57,
    24,
    29,
    9,
    44,
    22,
    12,
    35,
    9,
    22,
    102,
    41,
    31,
    23,
    5,
    8,
    8,
    21,
    3,
    22,
    17,
    25,
    6,
    71,
    45,
    3,
    28,
    23,
    18,
    28,
    25,
    32,
    24,
    27,
    34,
    32,
    28,
    30,
    8,
    18,
    24,
    24,
    17,
    5,
    23,
    35,
    30,
    35,
    36,
    31,
    36,
    36,
    32,
    33,
    22,
    41,
    32,
    51,
    15,
    51,
    61,
    28,
    25,
    26,
    39,
    16,
    17,
    31,
    4,
    22,
    48,
    87,
    12,
    8,
    5,
    13,
    31,
    17,
    36,
    15,
    119,
    8,
    3,
    43,
    4,
    5,
    5,
    4,
    5,
    37,
    86,
    16,
    27,
    54,
    9,
    8,
    17,
    10,
    44,
    14,
    13,
    20,
    34,
    34,
    6,
    65,
    20,
    9,
    46,
    2,
    50,
    9,
    53,
    6,
    105,
    5,
    32,
    2,
    101,
    6,
    44,
    3,
    11,
    29,
    2,
    42,
    28,
    1
  ],
  "vocabulary_size": 1084
}