{
  "document_id": "1901.00331",
  "total_sentences": 174,
  "pruned_sentences": 173,
  "total_words": 4884,
  "pruned_words": 4716,
  "unique_words": 763,
  "mean_sentence_length": 27.260115606936417,
  "stdev_sentence_length": 19.60886350336332,
  "sentence_lengths": [
    1,
    38,
    23,
    29,
    16,
    45,
    8,
    20,
    18,
    55,
    29,
    25,
    19,
    33,
    30,
    34,
    11,
    29,
    42,
    45,
    60,
    28,
    14,
    18,
    23,
    32,
    25,
    22,
    32,
    69,
    20,
    27,
    17,
    20,
    30,
    21,
    91,
    26,
    10,
    45,
    51,
    16,
    23,
    19,
    53,
    42,
    36,
    7,
    5,
    32,
    43,
    36,
    20,
    18,
    19,
    67,
    12,
    11,
    81,
    32,
    15,
    14,
    17,
    15,
    16,
    19,
    12,
    12,
    15,
    29,
    20,
    20,
    16,
    31,
    28,
    8,
    11,
    15,
    12,
    23,
    7,
    5,
    21,
    5,
    62,
    93,
    19,
    86,
    17,
    18,
    32,
    22,
    21,
    41,
    26,
    17,
    45,
    70,
    46,
    30,
    8,
    8,
    6,
    8,
    9,
    8,
    75,
    2,
    29,
    26,
    28,
    16,
    7,
    9,
    31,
    17,
    32,
    38,
    19,
    19,
    23,
    7,
    21,
    38,
    8,
    29,
    24,
    29,
    20,
    37,
    21,
    24,
    25,
    49,
    9,
    10,
    33,
    11,
    44,
    70,
    13,
    59,
    33,
    15,
    2,
    11,
    44,
    86,
    33,
    16,
    87,
    48,
    42,
    6,
    9,
    17,
    16,
    23,
    6,
    17,
    2,
    14,
    19,
    34,
    11,
    30,
    19,
    47,
    2,
    69,
    5,
    72,
    48
  ],
  "vocabulary_size": 763
}