{
  "document_id": "1901.03732",
  "total_sentences": 174,
  "pruned_sentences": 171,
  "total_words": 3810,
  "pruned_words": 3438,
  "unique_words": 640,
  "mean_sentence_length": 20.105263157894736,
  "stdev_sentence_length": 14.585267599867763,
  "sentence_lengths": [
    1,
    24,
    17,
    38,
    21,
    35,
    40,
    27,
    62,
    29,
    43,
    15,
    1,
    22,
    12,
    17,
    14,
    20,
    9,
    12,
    12,
    14,
    14,
    27,
    23,
    18,
    26,
    30,
    19,
    32,
    12,
    15,
    51,
    16,
    51,
    15,
    33,
    25,
    12,
    15,
    18,
    11,
    36,
    6,
    3,
    13,
    18,
    13,
    19,
    20,
    5,
    61,
    23,
    5,
    11,
    24,
    13,
    46,
    29,
    18,
    15,
    26,
    19,
    7,
    16,
    16,
    27,
    13,
    13,
    19,
    34,
    35,
    2,
    14,
    4,
    13,
    24,
    22,
    23,
    17,
    27,
    6,
    14,
    13,
    14,
    32,
    31,
    24,
    11,
    40,
    24,
    15,
    13,
    15,
    5,
    72,
    2,
    75,
    13,
    12,
    11,
    4,
    13,
    29,
    15,
    9,
    35,
    41,
    24,
    10,
    5,
    31,
    25,
    21,
    22,
    5,
    8,
    12,
    5,
    5,
    11,
    14,
    28,
    3,
    6,
    11,
    14,
    5,
    5,
    9,
    10,
    4,
    8,
    5,
    49,
    14,
    18,
    5,
    12,
    4,
    65,
    6,
    14,
    7,
    5,
    23,
    8,
    34,
    20,
    39,
    65,
    8,
    11,
    22,
    2,
    34,
    44,
    26,
    18,
    12,
    18,
    40,
    62,
    15,
    24,
    17,
    20,
    26,
    34,
    24,
    2
  ],
  "vocabulary_size": 640
}