{
  "document_id": "1902.08319",
  "total_sentences": 76,
  "pruned_sentences": 76,
  "total_words": 2325,
  "pruned_words": 2325,
  "unique_words": 598,
  "mean_sentence_length": 30.592105263157894,
  "stdev_sentence_length": 22.96442328564132,
  "sentence_lengths": [
    1,
    5,
    59,
    59,
    29,
    30,
    30,
    34,
    30,
    14,
    34,
    40,
    3,
    53,
    22,
    54,
    21,
    40,
    36,
    32,
    11,
    40,
    24,
    13,
    15,
    56,
    18,
    27,
    32,
    39,
    25,
    20,
    19,
    19,
    29,
    15,
    51,
    77,
    24,
    23,
    55,
    62,
    12,
    73,
    21,
    23,
    51,
    12,
    79,
    13,
    8,
    100,
    26,
    13,
    14,
    20,
    15,
    19,
    106,
    16,
    24,
    69,
    13,
    13,
    94,
    24,
    13,
    10,
    16,
    18,
    15,
    17,
    19,
    14,
    23,
    2
  ],
  "vocabulary_size": 598
}