{
  "document_id": "1902.05482",
  "total_sentences": 237,
  "pruned_sentences": 236,
  "total_words": 5886,
  "pruned_words": 5761,
  "unique_words": 911,
  "mean_sentence_length": 24.411016949152543,
  "stdev_sentence_length": 14.498882034074537,
  "sentence_lengths": [
    1,
    22,
    46,
    12,
    35,
    16,
    12,
    20,
    44,
    52,
    37,
    19,
    4,
    58,
    31,
    11,
    18,
    20,
    17,
    36,
    21,
    87,
    30,
    32,
    19,
    32,
    22,
    53,
    20,
    20,
    17,
    31,
    15,
    36,
    72,
    19,
    20,
    39,
    46,
    47,
    48,
    18,
    40,
    13,
    22,
    27,
    56,
    14,
    13,
    29,
    19,
    17,
    21,
    28,
    29,
    10,
    16,
    17,
    33,
    11,
    25,
    18,
    21,
    32,
    27,
    15,
    21,
    17,
    18,
    22,
    25,
    24,
    19,
    39,
    10,
    10,
    22,
    17,
    21,
    7,
    16,
    11,
    17,
    35,
    15,
    21,
    21,
    42,
    38,
    51,
    20,
    23,
    38,
    24,
    27,
    13,
    23,
    39,
    13,
    23,
    18,
    3,
    6,
    17,
    26,
    11,
    24,
    27,
    25,
    23,
    11,
    23,
    12,
    17,
    26,
    16,
    39,
    24,
    17,
    20,
    16,
    16,
    23,
    38,
    8,
    39,
    21,
    7,
    26,
    21,
    14,
    12,
    15,
    7,
    11,
    6,
    14,
    21,
    10,
    14,
    32,
    13,
    25,
    18,
    8,
    18,
    48,
    26,
    16,
    17,
    27,
    18,
    16,
    14,
    24,
    27,
    14,
    21,
    10,
    8,
    15,
    7,
    23,
    26,
    16,
    50,
    28,
    82,
    55,
    9,
    30,
    45,
    43,
    17,
    21,
    16,
    64,
    21,
    2,
    21,
    22,
    22,
    7,
    10,
    39,
    28,
    9,
    20,
    8,
    18,
    4,
    50,
    21,
    17,
    13,
    20,
    13,
    23,
    20,
    15,
    26,
    40,
    13,
    18,
    77,
    74,
    17,
    31,
    17,
    29,
    45,
    19,
    39,
    25,
    15,
    36,
    26,
    24,
    18,
    56,
    49,
    40,
    22,
    13,
    34,
    25,
    31,
    23,
    30,
    55,
    11,
    34,
    33,
    11,
    18,
    3
  ],
  "vocabulary_size": 911
}