{
  "document_id": "1902.06579",
  "total_sentences": 133,
  "pruned_sentences": 131,
  "total_words": 3404,
  "pruned_words": 3152,
  "unique_words": 665,
  "mean_sentence_length": 24.061068702290076,
  "stdev_sentence_length": 15.453531199741938,
  "sentence_lengths": [
    1,
    15,
    36,
    19,
    16,
    28,
    28,
    25,
    22,
    23,
    19,
    50,
    43,
    44,
    29,
    17,
    38,
    4,
    24,
    35,
    35,
    10,
    48,
    38,
    22,
    11,
    36,
    47,
    31,
    68,
    40,
    30,
    25,
    72,
    13,
    15,
    32,
    6,
    58,
    26,
    38,
    10,
    65,
    29,
    25,
    26,
    30,
    40,
    12,
    12,
    26,
    23,
    29,
    22,
    20,
    22,
    10,
    11,
    16,
    26,
    11,
    25,
    18,
    27,
    83,
    27,
    11,
    21,
    21,
    23,
    35,
    17,
    13,
    28,
    38,
    21,
    33,
    27,
    20,
    39,
    34,
    10,
    22,
    22,
    31,
    20,
    21,
    40,
    17,
    26,
    25,
    32,
    59,
    15,
    29,
    19,
    81,
    21,
    23,
    5,
    5,
    11,
    5,
    17,
    3,
    15,
    7,
    13,
    6,
    12,
    7,
    14,
    15,
    12,
    18,
    9,
    19,
    7,
    12,
    5,
    22,
    7,
    20,
    6,
    34,
    21,
    4,
    25,
    8,
    31,
    1
  ],
  "vocabulary_size": 665
}