{
  "document_id": "1902.09808",
  "total_sentences": 136,
  "pruned_sentences": 135,
  "total_words": 2877,
  "pruned_words": 2779,
  "unique_words": 555,
  "mean_sentence_length": 20.585185185185185,
  "stdev_sentence_length": 10.636030839448019,
  "sentence_lengths": [
    1,
    33,
    35,
    16,
    24,
    25,
    23,
    32,
    22,
    35,
    31,
    30,
    31,
    32,
    19,
    21,
    20,
    29,
    41,
    31,
    29,
    43,
    34,
    31,
    24,
    29,
    27,
    21,
    16,
    33,
    24,
    29,
    31,
    19,
    16,
    4,
    28,
    22,
    36,
    16,
    16,
    35,
    31,
    18,
    54,
    16,
    35,
    6,
    25,
    13,
    30,
    27,
    20,
    27,
    27,
    16,
    15,
    21,
    10,
    17,
    9,
    16,
    7,
    22,
    15,
    19,
    19,
    13,
    35,
    9,
    36,
    13,
    8,
    28,
    15,
    28,
    10,
    8,
    4,
    16,
    23,
    16,
    16,
    7,
    27,
    17,
    15,
    4,
    16,
    30,
    17,
    33,
    38,
    13,
    14,
    22,
    40,
    20,
    22,
    11,
    4,
    8,
    15,
    38,
    23,
    4,
    12,
    31,
    23,
    20,
    11,
    12,
    19,
    12,
    4,
    10,
    8,
    27,
    16,
    7,
    7,
    10,
    7,
    16,
    29,
    32,
    7,
    43,
    37,
    17,
    14,
    14,
    4,
    3,
    2
  ],
  "vocabulary_size": 555
}