{
  "document_id": "1903.04268",
  "total_sentences": 394,
  "pruned_sentences": 391,
  "total_words": 10048,
  "pruned_words": 8910,
  "unique_words": 1143,
  "mean_sentence_length": 22.78772378516624,
  "stdev_sentence_length": 22.69063859121986,
  "sentence_lengths": [
    1,
    7,
    8,
    34,
    12,
    21,
    22,
    16,
    17,
    17,
    9,
    34,
    28,
    9,
    43,
    31,
    26,
    46,
    11,
    13,
    24,
    22,
    28,
    21,
    37,
    30,
    14,
    45,
    25,
    34,
    18,
    39,
    30,
    31,
    12,
    20,
    19,
    2,
    1,
    19,
    19,
    36,
    14,
    16,
    18,
    24,
    14,
    16,
    24,
    15,
    3,
    19,
    20,
    21,
    24,
    22,
    25,
    16,
    3,
    7,
    33,
    13,
    3,
    17,
    22,
    9,
    22,
    39,
    28,
    2,
    29,
    6,
    12,
    10,
    20,
    3,
    15,
    14,
    13,
    16,
    8,
    2,
    14,
    9,
    16,
    14,
    2,
    11,
    31,
    6,
    5,
    15,
    29,
    14,
    4,
    15,
    25,
    11,
    14,
    6,
    13,
    13,
    3,
    9,
    6,
    4,
    23,
    22,
    20,
    19,
    13,
    28,
    32,
    8,
    18,
    25,
    13,
    9,
    7,
    8,
    86,
    14,
    42,
    23,
    16,
    32,
    31,
    43,
    24,
    31,
    51,
    16,
    32,
    33,
    18,
    24,
    20,
    21,
    35,
    21,
    28,
    22,
    14,
    19,
    27,
    13,
    27,
    48,
    31,
    22,
    42,
    52,
    20,
    43,
    26,
    35,
    18,
    35,
    15,
    50,
    14,
    50,
    15,
    14,
    6,
    7,
    9,
    15,
    48,
    55,
    18,
    10,
    23,
    18,
    44,
    2,
    22,
    26,
    1,
    42,
    40,
    6,
    16,
    6,
    21,
    18,
    16,
    48,
    24,
    2,
    13,
    5,
    62,
    29,
    3,
    15,
    6,
    22,
    7,
    5,
    7,
    62,
    28,
    4,
    11,
    16,
    47,
    6,
    10,
    5,
    7,
    24,
    14,
    29,
    2,
    27,
    20,
    61,
    15,
    19,
    10,
    16,
    15,
    25,
    22,
    6,
    106,
    9,
    1,
    17,
    65,
    20,
    67,
    31,
    16,
    3,
    27,
    10,
    17,
    22,
    21,
    6,
    7,
    1,
    9,
    13,
    8,
    1,
    39,
    37,
    6,
    24,
    4,
    21,
    38,
    4,
    2,
    25,
    1,
    17,
    9,
    14,
    4,
    25,
    14,
    29,
    2,
    16,
    14,
    7,
    39,
    33,
    32,
    48,
    39,
    34,
    24,
    17,
    1,
    13,
    32,
    12,
    1,
    104,
    24,
    38,
    23,
    29,
    13,
    33,
    3,
    34,
    16,
    60,
    22,
    24,
    19,
    20,
    37,
    4,
    15,
    9,
    11,
    6,
    22,
    2,
    7,
    6,
    6,
    167,
    15,
    12,
    12,
    15,
    130,
    34,
    22,
    155,
    181,
    6,
    19,
    20,
    26,
    42,
    6,
    2,
    15,
    33,
    16,
    18,
    2,
    13,
    13,
    17,
    19,
    21,
    11,
    7,
    37,
    16,
    31,
    59,
    17,
    2,
    40,
    14,
    18,
    20,
    6,
    87,
    22,
    8,
    40,
    30,
    38,
    94,
    51,
    97,
    18,
    31,
    8,
    25,
    4,
    7,
    11,
    4,
    82,
    7,
    39,
    1,
    121,
    6,
    19,
    5,
    9,
    5,
    6,
    7,
    5,
    7,
    33,
    70,
    3,
    22,
    64,
    8,
    79,
    2,
    7,
    59,
    6
  ],
  "vocabulary_size": 1143
}