{
  "document_id": "1903.00049",
  "total_sentences": 66,
  "pruned_sentences": 66,
  "total_words": 1723,
  "pruned_words": 1723,
  "unique_words": 456,
  "mean_sentence_length": 26.106060606060606,
  "stdev_sentence_length": 17.399494942164967,
  "sentence_lengths": [
    1,
    34,
    20,
    31,
    14,
    24,
    45,
    17,
    15,
    43,
    12,
    55,
    11,
    17,
    17,
    66,
    7,
    13,
    22,
    13,
    18,
    33,
    10,
    23,
    20,
    41,
    35,
    38,
    15,
    11,
    16,
    10,
    34,
    52,
    59,
    15,
    39,
    28,
    33,
    14,
    32,
    47,
    27,
    23,
    15,
    19,
    8,
    29,
    92,
    12,
    12,
    10,
    21,
    10,
    39,
    17,
    44,
    62,
    12,
    9,
    47,
    27,
    51,
    17,
    13,
    7
  ],
  "vocabulary_size": 456
}