{
  "document_id": "1904.06762",
  "total_sentences": 129,
  "pruned_sentences": 128,
  "total_words": 3259,
  "pruned_words": 3152,
  "unique_words": 689,
  "mean_sentence_length": 24.625,
  "stdev_sentence_length": 16.45131208418765,
  "sentence_lengths": [
    1,
    86,
    22,
    73,
    14,
    25,
    28,
    28,
    63,
    22,
    30,
    11,
    29,
    39,
    33,
    15,
    55,
    41,
    17,
    47,
    11,
    14,
    12,
    38,
    29,
    19,
    32,
    32,
    16,
    23,
    16,
    20,
    47,
    22,
    31,
    35,
    7,
    23,
    25,
    20,
    19,
    25,
    15,
    37,
    10,
    21,
    51,
    23,
    6,
    17,
    27,
    26,
    50,
    11,
    22,
    85,
    18,
    17,
    24,
    34,
    12,
    56,
    19,
    23,
    25,
    35,
    18,
    8,
    13,
    16,
    29,
    24,
    15,
    20,
    19,
    28,
    18,
    22,
    33,
    31,
    5,
    13,
    15,
    9,
    80,
    7,
    15,
    18,
    13,
    20,
    29,
    20,
    8,
    19,
    20,
    17,
    14,
    7,
    17,
    32,
    15,
    7,
    19,
    14,
    9,
    9,
    19,
    36,
    36,
    11,
    32,
    15,
    35,
    23,
    15,
    21,
    7,
    89,
    12,
    26,
    28,
    9,
    36,
    12,
    33,
    15,
    36,
    2
  ],
  "vocabulary_size": 689
}