{
  "document_id": "1904.03543",
  "total_sentences": 147,
  "pruned_sentences": 145,
  "total_words": 3281,
  "pruned_words": 3082,
  "unique_words": 598,
  "mean_sentence_length": 21.255172413793105,
  "stdev_sentence_length": 11.171503498699535,
  "sentence_lengths": [
    1,
    36,
    13,
    18,
    40,
    13,
    27,
    36,
    15,
    20,
    27,
    16,
    13,
    35,
    17,
    19,
    21,
    31,
    26,
    16,
    19,
    36,
    14,
    34,
    30,
    32,
    7,
    19,
    20,
    24,
    27,
    27,
    37,
    8,
    46,
    21,
    15,
    38,
    6,
    10,
    20,
    22,
    27,
    22,
    21,
    23,
    5,
    25,
    23,
    32,
    33,
    45,
    9,
    22,
    21,
    6,
    8,
    3,
    7,
    8,
    7,
    8,
    7,
    8,
    12,
    32,
    27,
    17,
    14,
    4,
    32,
    15,
    11,
    26,
    26,
    30,
    16,
    29,
    25,
    28,
    20,
    17,
    43,
    26,
    9,
    30,
    18,
    57,
    29,
    26,
    19,
    14,
    11,
    17,
    17,
    17,
    10,
    17,
    32,
    19,
    13,
    3,
    16,
    15,
    31,
    12,
    16,
    31,
    39,
    17,
    30,
    23,
    16,
    24,
    22,
    18,
    35,
    35,
    30,
    14,
    12,
    52,
    10,
    17,
    36,
    17,
    24,
    16,
    29,
    16,
    20,
    27,
    24,
    26,
    41,
    12,
    29,
    8,
    21,
    3,
    3,
    57,
    8,
    18,
    2
  ],
  "vocabulary_size": 598
}