{
  "document_id": "1904.04017",
  "total_sentences": 271,
  "pruned_sentences": 268,
  "total_words": 8967,
  "pruned_words": 8343,
  "unique_words": 957,
  "mean_sentence_length": 31.130597014925375,
  "stdev_sentence_length": 25.753108179706125,
  "sentence_lengths": [
    1,
    159,
    11,
    7,
    30,
    13,
    36,
    19,
    51,
    35,
    26,
    54,
    27,
    22,
    8,
    31,
    20,
    24,
    8,
    7,
    11,
    13,
    34,
    10,
    38,
    14,
    8,
    24,
    15,
    48,
    16,
    52,
    24,
    39,
    18,
    106,
    44,
    19,
    75,
    14,
    20,
    21,
    21,
    19,
    56,
    23,
    34,
    22,
    79,
    112,
    14,
    22,
    52,
    35,
    52,
    7,
    42,
    34,
    28,
    9,
    24,
    12,
    24,
    55,
    12,
    7,
    16,
    29,
    11,
    26,
    19,
    7,
    16,
    23,
    9,
    39,
    23,
    40,
    19,
    51,
    18,
    17,
    16,
    20,
    15,
    13,
    29,
    7,
    50,
    7,
    24,
    28,
    13,
    24,
    55,
    11,
    21,
    44,
    25,
    12,
    19,
    17,
    23,
    42,
    40,
    13,
    9,
    57,
    2,
    45,
    16,
    30,
    7,
    12,
    77,
    105,
    30,
    23,
    37,
    3,
    29,
    13,
    43,
    50,
    72,
    16,
    15,
    62,
    33,
    60,
    15,
    38,
    13,
    116,
    37,
    75,
    9,
    26,
    149,
    3,
    65,
    10,
    84,
    37,
    14,
    39,
    20,
    30,
    50,
    49,
    49,
    18,
    24,
    26,
    19,
    20,
    8,
    25,
    47,
    6,
    64,
    6,
    3,
    6,
    11,
    38,
    41,
    42,
    15,
    15,
    9,
    17,
    31,
    21,
    35,
    13,
    10,
    15,
    84,
    25,
    19,
    19,
    10,
    5,
    47,
    54,
    45,
    2,
    33,
    54,
    50,
    89,
    53,
    16,
    13,
    48,
    53,
    18,
    89,
    79,
    3,
    7,
    42,
    8,
    69,
    84,
    25,
    44,
    14,
    3,
    107,
    89,
    25,
    35,
    9,
    12,
    149,
    28,
    42,
    47,
    17,
    40,
    30,
    28,
    18,
    18,
    28,
    11,
    9,
    38,
    5,
    14,
    76,
    8,
    36,
    14,
    7,
    37,
    16,
    46,
    25,
    19,
    14,
    11,
    5,
    47,
    10,
    37,
    23,
    10,
    25,
    11,
    20,
    64,
    59,
    20,
    14,
    28,
    38,
    35,
    4,
    22,
    35,
    45,
    42,
    46,
    53,
    1
  ],
  "vocabulary_size": 957
}