{
  "document_id": "1904.09195",
  "total_sentences": 204,
  "pruned_sentences": 204,
  "total_words": 4447,
  "pruned_words": 4447,
  "unique_words": 902,
  "mean_sentence_length": 21.79901960784314,
  "stdev_sentence_length": 14.558994951900555,
  "sentence_lengths": [
    1,
    74,
    32,
    16,
    39,
    17,
    52,
    12,
    33,
    42,
    48,
    19,
    27,
    11,
    30,
    24,
    39,
    23,
    46,
    34,
    45,
    29,
    40,
    29,
    26,
    17,
    37,
    30,
    24,
    31,
    30,
    27,
    21,
    18,
    20,
    21,
    15,
    12,
    6,
    29,
    69,
    6,
    18,
    28,
    42,
    29,
    44,
    26,
    12,
    26,
    26,
    7,
    12,
    35,
    16,
    26,
    32,
    15,
    13,
    7,
    15,
    6,
    40,
    31,
    40,
    60,
    7,
    38,
    32,
    1,
    19,
    34,
    12,
    25,
    23,
    4,
    18,
    21,
    31,
    1,
    15,
    55,
    14,
    5,
    3,
    32,
    18,
    72,
    12,
    32,
    31,
    29,
    17,
    22,
    29,
    27,
    26,
    22,
    19,
    30,
    23,
    4,
    40,
    5,
    43,
    20,
    10,
    26,
    19,
    22,
    11,
    20,
    16,
    25,
    35,
    33,
    1,
    18,
    19,
    32,
    25,
    46,
    34,
    9,
    13,
    23,
    42,
    25,
    29,
    33,
    23,
    18,
    37,
    3,
    23,
    19,
    23,
    22,
    4,
    21,
    7,
    15,
    16,
    28,
    28,
    14,
    21,
    16,
    19,
    30,
    29,
    28,
    20,
    18,
    21,
    17,
    11,
    2,
    53,
    19,
    2,
    2,
    63,
    20,
    9,
    23,
    2,
    15,
    9,
    26,
    29,
    4,
    2,
    4,
    25,
    10,
    20,
    5,
    3,
    2,
    10,
    2,
    3,
    52,
    14,
    2,
    29,
    3,
    2,
    12,
    26,
    2,
    3,
    2,
    7,
    20,
    2,
    3,
    2,
    6,
    28,
    10,
    42,
    1
  ],
  "vocabulary_size": 902
}