{
  "document_id": "1904.12334",
  "total_sentences": 191,
  "pruned_sentences": 189,
  "total_words": 3833,
  "pruned_words": 3457,
  "unique_words": 593,
  "mean_sentence_length": 18.29100529100529,
  "stdev_sentence_length": 11.91882890617416,
  "sentence_lengths": [
    1,
    12,
    30,
    15,
    42,
    14,
    27,
    20,
    18,
    24,
    31,
    28,
    3,
    36,
    14,
    16,
    26,
    18,
    51,
    27,
    16,
    3,
    29,
    21,
    18,
    19,
    13,
    1,
    42,
    17,
    12,
    34,
    21,
    4,
    5,
    14,
    11,
    27,
    15,
    28,
    41,
    13,
    25,
    24,
    22,
    15,
    30,
    18,
    28,
    9,
    11,
    32,
    38,
    20,
    25,
    4,
    22,
    14,
    36,
    17,
    18,
    3,
    12,
    19,
    21,
    11,
    26,
    35,
    15,
    25,
    11,
    7,
    22,
    4,
    14,
    1,
    12,
    25,
    15,
    43,
    3,
    11,
    20,
    8,
    28,
    12,
    2,
    60,
    6,
    20,
    8,
    8,
    12,
    8,
    11,
    12,
    30,
    21,
    6,
    16,
    5,
    37,
    12,
    9,
    6,
    9,
    15,
    10,
    17,
    7,
    15,
    43,
    3,
    2,
    4,
    11,
    20,
    40,
    13,
    17,
    64,
    8,
    36,
    20,
    13,
    25,
    16,
    9,
    16,
    9,
    15,
    1,
    10,
    14,
    10,
    41,
    6,
    37,
    14,
    39,
    10,
    1,
    29,
    13,
    8,
    13,
    7,
    14,
    23,
    7,
    18,
    6,
    51,
    13,
    18,
    24,
    36,
    37,
    10,
    27,
    17,
    11,
    12,
    19,
    25,
    2,
    30,
    6,
    19,
    20,
    29,
    26,
    31,
    11,
    8,
    17,
    21,
    10,
    7,
    15,
    45,
    9,
    25,
    14,
    20,
    16,
    1,
    31,
    9
  ],
  "vocabulary_size": 593
}