{
  "document_id": "1904.10428",
  "total_sentences": 152,
  "pruned_sentences": 150,
  "total_words": 3589,
  "pruned_words": 3338,
  "unique_words": 655,
  "mean_sentence_length": 22.253333333333334,
  "stdev_sentence_length": 20.917282494031653,
  "sentence_lengths": [
    1,
    81,
    16,
    56,
    28,
    14,
    22,
    17,
    31,
    71,
    15,
    10,
    16,
    10,
    24,
    20,
    22,
    25,
    17,
    13,
    15,
    66,
    22,
    4,
    4,
    96,
    19,
    23,
    31,
    14,
    49,
    3,
    17,
    102,
    25,
    3,
    13,
    19,
    30,
    10,
    20,
    13,
    10,
    19,
    57,
    23,
    25,
    21,
    9,
    42,
    82,
    15,
    54,
    19,
    9,
    14,
    16,
    41,
    41,
    47,
    12,
    15,
    13,
    16,
    48,
    11,
    27,
    13,
    12,
    24,
    112,
    18,
    24,
    59,
    20,
    34,
    77,
    18,
    71,
    24,
    8,
    20,
    21,
    5,
    13,
    23,
    16,
    17,
    5,
    37,
    31,
    93,
    34,
    7,
    12,
    2,
    19,
    7,
    5,
    10,
    43,
    36,
    16,
    17,
    21,
    24,
    32,
    25,
    21,
    6,
    6,
    4,
    15,
    4,
    19,
    11,
    14,
    5,
    10,
    15,
    2,
    2,
    2,
    2,
    3,
    16,
    14,
    15,
    8,
    27,
    5,
    13,
    15,
    6,
    11,
    7,
    10,
    12,
    7,
    17,
    10,
    12,
    19,
    4,
    21,
    14,
    19,
    10,
    6,
    1
  ],
  "vocabulary_size": 655
}