{
  "document_id": "1905.05270",
  "total_sentences": 309,
  "pruned_sentences": 305,
  "total_words": 8987,
  "pruned_words": 8296,
  "unique_words": 1043,
  "mean_sentence_length": 27.2,
  "stdev_sentence_length": 14.685160787966234,
  "sentence_lengths": [
    1,
    73,
    22,
    26,
    18,
    85,
    24,
    53,
    47,
    21,
    31,
    36,
    21,
    42,
    25,
    14,
    57,
    23,
    40,
    15,
    78,
    29,
    36,
    16,
    34,
    40,
    9,
    28,
    64,
    17,
    34,
    51,
    24,
    18,
    18,
    5,
    13,
    57,
    34,
    31,
    27,
    36,
    29,
    33,
    14,
    34,
    11,
    25,
    9,
    36,
    14,
    13,
    24,
    33,
    17,
    25,
    14,
    45,
    21,
    32,
    40,
    16,
    33,
    8,
    27,
    24,
    13,
    19,
    35,
    28,
    32,
    31,
    15,
    34,
    20,
    15,
    20,
    18,
    23,
    13,
    15,
    15,
    12,
    38,
    36,
    23,
    20,
    33,
    28,
    35,
    25,
    40,
    39,
    27,
    27,
    30,
    22,
    11,
    12,
    68,
    16,
    28,
    43,
    43,
    12,
    10,
    22,
    28,
    57,
    28,
    43,
    19,
    5,
    32,
    32,
    29,
    15,
    16,
    16,
    10,
    14,
    15,
    20,
    9,
    11,
    6,
    22,
    26,
    47,
    30,
    13,
    18,
    16,
    36,
    24,
    22,
    21,
    8,
    25,
    25,
    29,
    42,
    43,
    23,
    27,
    53,
    20,
    20,
    27,
    17,
    45,
    14,
    20,
    32,
    28,
    28,
    23,
    16,
    25,
    112,
    41,
    17,
    10,
    26,
    19,
    24,
    34,
    22,
    39,
    41,
    81,
    28,
    21,
    27,
    39,
    16,
    47,
    33,
    29,
    54,
    9,
    33,
    17,
    24,
    13,
    23,
    26,
    28,
    12,
    26,
    11,
    19,
    8,
    17,
    24,
    21,
    25,
    32,
    26,
    36,
    14,
    20,
    28,
    21,
    32,
    37,
    38,
    6,
    21,
    29,
    39,
    28,
    16,
    75,
    20,
    24,
    26,
    17,
    26,
    47,
    22,
    7,
    9,
    16,
    17,
    29,
    11,
    19,
    26,
    39,
    28,
    15,
    31,
    17,
    36,
    9,
    30,
    9,
    19,
    6,
    19,
    33,
    29,
    21,
    21,
    14,
    20,
    25,
    67,
    24,
    31,
    53,
    26,
    63,
    20,
    13,
    37,
    42,
    26,
    25,
    26,
    39,
    35,
    72,
    31,
    39,
    22,
    11,
    28,
    14,
    46,
    44,
    28,
    29,
    34,
    18,
    28,
    20,
    28,
    17,
    36,
    22,
    25,
    19,
    25,
    38,
    13,
    29,
    11,
    32,
    55,
    42,
    36,
    39,
    19,
    17,
    28,
    9,
    24,
    16,
    23,
    40,
    26,
    37,
    2
  ],
  "vocabulary_size": 1043
}