{
  "document_id": "1906.03735",
  "total_sentences": 387,
  "pruned_sentences": 379,
  "total_words": 9532,
  "pruned_words": 8458,
  "unique_words": 1026,
  "mean_sentence_length": 22.316622691292874,
  "stdev_sentence_length": 19.707517787552025,
  "sentence_lengths": [
    1,
    31,
    28,
    12,
    33,
    15,
    14,
    33,
    29,
    11,
    32,
    23,
    29,
    16,
    23,
    39,
    22,
    30,
    24,
    19,
    11,
    67,
    3,
    50,
    19,
    6,
    9,
    13,
    17,
    102,
    18,
    20,
    17,
    33,
    12,
    26,
    15,
    12,
    24,
    12,
    28,
    10,
    12,
    12,
    24,
    20,
    48,
    13,
    11,
    18,
    10,
    123,
    22,
    34,
    14,
    19,
    6,
    16,
    28,
    6,
    27,
    10,
    28,
    14,
    56,
    31,
    11,
    40,
    33,
    19,
    16,
    19,
    23,
    17,
    14,
    21,
    12,
    18,
    14,
    16,
    17,
    6,
    10,
    31,
    16,
    31,
    9,
    53,
    19,
    41,
    15,
    8,
    34,
    8,
    10,
    10,
    34,
    11,
    12,
    37,
    25,
    13,
    11,
    24,
    85,
    24,
    13,
    7,
    20,
    9,
    19,
    20,
    33,
    9,
    9,
    22,
    20,
    21,
    73,
    19,
    12,
    20,
    18,
    11,
    18,
    20,
    9,
    14,
    15,
    8,
    22,
    31,
    10,
    13,
    20,
    16,
    22,
    14,
    10,
    30,
    7,
    9,
    6,
    8,
    22,
    20,
    16,
    61,
    9,
    9,
    6,
    59,
    26,
    37,
    15,
    11,
    13,
    10,
    7,
    21,
    11,
    10,
    17,
    17,
    7,
    12,
    28,
    20,
    8,
    13,
    30,
    8,
    35,
    14,
    42,
    43,
    28,
    8,
    10,
    10,
    23,
    11,
    19,
    10,
    31,
    11,
    13,
    24,
    16,
    28,
    8,
    15,
    23,
    35,
    18,
    15,
    19,
    20,
    10,
    13,
    12,
    97,
    19,
    9,
    13,
    19,
    13,
    20,
    56,
    8,
    9,
    9,
    13,
    22,
    11,
    8,
    122,
    43,
    15,
    39,
    13,
    6,
    30,
    9,
    16,
    100,
    26,
    14,
    12,
    8,
    32,
    17,
    11,
    20,
    22,
    10,
    39,
    6,
    2,
    11,
    20,
    56,
    26,
    1,
    37,
    31,
    8,
    13,
    13,
    10,
    8,
    10,
    55,
    7,
    8,
    42,
    14,
    5,
    7,
    14,
    31,
    15,
    8,
    8,
    16,
    52,
    41,
    72,
    15,
    118,
    25,
    2,
    6,
    46,
    22,
    15,
    55,
    12,
    40,
    24,
    16,
    8,
    53,
    64,
    25,
    49,
    29,
    10,
    12,
    7,
    8,
    22,
    18,
    15,
    40,
    8,
    13,
    64,
    8,
    39,
    30,
    8,
    39,
    33,
    33,
    29,
    36,
    35,
    6,
    13,
    13,
    9,
    9,
    9,
    6,
    10,
    9,
    9,
    6,
    12,
    34,
    11,
    59,
    107,
    17,
    81,
    120,
    38,
    10,
    46,
    72,
    18,
    97,
    51,
    36,
    38,
    13,
    7,
    7,
    6,
    25,
    11,
    18,
    11,
    11,
    16,
    6,
    16,
    10,
    24,
    27,
    38,
    15,
    13,
    17,
    16,
    10,
    16,
    31,
    10,
    6,
    13,
    14,
    19,
    6,
    10,
    10,
    6,
    20,
    11,
    6,
    10,
    31,
    8,
    17,
    13,
    8,
    20,
    1
  ],
  "vocabulary_size": 1026
}