{
  "document_id": "1906.00285",
  "total_sentences": 511,
  "pruned_sentences": 504,
  "total_words": 29839,
  "pruned_words": 24493,
  "unique_words": 1622,
  "mean_sentence_length": 48.59722222222222,
  "stdev_sentence_length": 73.5000200986044,
  "sentence_lengths": [
    1,
    91,
    36,
    26,
    10,
    33,
    31,
    26,
    19,
    23,
    18,
    30,
    46,
    30,
    27,
    25,
    29,
    29,
    60,
    32,
    21,
    36,
    70,
    23,
    32,
    15,
    30,
    31,
    19,
    45,
    12,
    18,
    44,
    23,
    20,
    18,
    42,
    150,
    194,
    133,
    224,
    29,
    17,
    28,
    15,
    26,
    16,
    33,
    37,
    24,
    25,
    22,
    17,
    10,
    19,
    25,
    21,
    32,
    17,
    16,
    14,
    4,
    39,
    14,
    64,
    20,
    26,
    40,
    24,
    10,
    11,
    8,
    20,
    12,
    41,
    22,
    31,
    27,
    36,
    46,
    21,
    28,
    26,
    19,
    21,
    36,
    2,
    11,
    28,
    22,
    28,
    10,
    14,
    7,
    55,
    20,
    21,
    22,
    27,
    48,
    35,
    20,
    23,
    25,
    26,
    21,
    16,
    34,
    20,
    17,
    10,
    22,
    17,
    16,
    14,
    4,
    22,
    22,
    38,
    51,
    18,
    10,
    4,
    17,
    12,
    24,
    26,
    21,
    37,
    26,
    52,
    20,
    23,
    32,
    17,
    18,
    28,
    23,
    18,
    37,
    45,
    61,
    20,
    65,
    35,
    119,
    12,
    31,
    12,
    31,
    21,
    18,
    31,
    52,
    264,
    12,
    108,
    73,
    19,
    48,
    461,
    24,
    30,
    116,
    59,
    20,
    18,
    29,
    26,
    14,
    132,
    12,
    12,
    27,
    23,
    55,
    98,
    42,
    20,
    52,
    55,
    21,
    28,
    27,
    23,
    20,
    20,
    33,
    29,
    32,
    25,
    260,
    17,
    188,
    27,
    116,
    22,
    17,
    45,
    20,
    13,
    25,
    24,
    30,
    19,
    35,
    124,
    38,
    18,
    24,
    202,
    96,
    107,
    96,
    27,
    8,
    9,
    9,
    21,
    10,
    12,
    32,
    105,
    7,
    156,
    23,
    29,
    43,
    16,
    104,
    105,
    5,
    24,
    296,
    17,
    111,
    33,
    18,
    59,
    224,
    16,
    193,
    14,
    13,
    23,
    5,
    9,
    8,
    33,
    89,
    41,
    5,
    12,
    17,
    17,
    17,
    69,
    36,
    11,
    85,
    8,
    90,
    34,
    10,
    32,
    62,
    52,
    17,
    19,
    10,
    12,
    19,
    10,
    5,
    123,
    5,
    207,
    9,
    88,
    68,
    5,
    128,
    24,
    13,
    54,
    10,
    11,
    26,
    36,
    32,
    15,
    48,
    30,
    9,
    16,
    17,
    3,
    44,
    124,
    188,
    6,
    15,
    14,
    23,
    6,
    19,
    8,
    13,
    7,
    7,
    6,
    403,
    5,
    7,
    6,
    32,
    4,
    207,
    127,
    75,
    4,
    29,
    12,
    4,
    102,
    7,
    155,
    13,
    6,
    20,
    444,
    146,
    22,
    438,
    212,
    104,
    3,
    9,
    8,
    103,
    21,
    20,
    8,
    27,
    17,
    131,
    119,
    127,
    3,
    6,
    173,
    11,
    10,
    101,
    189,
    94,
    12,
    15,
    32,
    84,
    20,
    26,
    33,
    15,
    19,
    11,
    52,
    7,
    11,
    17,
    11,
    9,
    14,
    96,
    6,
    109,
    6,
    20,
    12,
    16,
    16,
    2,
    24,
    20,
    21,
    72,
    69,
    10,
    42,
    93,
    29,
    10,
    21,
    40,
    57,
    4,
    8,
    92,
    25,
    109,
    34,
    32,
    34,
    38,
    9,
    41,
    16,
    3,
    17,
    86,
    45,
    93,
    4,
    494,
    6,
    76,
    7,
    10,
    33,
    4,
    54,
    21,
    14,
    14,
    7,
    29,
    28,
    24,
    28,
    7,
    38,
    9,
    20,
    6,
    21,
    30,
    19,
    18,
    12,
    6,
    4,
    117,
    4,
    30,
    39,
    20,
    2,
    7,
    70,
    3,
    40,
    11,
    41,
    2,
    14,
    18,
    27,
    2,
    51,
    42,
    7,
    299,
    194,
    353,
    351,
    463,
    470,
    15,
    6,
    260,
    269,
    165,
    183,
    242,
    243,
    335,
    10,
    3,
    11,
    97,
    47,
    47,
    86,
    167,
    115,
    40,
    87,
    9,
    3,
    15,
    11,
    13,
    31,
    26,
    36,
    4,
    25,
    20,
    5,
    48,
    23,
    11,
    17,
    1
  ],
  "vocabulary_size": 1622
}