{
  "document_id": "1906.02457",
  "total_sentences": 232,
  "pruned_sentences": 231,
  "total_words": 4809,
  "pruned_words": 4678,
  "unique_words": 730,
  "mean_sentence_length": 20.251082251082252,
  "stdev_sentence_length": 11.363832258804633,
  "sentence_lengths": [
    1,
    73,
    18,
    29,
    26,
    40,
    28,
    31,
    15,
    19,
    27,
    46,
    26,
    25,
    27,
    27,
    16,
    11,
    10,
    11,
    10,
    42,
    21,
    31,
    26,
    24,
    10,
    22,
    23,
    20,
    21,
    32,
    22,
    11,
    7,
    17,
    9,
    6,
    33,
    28,
    25,
    9,
    21,
    11,
    21,
    18,
    23,
    38,
    9,
    12,
    21,
    30,
    22,
    35,
    8,
    23,
    14,
    27,
    39,
    7,
    16,
    18,
    31,
    23,
    17,
    18,
    15,
    20,
    26,
    17,
    16,
    13,
    19,
    17,
    20,
    32,
    17,
    9,
    9,
    17,
    25,
    11,
    24,
    12,
    19,
    23,
    31,
    18,
    13,
    25,
    11,
    48,
    11,
    23,
    10,
    46,
    10,
    39,
    2,
    10,
    20,
    18,
    24,
    13,
    14,
    23,
    18,
    26,
    13,
    12,
    23,
    4,
    32,
    33,
    29,
    17,
    13,
    30,
    15,
    19,
    12,
    25,
    19,
    28,
    10,
    11,
    15,
    7,
    14,
    10,
    25,
    13,
    38,
    17,
    4,
    26,
    46,
    21,
    19,
    8,
    26,
    15,
    24,
    23,
    32,
    11,
    23,
    28,
    11,
    12,
    21,
    23,
    9,
    6,
    34,
    12,
    26,
    25,
    10,
    15,
    27,
    22,
    17,
    17,
    16,
    29,
    10,
    40,
    10,
    16,
    7,
    26,
    35,
    9,
    13,
    14,
    18,
    9,
    25,
    29,
    17,
    10,
    67,
    19,
    13,
    11,
    16,
    10,
    11,
    24,
    26,
    13,
    19,
    16,
    12,
    14,
    17,
    25,
    7,
    12,
    24,
    14,
    10,
    18,
    14,
    73,
    26,
    30,
    20,
    73,
    10,
    14,
    23,
    14,
    14,
    16,
    27,
    7,
    21,
    15,
    15,
    15,
    8,
    19,
    32,
    13,
    12,
    13,
    11,
    15,
    49
  ],
  "vocabulary_size": 730
}