{
  "document_id": "1906.04634",
  "total_sentences": 209,
  "pruned_sentences": 207,
  "total_words": 4666,
  "pruned_words": 4419,
  "unique_words": 728,
  "mean_sentence_length": 21.347826086956523,
  "stdev_sentence_length": 11.859811497081497,
  "sentence_lengths": [
    4,
    2,
    2,
    61,
    27,
    26,
    34,
    28,
    22,
    25,
    37,
    26,
    41,
    13,
    33,
    22,
    49,
    16,
    20,
    49,
    19,
    9,
    9,
    28,
    34,
    20,
    45,
    26,
    25,
    23,
    24,
    15,
    16,
    27,
    46,
    26,
    28,
    7,
    14,
    18,
    21,
    24,
    22,
    18,
    15,
    20,
    6,
    28,
    18,
    22,
    13,
    25,
    22,
    19,
    20,
    24,
    49,
    19,
    38,
    50,
    7,
    28,
    27,
    10,
    13,
    9,
    8,
    21,
    39,
    24,
    11,
    5,
    19,
    15,
    55,
    15,
    12,
    12,
    15,
    18,
    13,
    39,
    19,
    27,
    37,
    10,
    4,
    4,
    15,
    23,
    19,
    30,
    4,
    29,
    18,
    33,
    20,
    35,
    25,
    60,
    14,
    16,
    17,
    31,
    23,
    15,
    7,
    10,
    29,
    11,
    25,
    23,
    31,
    8,
    9,
    9,
    30,
    22,
    33,
    13,
    10,
    12,
    11,
    28,
    29,
    28,
    72,
    5,
    1,
    2,
    63,
    25,
    8,
    28,
    18,
    24,
    12,
    7,
    31,
    28,
    27,
    17,
    34,
    11,
    29,
    19,
    12,
    21,
    5,
    10,
    18,
    27,
    28,
    31,
    16,
    23,
    26,
    26,
    22,
    22,
    24,
    18,
    14,
    22,
    20,
    23,
    37,
    23,
    18,
    11,
    26,
    11,
    8,
    8,
    15,
    22,
    20,
    5,
    27,
    15,
    28,
    18,
    15,
    16,
    15,
    5,
    22,
    10,
    23,
    18,
    5,
    22,
    34,
    20,
    19,
    5,
    25,
    25,
    29,
    28,
    18,
    26,
    17,
    15,
    24,
    30,
    2
  ],
  "vocabulary_size": 728
}