{
  "document_id": "1906.01552",
  "total_sentences": 279,
  "pruned_sentences": 277,
  "total_words": 8010,
  "pruned_words": 7678,
  "unique_words": 1205,
  "mean_sentence_length": 27.71841155234657,
  "stdev_sentence_length": 20.342897142107336,
  "sentence_lengths": [
    1,
    73,
    43,
    31,
    26,
    23,
    31,
    25,
    77,
    12,
    33,
    36,
    60,
    78,
    47,
    27,
    83,
    27,
    22,
    22,
    21,
    28,
    18,
    23,
    58,
    25,
    27,
    17,
    26,
    13,
    11,
    34,
    22,
    11,
    32,
    25,
    19,
    33,
    7,
    7,
    23,
    26,
    23,
    18,
    29,
    99,
    16,
    27,
    74,
    33,
    25,
    32,
    27,
    17,
    9,
    42,
    13,
    78,
    68,
    33,
    22,
    24,
    58,
    34,
    23,
    27,
    34,
    27,
    12,
    35,
    50,
    33,
    27,
    12,
    1,
    63,
    43,
    34,
    12,
    26,
    15,
    19,
    6,
    5,
    10,
    57,
    8,
    21,
    29,
    33,
    17,
    33,
    10,
    22,
    16,
    22,
    9,
    39,
    1,
    14,
    17,
    46,
    8,
    17,
    25,
    22,
    38,
    21,
    65,
    10,
    24,
    4,
    7,
    27,
    3,
    10,
    47,
    12,
    20,
    13,
    17,
    20,
    34,
    11,
    24,
    32,
    15,
    17,
    11,
    117,
    3,
    12,
    13,
    26,
    5,
    26,
    7,
    12,
    14,
    23,
    40,
    17,
    20,
    26,
    50,
    17,
    29,
    20,
    19,
    2,
    13,
    12,
    29,
    29,
    24,
    42,
    47,
    47,
    49,
    2,
    13,
    12,
    13,
    56,
    48,
    55,
    25,
    13,
    22,
    10,
    37,
    8,
    27,
    15,
    41,
    15,
    23,
    63,
    32,
    23,
    14,
    68,
    50,
    15,
    36,
    10,
    3,
    7,
    36,
    24,
    31,
    18,
    28,
    5,
    17,
    43,
    46,
    11,
    121,
    28,
    20,
    36,
    87,
    8,
    84,
    21,
    30,
    12,
    67,
    104,
    17,
    16,
    6,
    25,
    24,
    5,
    20,
    33,
    19,
    21,
    60,
    33,
    85,
    18,
    8,
    35,
    10,
    22,
    16,
    2,
    33,
    10,
    15,
    25,
    63,
    33,
    46,
    17,
    39,
    30,
    25,
    61,
    31,
    12,
    30,
    20,
    7,
    47,
    39,
    32,
    22,
    15,
    10,
    18,
    17,
    10,
    19,
    13,
    20,
    25,
    18,
    33,
    54,
    9,
    46,
    34,
    2,
    17,
    1,
    34,
    15,
    26,
    76,
    28,
    36,
    20,
    1
  ],
  "vocabulary_size": 1205
}