{
  "document_id": "1907.12945",
  "total_sentences": 322,
  "pruned_sentences": 320,
  "total_words": 8314,
  "pruned_words": 7352,
  "unique_words": 1283,
  "mean_sentence_length": 22.975,
  "stdev_sentence_length": 19.997006045498388,
  "sentence_lengths": [
    1,
    86,
    31,
    29,
    5,
    24,
    5,
    24,
    35,
    31,
    28,
    22,
    30,
    18,
    25,
    32,
    31,
    15,
    28,
    23,
    33,
    54,
    23,
    29,
    22,
    24,
    25,
    17,
    26,
    41,
    24,
    24,
    45,
    16,
    9,
    34,
    8,
    14,
    12,
    26,
    12,
    21,
    17,
    39,
    16,
    24,
    24,
    15,
    75,
    10,
    13,
    17,
    26,
    23,
    36,
    9,
    9,
    11,
    7,
    11,
    14,
    14,
    8,
    24,
    14,
    11,
    12,
    64,
    13,
    18,
    24,
    22,
    10,
    7,
    24,
    24,
    19,
    20,
    15,
    43,
    7,
    25,
    2,
    22,
    17,
    29,
    10,
    15,
    24,
    9,
    18,
    22,
    16,
    11,
    29,
    23,
    13,
    39,
    10,
    14,
    18,
    13,
    22,
    39,
    10,
    8,
    28,
    8,
    7,
    4,
    12,
    23,
    27,
    87,
    44,
    25,
    37,
    15,
    48,
    42,
    42,
    23,
    10,
    14,
    16,
    42,
    109,
    29,
    40,
    15,
    21,
    42,
    28,
    12,
    35,
    49,
    34,
    28,
    21,
    23,
    4,
    44,
    5,
    18,
    27,
    19,
    27,
    19,
    26,
    30,
    28,
    40,
    74,
    24,
    22,
    78,
    14,
    32,
    49,
    17,
    42,
    132,
    33,
    95,
    30,
    4,
    36,
    107,
    33,
    25,
    12,
    20,
    54,
    29,
    16,
    19,
    31,
    12,
    40,
    93,
    21,
    51,
    26,
    17,
    7,
    6,
    10,
    15,
    7,
    29,
    15,
    10,
    11,
    17,
    18,
    49,
    33,
    22,
    32,
    17,
    55,
    14,
    18,
    5,
    12,
    11,
    7,
    11,
    8,
    1,
    21,
    6,
    22,
    25,
    12,
    5,
    19,
    7,
    21,
    76,
    13,
    15,
    12,
    8,
    7,
    7,
    14,
    24,
    37,
    36,
    4,
    4,
    38,
    4,
    4,
    38,
    4,
    4,
    48,
    4,
    4,
    35,
    4,
    4,
    33,
    37,
    4,
    42,
    4,
    4,
    44,
    4,
    4,
    31,
    37,
    4,
    4,
    32,
    4,
    4,
    34,
    29,
    4,
    4,
    35,
    4,
    4,
    9,
    21,
    4,
    31,
    4,
    4,
    30,
    4,
    4,
    28,
    4,
    4,
    35,
    4,
    4,
    36,
    4,
    4,
    88,
    4,
    4,
    9,
    30,
    4,
    4,
    68,
    60,
    4,
    4,
    115,
    22,
    21,
    15,
    9,
    15,
    17,
    12,
    34,
    4,
    43,
    4,
    4,
    31,
    4,
    4,
    35,
    4,
    4,
    40,
    4,
    4,
    36,
    2
  ],
  "vocabulary_size": 1283
}