{
  "document_id": "1908.01119",
  "total_sentences": 255,
  "pruned_sentences": 253,
  "total_words": 6139,
  "pruned_words": 5832,
  "unique_words": 746,
  "mean_sentence_length": 23.051383399209485,
  "stdev_sentence_length": 14.927647197612556,
  "sentence_lengths": [
    1,
    97,
    15,
    32,
    19,
    37,
    19,
    27,
    28,
    18,
    17,
    50,
    42,
    26,
    24,
    57,
    85,
    31,
    34,
    31,
    26,
    52,
    38,
    43,
    15,
    22,
    13,
    46,
    29,
    23,
    40,
    27,
    25,
    38,
    11,
    13,
    33,
    5,
    36,
    25,
    21,
    36,
    36,
    26,
    38,
    25,
    19,
    12,
    9,
    14,
    17,
    31,
    3,
    15,
    16,
    19,
    45,
    12,
    19,
    10,
    14,
    25,
    17,
    23,
    5,
    40,
    15,
    18,
    14,
    15,
    13,
    50,
    25,
    12,
    38,
    6,
    6,
    11,
    62,
    17,
    29,
    26,
    51,
    29,
    27,
    11,
    66,
    24,
    34,
    15,
    40,
    23,
    8,
    25,
    19,
    20,
    37,
    43,
    17,
    19,
    43,
    73,
    40,
    6,
    27,
    3,
    14,
    29,
    26,
    16,
    18,
    30,
    27,
    33,
    26,
    33,
    27,
    15,
    6,
    21,
    22,
    18,
    7,
    27,
    23,
    20,
    21,
    11,
    14,
    13,
    6,
    17,
    5,
    10,
    16,
    74,
    45,
    21,
    21,
    14,
    10,
    44,
    21,
    24,
    11,
    11,
    3,
    6,
    7,
    11,
    48,
    44,
    33,
    31,
    5,
    17,
    15,
    23,
    8,
    31,
    29,
    17,
    8,
    31,
    27,
    18,
    19,
    28,
    5,
    5,
    16,
    17,
    8,
    8,
    36,
    25,
    14,
    32,
    22,
    32,
    40,
    18,
    18,
    33,
    33,
    34,
    7,
    26,
    30,
    28,
    16,
    10,
    12,
    4,
    9,
    13,
    42,
    8,
    40,
    40,
    29,
    1,
    32,
    9,
    9,
    28,
    5,
    13,
    27,
    12,
    7,
    19,
    15,
    20,
    12,
    9,
    5,
    5,
    32,
    17,
    15,
    29,
    12,
    32,
    2,
    14,
    24,
    25,
    11,
    17,
    7,
    10,
    9,
    9,
    30,
    7,
    15,
    33,
    34,
    36,
    42,
    5,
    32,
    22,
    69,
    16,
    8,
    34,
    10,
    22,
    44,
    8,
    2
  ],
  "vocabulary_size": 746
}