{
  "document_id": "1908.04114",
  "total_sentences": 263,
  "pruned_sentences": 262,
  "total_words": 6629,
  "pruned_words": 6196,
  "unique_words": 739,
  "mean_sentence_length": 23.64885496183206,
  "stdev_sentence_length": 15.76159728185678,
  "sentence_lengths": [
    1,
    64,
    1,
    38,
    104,
    30,
    25,
    29,
    21,
    27,
    29,
    35,
    15,
    30,
    13,
    5,
    7,
    20,
    59,
    26,
    30,
    9,
    44,
    30,
    29,
    24,
    35,
    21,
    48,
    11,
    5,
    14,
    10,
    30,
    9,
    24,
    19,
    30,
    24,
    35,
    23,
    32,
    30,
    25,
    7,
    8,
    30,
    9,
    23,
    26,
    20,
    28,
    20,
    39,
    13,
    22,
    32,
    28,
    9,
    11,
    21,
    16,
    30,
    15,
    11,
    11,
    12,
    13,
    21,
    30,
    41,
    37,
    36,
    29,
    7,
    16,
    13,
    17,
    13,
    18,
    22,
    23,
    50,
    31,
    4,
    58,
    98,
    22,
    18,
    22,
    38,
    31,
    20,
    23,
    29,
    10,
    11,
    18,
    21,
    11,
    13,
    33,
    10,
    4,
    12,
    28,
    13,
    26,
    20,
    36,
    26,
    21,
    30,
    19,
    43,
    14,
    13,
    29,
    15,
    29,
    7,
    32,
    14,
    6,
    8,
    16,
    7,
    17,
    11,
    15,
    20,
    29,
    25,
    20,
    18,
    10,
    9,
    12,
    31,
    3,
    26,
    14,
    23,
    16,
    17,
    18,
    3,
    29,
    25,
    35,
    9,
    25,
    26,
    55,
    46,
    14,
    30,
    27,
    34,
    88,
    6,
    20,
    15,
    15,
    32,
    40,
    24,
    18,
    36,
    19,
    21,
    14,
    13,
    25,
    50,
    21,
    32,
    7,
    22,
    39,
    8,
    14,
    13,
    21,
    16,
    31,
    20,
    18,
    10,
    29,
    26,
    19,
    21,
    14,
    6,
    17,
    47,
    8,
    18,
    10,
    44,
    66,
    2,
    76,
    3,
    21,
    17,
    19,
    10,
    106,
    24,
    8,
    21,
    39,
    21,
    25,
    10,
    20,
    11,
    21,
    5,
    45,
    12,
    21,
    35,
    7,
    22,
    34,
    15,
    14,
    12,
    20,
    22,
    19,
    10,
    28,
    23,
    17,
    14,
    15,
    17,
    35,
    24,
    21,
    39,
    27,
    21,
    18,
    17,
    13,
    35,
    31,
    41,
    31,
    29,
    20,
    57,
    11,
    37,
    60,
    55,
    2
  ],
  "vocabulary_size": 739
}