{
  "document_id": "1908.06651",
  "total_sentences": 331,
  "pruned_sentences": 327,
  "total_words": 7924,
  "pruned_words": 7424,
  "unique_words": 1214,
  "mean_sentence_length": 22.70336391437309,
  "stdev_sentence_length": 12.289482048380512,
  "sentence_lengths": [
    1,
    4,
    86,
    33,
    17,
    21,
    21,
    59,
    22,
    24,
    29,
    15,
    21,
    13,
    19,
    20,
    14,
    20,
    18,
    27,
    24,
    20,
    50,
    26,
    27,
    17,
    12,
    15,
    16,
    30,
    27,
    15,
    14,
    9,
    13,
    22,
    17,
    5,
    22,
    26,
    35,
    2,
    26,
    20,
    28,
    40,
    18,
    23,
    36,
    31,
    59,
    21,
    13,
    26,
    19,
    27,
    39,
    27,
    38,
    29,
    19,
    39,
    41,
    39,
    24,
    9,
    12,
    25,
    12,
    18,
    16,
    23,
    13,
    14,
    7,
    13,
    23,
    17,
    8,
    24,
    20,
    8,
    15,
    15,
    20,
    21,
    48,
    43,
    55,
    15,
    25,
    6,
    6,
    6,
    8,
    10,
    5,
    8,
    11,
    27,
    45,
    8,
    47,
    10,
    22,
    31,
    52,
    16,
    26,
    28,
    41,
    25,
    31,
    24,
    7,
    12,
    30,
    20,
    46,
    21,
    43,
    22,
    18,
    31,
    47,
    18,
    21,
    5,
    46,
    26,
    42,
    32,
    17,
    12,
    6,
    16,
    17,
    27,
    28,
    18,
    15,
    17,
    20,
    24,
    23,
    23,
    27,
    27,
    33,
    33,
    28,
    19,
    9,
    32,
    26,
    18,
    69,
    18,
    33,
    37,
    17,
    24,
    36,
    16,
    29,
    17,
    24,
    49,
    14,
    16,
    11,
    17,
    16,
    35,
    32,
    42,
    43,
    36,
    25,
    18,
    37,
    20,
    18,
    29,
    39,
    33,
    31,
    34,
    52,
    28,
    20,
    7,
    10,
    24,
    15,
    32,
    24,
    19,
    35,
    13,
    16,
    28,
    38,
    20,
    22,
    3,
    3,
    5,
    16,
    38,
    11,
    25,
    14,
    25,
    20,
    34,
    5,
    20,
    8,
    10,
    27,
    3,
    10,
    36,
    13,
    20,
    17,
    13,
    35,
    26,
    14,
    27,
    13,
    8,
    33,
    29,
    46,
    55,
    28,
    17,
    30,
    11,
    15,
    16,
    32,
    27,
    14,
    19,
    20,
    18,
    5,
    18,
    15,
    17,
    32,
    24,
    51,
    36,
    2,
    20,
    15,
    20,
    17,
    13,
    15,
    17,
    22,
    2,
    20,
    9,
    6,
    13,
    17,
    28,
    18,
    17,
    18,
    21,
    23,
    36,
    17,
    24,
    15,
    19,
    35,
    33,
    11,
    12,
    30,
    13,
    23,
    24,
    60,
    17,
    23,
    26,
    23,
    15,
    5,
    11,
    24,
    19,
    12,
    15,
    13,
    14,
    14,
    38,
    53,
    25,
    21,
    13,
    32,
    18,
    24,
    18,
    26,
    19,
    19,
    10,
    43,
    24,
    21,
    20,
    14,
    19,
    2
  ],
  "vocabulary_size": 1214
}