{
  "document_id": "1908.08776",
  "total_sentences": 174,
  "pruned_sentences": 173,
  "total_words": 4626,
  "pruned_words": 4524,
  "unique_words": 775,
  "mean_sentence_length": 26.15028901734104,
  "stdev_sentence_length": 13.366500230215665,
  "sentence_lengths": [
    1,
    29,
    37,
    2,
    2,
    8,
    36,
    33,
    52,
    45,
    9,
    74,
    34,
    49,
    29,
    46,
    39,
    30,
    23,
    12,
    24,
    10,
    46,
    45,
    23,
    25,
    26,
    17,
    27,
    17,
    55,
    35,
    20,
    60,
    68,
    28,
    15,
    35,
    29,
    23,
    17,
    61,
    10,
    15,
    30,
    26,
    35,
    14,
    15,
    33,
    29,
    42,
    19,
    46,
    38,
    6,
    15,
    26,
    3,
    50,
    29,
    23,
    17,
    37,
    29,
    31,
    27,
    13,
    21,
    24,
    27,
    11,
    24,
    36,
    27,
    15,
    22,
    42,
    26,
    34,
    26,
    20,
    3,
    51,
    15,
    17,
    24,
    34,
    23,
    36,
    25,
    3,
    25,
    34,
    12,
    25,
    27,
    35,
    24,
    21,
    18,
    29,
    17,
    10,
    34,
    33,
    30,
    12,
    5,
    35,
    16,
    23,
    10,
    25,
    47,
    24,
    25,
    6,
    31,
    30,
    23,
    21,
    21,
    31,
    3,
    19,
    32,
    36,
    23,
    25,
    26,
    22,
    6,
    27,
    16,
    18,
    3,
    31,
    14,
    28,
    29,
    44,
    40,
    36,
    16,
    41,
    24,
    22,
    24,
    22,
    21,
    3,
    16,
    25,
    39,
    23,
    18,
    50,
    37,
    36,
    11,
    48,
    31,
    38,
    47,
    28,
    13,
    23,
    33,
    12,
    17,
    28,
    1
  ],
  "vocabulary_size": 775
}