{
  "document_id": "1908.00402",
  "total_sentences": 222,
  "pruned_sentences": 220,
  "total_words": 7317,
  "pruned_words": 7045,
  "unique_words": 1177,
  "mean_sentence_length": 32.02272727272727,
  "stdev_sentence_length": 21.60383087579041,
  "sentence_lengths": [
    1,
    125,
    20,
    75,
    39,
    60,
    39,
    20,
    25,
    34,
    42,
    35,
    49,
    32,
    18,
    4,
    23,
    24,
    39,
    18,
    21,
    9,
    23,
    21,
    4,
    31,
    4,
    24,
    26,
    7,
    26,
    35,
    20,
    12,
    21,
    13,
    20,
    31,
    5,
    21,
    50,
    50,
    12,
    14,
    73,
    45,
    14,
    88,
    23,
    2,
    17,
    67,
    42,
    33,
    2,
    13,
    23,
    18,
    63,
    42,
    14,
    3,
    42,
    37,
    25,
    28,
    30,
    25,
    37,
    17,
    2,
    34,
    45,
    105,
    34,
    46,
    25,
    24,
    56,
    33,
    42,
    5,
    15,
    21,
    28,
    27,
    60,
    43,
    34,
    24,
    25,
    32,
    40,
    41,
    41,
    22,
    40,
    20,
    18,
    62,
    37,
    36,
    63,
    53,
    23,
    11,
    65,
    24,
    27,
    45,
    45,
    40,
    29,
    36,
    48,
    24,
    23,
    5,
    63,
    7,
    32,
    37,
    30,
    23,
    7,
    9,
    4,
    23,
    26,
    19,
    47,
    36,
    20,
    14,
    54,
    27,
    45,
    76,
    30,
    65,
    51,
    102,
    61,
    36,
    7,
    42,
    70,
    35,
    39,
    6,
    19,
    10,
    37,
    34,
    22,
    12,
    25,
    38,
    27,
    41,
    39,
    65,
    30,
    6,
    12,
    13,
    14,
    15,
    6,
    10,
    56,
    44,
    30,
    4,
    21,
    71,
    75,
    75,
    8,
    18,
    26,
    69,
    64,
    103,
    58,
    8,
    3,
    22,
    26,
    26,
    57,
    23,
    18,
    33,
    27,
    11,
    16,
    16,
    33,
    4,
    83,
    4,
    27,
    80,
    18,
    7,
    35,
    31,
    39,
    32,
    48,
    34,
    40,
    70,
    26,
    25,
    21,
    29,
    8,
    2
  ],
  "vocabulary_size": 1177
}