{
  "document_id": "1909.01999",
  "total_sentences": 63,
  "pruned_sentences": 62,
  "total_words": 1857,
  "pruned_words": 1688,
  "unique_words": 435,
  "mean_sentence_length": 27.225806451612904,
  "stdev_sentence_length": 20.782574159214164,
  "sentence_lengths": [
    1,
    67,
    14,
    100,
    46,
    79,
    64,
    40,
    20,
    11,
    23,
    20,
    21,
    32,
    22,
    33,
    52,
    37,
    16,
    27,
    17,
    15,
    25,
    47,
    75,
    50,
    31,
    37,
    25,
    48,
    10,
    7,
    12,
    8,
    16,
    10,
    10,
    11,
    8,
    52,
    14,
    10,
    53,
    5,
    58,
    8,
    37,
    9,
    11,
    21,
    13,
    16,
    13,
    25,
    35,
    24,
    10,
    25,
    16,
    22,
    23,
    1
  ],
  "vocabulary_size": 435
}