{
  "document_id": "1909.05468",
  "total_sentences": 129,
  "pruned_sentences": 128,
  "total_words": 3862,
  "pruned_words": 3637,
  "unique_words": 742,
  "mean_sentence_length": 28.4140625,
  "stdev_sentence_length": 22.36755501221377,
  "sentence_lengths": [
    1,
    51,
    116,
    22,
    16,
    21,
    17,
    19,
    22,
    17,
    37,
    18,
    36,
    18,
    35,
    21,
    24,
    18,
    26,
    17,
    22,
    35,
    25,
    26,
    44,
    23,
    46,
    35,
    44,
    41,
    37,
    27,
    24,
    38,
    39,
    7,
    14,
    19,
    10,
    18,
    23,
    33,
    8,
    51,
    11,
    23,
    12,
    95,
    47,
    11,
    12,
    20,
    40,
    41,
    9,
    14,
    19,
    72,
    28,
    28,
    18,
    22,
    99,
    26,
    16,
    27,
    36,
    7,
    89,
    6,
    25,
    18,
    10,
    52,
    39,
    9,
    82,
    37,
    14,
    10,
    5,
    21,
    15,
    26,
    13,
    19,
    18,
    25,
    35,
    58,
    42,
    91,
    10,
    10,
    17,
    17,
    11,
    22,
    26,
    17,
    18,
    29,
    19,
    14,
    65,
    11,
    19,
    18,
    60,
    18,
    23,
    15,
    33,
    15,
    27,
    14,
    141,
    29,
    19,
    23,
    26,
    12,
    18,
    16,
    22,
    34,
    34,
    2
  ],
  "vocabulary_size": 742
}