{
  "document_id": "1910.03935",
  "total_sentences": 412,
  "pruned_sentences": 408,
  "total_words": 11052,
  "pruned_words": 10480,
  "unique_words": 1064,
  "mean_sentence_length": 25.686274509803923,
  "stdev_sentence_length": 18.246324602960367,
  "sentence_lengths": [
    1,
    25,
    15,
    9,
    38,
    25,
    27,
    15,
    26,
    36,
    37,
    46,
    61,
    28,
    13,
    39,
    21,
    60,
    41,
    25,
    17,
    62,
    10,
    25,
    17,
    17,
    20,
    10,
    19,
    12,
    19,
    1,
    32,
    29,
    19,
    31,
    34,
    22,
    17,
    17,
    24,
    22,
    52,
    11,
    13,
    19,
    12,
    11,
    23,
    33,
    52,
    35,
    65,
    22,
    29,
    39,
    29,
    31,
    16,
    30,
    33,
    17,
    19,
    19,
    20,
    15,
    15,
    7,
    21,
    17,
    2,
    33,
    2,
    10,
    30,
    29,
    31,
    37,
    64,
    38,
    50,
    17,
    11,
    25,
    16,
    30,
    30,
    28,
    30,
    12,
    23,
    25,
    10,
    15,
    16,
    15,
    22,
    15,
    11,
    9,
    9,
    9,
    9,
    16,
    12,
    11,
    27,
    18,
    25,
    14,
    15,
    75,
    25,
    18,
    32,
    23,
    52,
    42,
    60,
    8,
    35,
    15,
    34,
    23,
    6,
    18,
    17,
    73,
    14,
    36,
    25,
    21,
    16,
    4,
    26,
    4,
    11,
    30,
    6,
    28,
    7,
    57,
    33,
    13,
    29,
    33,
    74,
    67,
    73,
    41,
    27,
    19,
    18,
    12,
    8,
    29,
    40,
    7,
    7,
    17,
    19,
    25,
    21,
    38,
    39,
    6,
    25,
    8,
    62,
    57,
    32,
    21,
    76,
    16,
    26,
    34,
    28,
    37,
    25,
    14,
    12,
    18,
    13,
    1,
    89,
    22,
    5,
    7,
    13,
    19,
    93,
    23,
    82,
    3,
    3,
    4,
    48,
    10,
    10,
    13,
    15,
    33,
    22,
    13,
    5,
    21,
    10,
    23,
    23,
    35,
    10,
    62,
    87,
    35,
    19,
    26,
    22,
    20,
    32,
    21,
    23,
    39,
    8,
    10,
    7,
    4,
    102,
    4,
    99,
    91,
    5,
    3,
    62,
    29,
    24,
    14,
    29,
    43,
    32,
    21,
    39,
    10,
    15,
    13,
    23,
    29,
    16,
    24,
    20,
    77,
    51,
    39,
    28,
    25,
    15,
    53,
    10,
    6,
    106,
    45,
    69,
    32,
    19,
    24,
    18,
    17,
    37,
    19,
    30,
    16,
    32,
    14,
    25,
    15,
    44,
    33,
    18,
    17,
    64,
    26,
    32,
    22,
    39,
    35,
    27,
    17,
    20,
    20,
    50,
    14,
    6,
    29,
    16,
    19,
    12,
    9,
    22,
    21,
    19,
    31,
    15,
    18,
    14,
    6,
    13,
    9,
    20,
    19,
    62,
    39,
    18,
    17,
    10,
    16,
    19,
    23,
    18,
    30,
    19,
    41,
    55,
    22,
    19,
    13,
    18,
    30,
    7,
    39,
    30,
    10,
    53,
    43,
    50,
    13,
    20,
    8,
    12,
    83,
    4,
    5,
    80,
    19,
    57,
    28,
    24,
    35,
    16,
    16,
    29,
    23,
    16,
    21,
    14,
    4,
    37,
    8,
    4,
    32,
    10,
    45,
    22,
    18,
    20,
    30,
    16,
    14,
    11,
    19,
    24,
    9,
    34,
    22,
    33,
    18,
    14,
    24,
    21,
    7,
    3,
    13,
    8,
    11,
    17,
    18,
    4,
    4,
    26,
    29,
    38,
    25,
    19,
    40,
    45,
    28,
    20,
    35,
    23,
    14,
    26,
    63,
    22,
    17,
    35,
    39,
    16,
    16,
    18,
    13
  ],
  "vocabulary_size": 1064
}