{
  "document_id": "1910.00585",
  "total_sentences": 230,
  "pruned_sentences": 230,
  "total_words": 5311,
  "pruned_words": 5311,
  "unique_words": 855,
  "mean_sentence_length": 23.091304347826085,
  "stdev_sentence_length": 16.37245031434251,
  "sentence_lengths": [
    1,
    66,
    28,
    28,
    16,
    31,
    32,
    68,
    36,
    33,
    28,
    32,
    28,
    17,
    19,
    12,
    20,
    49,
    25,
    21,
    16,
    49,
    19,
    16,
    24,
    13,
    21,
    42,
    35,
    19,
    34,
    20,
    15,
    13,
    9,
    19,
    24,
    16,
    14,
    31,
    41,
    22,
    12,
    15,
    36,
    17,
    25,
    18,
    11,
    26,
    65,
    12,
    21,
    45,
    36,
    13,
    19,
    9,
    63,
    28,
    23,
    13,
    36,
    7,
    15,
    22,
    20,
    7,
    5,
    18,
    26,
    8,
    18,
    26,
    24,
    14,
    10,
    22,
    19,
    16,
    13,
    75,
    21,
    30,
    59,
    49,
    20,
    44,
    29,
    34,
    9,
    43,
    45,
    31,
    15,
    16,
    36,
    43,
    16,
    40,
    39,
    35,
    43,
    37,
    14,
    16,
    15,
    36,
    37,
    39,
    63,
    29,
    88,
    50,
    13,
    34,
    70,
    19,
    29,
    19,
    30,
    25,
    34,
    66,
    78,
    28,
    10,
    25,
    10,
    11,
    81,
    21,
    38,
    29,
    9,
    31,
    56,
    21,
    28,
    10,
    21,
    29,
    39,
    42,
    15,
    7,
    37,
    13,
    11,
    20,
    26,
    39,
    26,
    29,
    71,
    13,
    29,
    14,
    16,
    31,
    25,
    15,
    19,
    7,
    4,
    2,
    9,
    7,
    4,
    10,
    31,
    7,
    14,
    11,
    15,
    3,
    15,
    5,
    16,
    10,
    21,
    10,
    9,
    27,
    5,
    11,
    18,
    5,
    7,
    5,
    24,
    35,
    36,
    10,
    16,
    11,
    5,
    14,
    7,
    9,
    13,
    6,
    12,
    4,
    12,
    13,
    15,
    7,
    11,
    2,
    11,
    17,
    8,
    14,
    7,
    4,
    9,
    16,
    6,
    22,
    6,
    23,
    7,
    9,
    16,
    9,
    16,
    10,
    7,
    1
  ],
  "vocabulary_size": 855
}