{
  "document_id": "1910.06742",
  "total_sentences": 156,
  "pruned_sentences": 155,
  "total_words": 3859,
  "pruned_words": 3757,
  "unique_words": 505,
  "mean_sentence_length": 24.238709677419354,
  "stdev_sentence_length": 17.231458648513343,
  "sentence_lengths": [
    1,
    47,
    31,
    22,
    44,
    13,
    32,
    22,
    22,
    27,
    26,
    51,
    10,
    7,
    12,
    9,
    8,
    24,
    19,
    32,
    10,
    16,
    7,
    8,
    25,
    16,
    38,
    21,
    10,
    12,
    47,
    29,
    8,
    6,
    32,
    2,
    32,
    12,
    13,
    5,
    38,
    23,
    68,
    53,
    80,
    35,
    38,
    23,
    51,
    36,
    27,
    23,
    8,
    6,
    32,
    2,
    73,
    5,
    39,
    23,
    50,
    20,
    64,
    34,
    5,
    32,
    33,
    2,
    9,
    24,
    33,
    14,
    37,
    2,
    41,
    70,
    39,
    31,
    46,
    15,
    5,
    7,
    35,
    2,
    42,
    34,
    42,
    53,
    17,
    7,
    7,
    25,
    10,
    2,
    46,
    5,
    16,
    23,
    5,
    7,
    33,
    7,
    39,
    2,
    52,
    34,
    51,
    13,
    10,
    5,
    7,
    41,
    20,
    24,
    61,
    7,
    12,
    5,
    7,
    32,
    14,
    5,
    7,
    35,
    17,
    29,
    33,
    7,
    49,
    10,
    2,
    40,
    27,
    5,
    35,
    21,
    37,
    12,
    11,
    7,
    39,
    32,
    9,
    38,
    47,
    54,
    34,
    16,
    28,
    22,
    24,
    20,
    26,
    19,
    2
  ],
  "vocabulary_size": 505
}