{
  "document_id": "1911.01870",
  "total_sentences": 280,
  "pruned_sentences": 276,
  "total_words": 13014,
  "pruned_words": 11742,
  "unique_words": 601,
  "mean_sentence_length": 42.54347826086956,
  "stdev_sentence_length": 42.927273731737564,
  "sentence_lengths": [
    1,
    223,
    40,
    52,
    20,
    55,
    8,
    11,
    42,
    8,
    10,
    13,
    43,
    18,
    35,
    15,
    17,
    36,
    42,
    19,
    21,
    41,
    21,
    64,
    36,
    26,
    3,
    8,
    6,
    64,
    44,
    21,
    12,
    118,
    66,
    22,
    36,
    31,
    14,
    72,
    16,
    23,
    33,
    65,
    21,
    14,
    40,
    29,
    4,
    54,
    4,
    12,
    23,
    4,
    25,
    12,
    15,
    26,
    9,
    31,
    9,
    14,
    23,
    48,
    5,
    17,
    8,
    9,
    8,
    16,
    19,
    27,
    10,
    21,
    46,
    8,
    43,
    23,
    52,
    17,
    30,
    33,
    13,
    82,
    52,
    22,
    60,
    65,
    22,
    19,
    19,
    6,
    2,
    42,
    56,
    8,
    3,
    127,
    156,
    246,
    37,
    39,
    47,
    8,
    15,
    87,
    8,
    15,
    42,
    21,
    58,
    8,
    54,
    15,
    54,
    15,
    15,
    48,
    7,
    34,
    30,
    58,
    56,
    207,
    8,
    46,
    174,
    37,
    132,
    8,
    72,
    66,
    7,
    38,
    15,
    15,
    40,
    8,
    97,
    64,
    41,
    111,
    105,
    12,
    177,
    91,
    8,
    38,
    17,
    174,
    8,
    61,
    60,
    72,
    80,
    22,
    61,
    10,
    58,
    20,
    30,
    58,
    66,
    54,
    15,
    21,
    106,
    20,
    61,
    29,
    54,
    8,
    41,
    22,
    44,
    15,
    16,
    156,
    8,
    60,
    34,
    132,
    8,
    85,
    21,
    25,
    41,
    21,
    21,
    127,
    8,
    76,
    20,
    75,
    91,
    8,
    77,
    50,
    14,
    20,
    31,
    64,
    34,
    26,
    35,
    29,
    26,
    8,
    88,
    6,
    34,
    11,
    43,
    40,
    8,
    43,
    28,
    34,
    46,
    25,
    27,
    30,
    39,
    39,
    8,
    3,
    111,
    210,
    8,
    5,
    9,
    72,
    168,
    8,
    23,
    15,
    55,
    15,
    27,
    35,
    7,
    98,
    86,
    5,
    38,
    89,
    78,
    48,
    21,
    85,
    15,
    226,
    4,
    11,
    147,
    8,
    77,
    70,
    17,
    40,
    16,
    134,
    8,
    26,
    56,
    14,
    101,
    52,
    8,
    124,
    67,
    15,
    82,
    8,
    44,
    2
  ],
  "vocabulary_size": 601
}