{
  "document_id": "1911.06347",
  "total_sentences": 258,
  "pruned_sentences": 253,
  "total_words": 7150,
  "pruned_words": 6226,
  "unique_words": 876,
  "mean_sentence_length": 24.608695652173914,
  "stdev_sentence_length": 14.492781573472012,
  "sentence_lengths": [
    1,
    24,
    18,
    6,
    49,
    30,
    33,
    47,
    32,
    57,
    60,
    14,
    26,
    16,
    12,
    44,
    73,
    19,
    30,
    29,
    27,
    31,
    56,
    33,
    13,
    38,
    4,
    39,
    23,
    32,
    29,
    31,
    19,
    40,
    19,
    11,
    34,
    30,
    17,
    21,
    39,
    26,
    25,
    22,
    20,
    18,
    10,
    14,
    44,
    20,
    22,
    17,
    27,
    9,
    45,
    33,
    60,
    20,
    82,
    32,
    11,
    30,
    3,
    26,
    3,
    23,
    26,
    3,
    30,
    28,
    30,
    25,
    23,
    12,
    23,
    39,
    16,
    4,
    28,
    20,
    28,
    14,
    18,
    10,
    3,
    19,
    30,
    23,
    3,
    20,
    2,
    23,
    4,
    24,
    37,
    16,
    22,
    14,
    33,
    3,
    14,
    26,
    16,
    3,
    20,
    15,
    29,
    46,
    4,
    18,
    12,
    3,
    12,
    16,
    53,
    25,
    56,
    21,
    31,
    61,
    29,
    22,
    4,
    8,
    30,
    30,
    15,
    33,
    35,
    11,
    25,
    16,
    11,
    33,
    17,
    11,
    53,
    78,
    12,
    22,
    46,
    30,
    35,
    50,
    12,
    36,
    10,
    23,
    22,
    29,
    35,
    44,
    11,
    39,
    9,
    32,
    14,
    37,
    16,
    27,
    32,
    22,
    21,
    24,
    21,
    15,
    24,
    37,
    12,
    12,
    26,
    4,
    15,
    50,
    44,
    23,
    4,
    18,
    39,
    24,
    5,
    4,
    32,
    34,
    22,
    27,
    19,
    23,
    32,
    16,
    18,
    20,
    21,
    8,
    16,
    27,
    15,
    17,
    21,
    32,
    20,
    31,
    18,
    27,
    35,
    27,
    36,
    21,
    25,
    22,
    31,
    17,
    35,
    20,
    29,
    22,
    21,
    56,
    7,
    5,
    49,
    22,
    19,
    27,
    37,
    19,
    4,
    48,
    27,
    51,
    4,
    23,
    25,
    24,
    3,
    41,
    26,
    19,
    5,
    10,
    49,
    28,
    5,
    12,
    62,
    6,
    27,
    26,
    7,
    40,
    22,
    42,
    2
  ],
  "vocabulary_size": 876
}