{
  "document_id": "1912.00610",
  "total_sentences": 190,
  "pruned_sentences": 189,
  "total_words": 5809,
  "pruned_words": 5663,
  "unique_words": 806,
  "mean_sentence_length": 29.962962962962962,
  "stdev_sentence_length": 23.950385412074663,
  "sentence_lengths": [
    1,
    78,
    49,
    22,
    20,
    43,
    31,
    24,
    34,
    34,
    45,
    20,
    64,
    16,
    39,
    14,
    11,
    37,
    38,
    100,
    20,
    12,
    66,
    72,
    42,
    8,
    36,
    7,
    40,
    26,
    20,
    7,
    7,
    33,
    15,
    20,
    22,
    37,
    35,
    26,
    19,
    20,
    9,
    16,
    16,
    18,
    58,
    30,
    76,
    22,
    30,
    19,
    11,
    48,
    13,
    17,
    21,
    41,
    20,
    2,
    4,
    57,
    26,
    21,
    9,
    15,
    7,
    19,
    40,
    79,
    23,
    40,
    49,
    6,
    58,
    4,
    16,
    32,
    19,
    26,
    3,
    20,
    22,
    3,
    17,
    21,
    82,
    29,
    5,
    98,
    17,
    6,
    18,
    17,
    11,
    3,
    7,
    6,
    97,
    11,
    125,
    21,
    27,
    20,
    46,
    47,
    27,
    123,
    56,
    51,
    4,
    20,
    3,
    3,
    38,
    43,
    9,
    7,
    74,
    4,
    29,
    7,
    10,
    30,
    15,
    18,
    6,
    34,
    22,
    13,
    80,
    43,
    37,
    25,
    33,
    28,
    17,
    19,
    27,
    36,
    50,
    34,
    24,
    40,
    99,
    17,
    13,
    8,
    30,
    47,
    2,
    23,
    10,
    53,
    34,
    18,
    39,
    17,
    27,
    24,
    16,
    22,
    58,
    10,
    11,
    23,
    39,
    41,
    16,
    23,
    25,
    17,
    47,
    26,
    29,
    14,
    20,
    55,
    22,
    12,
    24,
    64,
    78,
    18,
    44,
    24,
    121,
    56,
    2
  ],
  "vocabulary_size": 806
}