{
  "document_id": "1912.03367",
  "total_sentences": 142,
  "pruned_sentences": 141,
  "total_words": 5194,
  "pruned_words": 5041,
  "unique_words": 481,
  "mean_sentence_length": 35.751773049645394,
  "stdev_sentence_length": 26.203913564953503,
  "sentence_lengths": [
    1,
    89,
    46,
    32,
    18,
    28,
    19,
    27,
    39,
    62,
    34,
    54,
    31,
    25,
    20,
    32,
    19,
    27,
    39,
    10,
    25,
    15,
    18,
    13,
    9,
    44,
    26,
    14,
    12,
    33,
    86,
    24,
    37,
    21,
    9,
    7,
    14,
    12,
    47,
    20,
    17,
    59,
    54,
    64,
    22,
    13,
    92,
    53,
    54,
    38,
    13,
    27,
    54,
    49,
    20,
    35,
    27,
    32,
    67,
    24,
    14,
    48,
    25,
    32,
    18,
    17,
    47,
    41,
    19,
    32,
    31,
    25,
    23,
    30,
    70,
    17,
    107,
    12,
    14,
    118,
    13,
    14,
    17,
    42,
    18,
    22,
    74,
    12,
    13,
    12,
    42,
    51,
    15,
    47,
    15,
    39,
    47,
    69,
    21,
    14,
    12,
    33,
    15,
    85,
    25,
    16,
    15,
    9,
    7,
    14,
    12,
    23,
    118,
    25,
    82,
    44,
    25,
    98,
    109,
    79,
    51,
    13,
    27,
    41,
    20,
    35,
    27,
    32,
    63,
    25,
    14,
    48,
    90,
    43,
    37,
    62,
    31,
    123,
    92,
    30,
    2
  ],
  "vocabulary_size": 481
}