{
  "document_id": "1912.07742",
  "total_sentences": 248,
  "pruned_sentences": 244,
  "total_words": 5713,
  "pruned_words": 5177,
  "unique_words": 792,
  "mean_sentence_length": 21.2172131147541,
  "stdev_sentence_length": 10.288330459391261,
  "sentence_lengths": [
    1,
    18,
    13,
    32,
    27,
    37,
    18,
    32,
    16,
    41,
    27,
    23,
    30,
    41,
    31,
    9,
    18,
    30,
    10,
    2,
    49,
    30,
    34,
    24,
    67,
    32,
    11,
    33,
    31,
    32,
    28,
    32,
    31,
    15,
    17,
    16,
    10,
    13,
    6,
    9,
    22,
    37,
    12,
    17,
    12,
    15,
    24,
    31,
    23,
    16,
    16,
    4,
    45,
    22,
    13,
    51,
    26,
    16,
    22,
    7,
    10,
    6,
    13,
    4,
    23,
    22,
    21,
    24,
    16,
    16,
    7,
    11,
    17,
    20,
    13,
    28,
    19,
    32,
    18,
    21,
    25,
    14,
    16,
    31,
    36,
    31,
    23,
    7,
    16,
    6,
    24,
    15,
    16,
    15,
    19,
    31,
    69,
    27,
    16,
    15,
    8,
    25,
    19,
    13,
    25,
    14,
    27,
    10,
    16,
    32,
    18,
    8,
    22,
    29,
    19,
    32,
    21,
    31,
    23,
    22,
    21,
    29,
    32,
    29,
    25,
    14,
    36,
    21,
    19,
    26,
    15,
    16,
    32,
    33,
    19,
    28,
    14,
    14,
    31,
    27,
    11,
    15,
    4,
    36,
    20,
    20,
    18,
    19,
    25,
    19,
    17,
    24,
    18,
    26,
    26,
    23,
    39,
    18,
    10,
    16,
    10,
    17,
    18,
    18,
    14,
    12,
    20,
    11,
    10,
    6,
    47,
    14,
    12,
    23,
    12,
    23,
    15,
    25,
    8,
    12,
    19,
    17,
    27,
    10,
    37,
    11,
    24,
    36,
    25,
    14,
    29,
    27,
    18,
    13,
    14,
    23,
    20,
    13,
    10,
    18,
    24,
    27,
    20,
    17,
    22,
    17,
    21,
    16,
    47,
    12,
    15,
    18,
    27,
    26,
    22,
    38,
    19,
    20,
    23,
    21,
    16,
    22,
    21,
    14,
    12,
    28,
    46,
    13,
    26,
    12,
    19,
    25,
    32,
    29,
    16,
    24,
    15,
    13,
    19,
    44,
    30,
    14,
    2,
    2
  ],
  "vocabulary_size": 792
}