{
  "document_id": "2001.03813",
  "total_sentences": 224,
  "pruned_sentences": 223,
  "total_words": 8493,
  "pruned_words": 8322,
  "unique_words": 627,
  "mean_sentence_length": 37.318385650224215,
  "stdev_sentence_length": 27.439400439536477,
  "sentence_lengths": [
    1,
    67,
    51,
    35,
    47,
    56,
    19,
    61,
    37,
    19,
    10,
    7,
    17,
    11,
    14,
    8,
    20,
    33,
    17,
    50,
    16,
    24,
    23,
    10,
    14,
    7,
    8,
    25,
    16,
    35,
    22,
    66,
    47,
    26,
    12,
    18,
    7,
    60,
    92,
    1,
    24,
    41,
    42,
    43,
    37,
    39,
    40,
    32,
    9,
    17,
    32,
    29,
    26,
    32,
    12,
    81,
    32,
    12,
    83,
    31,
    51,
    150,
    36,
    27,
    54,
    15,
    71,
    20,
    88,
    53,
    88,
    46,
    68,
    5,
    29,
    69,
    109,
    41,
    39,
    15,
    68,
    53,
    46,
    103,
    14,
    8,
    46,
    129,
    5,
    12,
    7,
    71,
    142,
    36,
    5,
    18,
    70,
    41,
    14,
    50,
    9,
    77,
    25,
    9,
    36,
    30,
    56,
    10,
    133,
    14,
    7,
    45,
    20,
    45,
    65,
    66,
    23,
    16,
    76,
    23,
    91,
    27,
    81,
    14,
    22,
    24,
    10,
    13,
    8,
    36,
    39,
    17,
    76,
    88,
    29,
    16,
    33,
    34,
    69,
    20,
    40,
    27,
    5,
    35,
    21,
    50,
    57,
    47,
    27,
    17,
    55,
    21,
    13,
    29,
    29,
    52,
    28,
    40,
    85,
    33,
    24,
    15,
    17,
    15,
    73,
    50,
    30,
    98,
    53,
    27,
    29,
    39,
    61,
    18,
    36,
    20,
    26,
    40,
    15,
    79,
    27,
    12,
    37,
    53,
    25,
    35,
    20,
    18,
    8,
    51,
    76,
    12,
    37,
    12,
    54,
    5,
    34,
    48,
    8,
    86,
    30,
    24,
    40,
    47,
    15,
    50,
    83,
    59,
    12,
    33,
    83,
    27,
    30,
    29,
    11,
    75,
    89,
    12,
    19,
    27,
    17,
    27,
    2
  ],
  "vocabulary_size": 627
}