{
  "document_id": "2001.03603",
  "total_sentences": 110,
  "pruned_sentences": 110,
  "total_words": 2468,
  "pruned_words": 2468,
  "unique_words": 539,
  "mean_sentence_length": 22.436363636363637,
  "stdev_sentence_length": 13.28483115997807,
  "sentence_lengths": [
    1,
    71,
    25,
    26,
    19,
    35,
    31,
    67,
    32,
    23,
    21,
    11,
    26,
    32,
    32,
    25,
    5,
    19,
    17,
    13,
    32,
    25,
    15,
    9,
    13,
    27,
    22,
    45,
    20,
    24,
    23,
    19,
    27,
    13,
    7,
    23,
    28,
    36,
    41,
    28,
    10,
    22,
    12,
    8,
    24,
    30,
    6,
    25,
    35,
    31,
    22,
    13,
    14,
    19,
    18,
    16,
    35,
    19,
    17,
    18,
    18,
    7,
    37,
    18,
    29,
    37,
    25,
    46,
    53,
    21,
    30,
    18,
    24,
    10,
    50,
    13,
    16,
    22,
    34,
    37,
    4,
    28,
    17,
    23,
    15,
    12,
    16,
    6,
    9,
    22,
    30,
    23,
    37,
    6,
    11,
    5,
    12,
    75,
    28,
    9,
    10,
    11,
    22,
    18,
    9,
    16,
    17,
    14,
    12,
    4
  ],
  "vocabulary_size": 539
}