{
  "document_id": "2001.05775",
  "total_sentences": 293,
  "pruned_sentences": 292,
  "total_words": 6540,
  "pruned_words": 5934,
  "unique_words": 990,
  "mean_sentence_length": 20.32191780821918,
  "stdev_sentence_length": 13.93057648691633,
  "sentence_lengths": [
    1,
    63,
    76,
    33,
    21,
    23,
    26,
    28,
    15,
    28,
    11,
    20,
    20,
    20,
    21,
    32,
    28,
    27,
    24,
    22,
    14,
    18,
    17,
    23,
    11,
    12,
    23,
    16,
    29,
    17,
    2,
    11,
    26,
    2,
    18,
    20,
    10,
    31,
    20,
    15,
    20,
    34,
    16,
    33,
    18,
    37,
    20,
    15,
    17,
    41,
    18,
    27,
    34,
    14,
    9,
    26,
    24,
    18,
    25,
    9,
    7,
    19,
    48,
    21,
    33,
    12,
    20,
    21,
    13,
    1,
    25,
    7,
    26,
    33,
    17,
    20,
    17,
    17,
    2,
    32,
    31,
    25,
    22,
    29,
    13,
    9,
    30,
    10,
    27,
    16,
    31,
    8,
    12,
    21,
    1,
    16,
    31,
    25,
    24,
    19,
    22,
    15,
    22,
    28,
    19,
    20,
    3,
    14,
    18,
    40,
    11,
    53,
    20,
    22,
    42,
    15,
    26,
    13,
    20,
    11,
    18,
    23,
    25,
    12,
    46,
    12,
    13,
    11,
    20,
    25,
    41,
    56,
    17,
    6,
    6,
    28,
    17,
    34,
    12,
    23,
    31,
    26,
    18,
    19,
    11,
    8,
    12,
    17,
    33,
    19,
    26,
    35,
    19,
    19,
    17,
    37,
    51,
    18,
    12,
    31,
    11,
    28,
    21,
    18,
    69,
    25,
    13,
    1,
    18,
    15,
    29,
    15,
    10,
    7,
    12,
    11,
    16,
    115,
    14,
    45,
    17,
    1,
    22,
    20,
    27,
    9,
    39,
    8,
    7,
    14,
    30,
    27,
    29,
    29,
    17,
    11,
    10,
    10,
    10,
    18,
    2,
    15,
    9,
    6,
    27,
    18,
    18,
    18,
    4,
    23,
    4,
    11,
    4,
    11,
    1,
    10,
    1,
    52,
    10,
    16,
    21,
    10,
    18,
    6,
    41,
    1,
    32,
    37,
    3,
    25,
    23,
    20,
    21,
    17,
    27,
    22,
    1,
    16,
    19,
    12,
    25,
    10,
    59,
    20,
    29,
    4,
    39,
    4,
    45,
    11,
    6,
    17,
    9,
    109,
    19,
    21,
    16,
    13,
    15,
    28,
    17,
    29,
    19,
    6,
    12,
    19,
    25,
    12,
    10,
    26,
    15,
    10,
    3,
    5,
    12,
    13,
    19,
    14,
    17,
    25,
    13,
    19,
    16,
    15,
    18,
    14,
    14,
    22,
    16,
    22,
    18,
    2
  ],
  "vocabulary_size": 990
}