{
  "document_id": "2001.09660",
  "total_sentences": 153,
  "pruned_sentences": 151,
  "total_words": 4872,
  "pruned_words": 4416,
  "unique_words": 648,
  "mean_sentence_length": 29.24503311258278,
  "stdev_sentence_length": 24.196409344478425,
  "sentence_lengths": [
    1,
    110,
    24,
    36,
    38,
    33,
    31,
    37,
    43,
    15,
    54,
    71,
    53,
    15,
    40,
    47,
    11,
    29,
    13,
    17,
    19,
    20,
    32,
    17,
    2,
    7,
    4,
    7,
    26,
    18,
    22,
    49,
    33,
    17,
    23,
    27,
    17,
    15,
    26,
    38,
    16,
    34,
    4,
    9,
    7,
    36,
    59,
    34,
    22,
    20,
    24,
    10,
    7,
    82,
    49,
    8,
    24,
    72,
    31,
    26,
    28,
    16,
    8,
    18,
    16,
    14,
    21,
    4,
    49,
    54,
    11,
    38,
    46,
    34,
    21,
    14,
    104,
    6,
    32,
    8,
    10,
    18,
    3,
    14,
    52,
    3,
    3,
    10,
    30,
    12,
    6,
    11,
    38,
    33,
    4,
    7,
    69,
    9,
    10,
    19,
    39,
    27,
    35,
    33,
    2,
    15,
    64,
    119,
    72,
    9,
    36,
    31,
    33,
    61,
    119,
    22,
    16,
    42,
    6,
    9,
    103,
    14,
    46,
    16,
    22,
    19,
    31,
    12,
    12,
    12,
    59,
    75,
    67,
    43,
    16,
    25,
    29,
    20,
    105,
    40,
    15,
    19,
    14,
    38,
    17,
    22,
    24,
    22,
    55,
    18,
    2
  ],
  "vocabulary_size": 648
}