{
  "document_id": "2003.06485",
  "total_sentences": 241,
  "pruned_sentences": 240,
  "total_words": 6482,
  "pruned_words": 5624,
  "unique_words": 816,
  "mean_sentence_length": 23.433333333333334,
  "stdev_sentence_length": 14.069007056423562,
  "sentence_lengths": [
    1,
    79,
    38,
    44,
    18,
    27,
    54,
    15,
    23,
    51,
    44,
    37,
    20,
    23,
    33,
    31,
    45,
    26,
    43,
    70,
    4,
    23,
    31,
    24,
    31,
    31,
    29,
    18,
    11,
    36,
    35,
    5,
    21,
    36,
    4,
    20,
    23,
    17,
    33,
    46,
    12,
    16,
    3,
    14,
    19,
    10,
    37,
    47,
    2,
    29,
    32,
    23,
    20,
    14,
    21,
    7,
    24,
    31,
    28,
    20,
    41,
    96,
    44,
    6,
    8,
    27,
    33,
    26,
    2,
    23,
    35,
    50,
    28,
    45,
    31,
    16,
    48,
    9,
    26,
    24,
    18,
    32,
    39,
    25,
    10,
    2,
    27,
    15,
    30,
    17,
    23,
    29,
    13,
    12,
    5,
    19,
    3,
    21,
    28,
    21,
    19,
    24,
    17,
    22,
    1,
    14,
    8,
    23,
    41,
    15,
    25,
    35,
    35,
    42,
    17,
    40,
    16,
    23,
    18,
    36,
    10,
    19,
    14,
    12,
    35,
    28,
    11,
    32,
    19,
    15,
    29,
    9,
    16,
    21,
    15,
    24,
    17,
    14,
    30,
    15,
    31,
    34,
    27,
    13,
    9,
    20,
    17,
    16,
    41,
    13,
    4,
    14,
    70,
    24,
    22,
    10,
    41,
    25,
    18,
    44,
    15,
    31,
    4,
    19,
    21,
    31,
    26,
    11,
    8,
    10,
    11,
    25,
    30,
    20,
    23,
    15,
    14,
    44,
    24,
    3,
    37,
    27,
    32,
    11,
    49,
    9,
    2,
    24,
    15,
    21,
    8,
    2,
    19,
    29,
    41,
    11,
    12,
    30,
    20,
    22,
    14,
    27,
    21,
    24,
    35,
    32,
    3,
    42,
    11,
    22,
    29,
    30,
    15,
    21,
    27,
    13,
    27,
    21,
    10,
    12,
    22,
    17,
    21,
    27,
    21,
    4,
    7,
    5,
    22,
    34,
    21,
    55,
    7,
    33,
    6,
    27,
    33,
    51,
    2,
    2
  ],
  "vocabulary_size": 816
}