{
  "document_id": "2003.13933",
  "total_sentences": 339,
  "pruned_sentences": 332,
  "total_words": 8490,
  "pruned_words": 7775,
  "unique_words": 938,
  "mean_sentence_length": 23.41867469879518,
  "stdev_sentence_length": 11.938007573476112,
  "sentence_lengths": [
    1,
    38,
    22,
    27,
    24,
    22,
    17,
    34,
    37,
    22,
    18,
    29,
    37,
    39,
    28,
    22,
    32,
    26,
    33,
    16,
    18,
    17,
    36,
    22,
    28,
    29,
    16,
    33,
    9,
    14,
    26,
    35,
    25,
    17,
    15,
    18,
    11,
    17,
    14,
    28,
    40,
    14,
    22,
    37,
    16,
    28,
    22,
    21,
    54,
    15,
    12,
    10,
    81,
    20,
    17,
    9,
    17,
    24,
    27,
    15,
    20,
    20,
    19,
    23,
    10,
    18,
    17,
    15,
    14,
    32,
    24,
    19,
    26,
    21,
    14,
    6,
    40,
    12,
    23,
    40,
    24,
    13,
    48,
    39,
    11,
    30,
    12,
    28,
    17,
    16,
    15,
    24,
    21,
    15,
    68,
    38,
    17,
    42,
    23,
    18,
    14,
    14,
    27,
    19,
    18,
    6,
    11,
    19,
    21,
    27,
    19,
    39,
    31,
    5,
    9,
    24,
    13,
    54,
    55,
    9,
    14,
    23,
    27,
    37,
    12,
    23,
    11,
    38,
    20,
    28,
    30,
    18,
    32,
    20,
    24,
    14,
    39,
    11,
    30,
    28,
    48,
    20,
    18,
    13,
    33,
    10,
    26,
    10,
    42,
    13,
    17,
    9,
    31,
    23,
    23,
    37,
    25,
    18,
    31,
    10,
    16,
    22,
    36,
    13,
    27,
    43,
    43,
    32,
    9,
    27,
    13,
    29,
    45,
    21,
    26,
    19,
    33,
    24,
    17,
    20,
    29,
    27,
    22,
    22,
    9,
    8,
    20,
    36,
    25,
    21,
    37,
    25,
    23,
    17,
    42,
    39,
    24,
    52,
    40,
    21,
    8,
    20,
    40,
    19,
    15,
    22,
    23,
    10,
    32,
    19,
    26,
    14,
    35,
    3,
    16,
    21,
    24,
    29,
    24,
    22,
    17,
    23,
    18,
    11,
    23,
    12,
    7,
    51,
    35,
    27,
    47,
    31,
    30,
    22,
    12,
    13,
    23,
    12,
    15,
    22,
    21,
    7,
    36,
    30,
    17,
    25,
    21,
    22,
    13,
    19,
    16,
    17,
    36,
    20,
    31,
    41,
    16,
    19,
    33,
    71,
    18,
    17,
    12,
    16,
    20,
    29,
    18,
    18,
    11,
    13,
    18,
    61,
    12,
    10,
    17,
    13,
    12,
    21,
    19,
    5,
    21,
    26,
    16,
    17,
    15,
    8,
    20,
    27,
    27,
    10,
    17,
    22,
    28,
    38,
    15,
    23,
    15,
    37,
    16,
    17,
    21,
    29,
    41,
    15,
    22,
    28,
    4,
    24,
    10,
    25,
    36,
    20,
    15,
    11,
    6,
    23,
    30,
    21,
    19,
    26,
    14,
    28,
    20,
    15,
    55,
    50,
    65,
    56,
    42,
    30,
    5,
    1
  ],
  "vocabulary_size": 938
}