{
  "document_id": "2003.00593",
  "total_sentences": 340,
  "pruned_sentences": 336,
  "total_words": 8217,
  "pruned_words": 7632,
  "unique_words": 1096,
  "mean_sentence_length": 22.714285714285715,
  "stdev_sentence_length": 14.807074895162767,
  "sentence_lengths": [
    1,
    89,
    3,
    19,
    3,
    31,
    41,
    16,
    26,
    16,
    25,
    27,
    32,
    27,
    9,
    30,
    25,
    16,
    27,
    29,
    23,
    41,
    11,
    10,
    23,
    4,
    25,
    3,
    5,
    11,
    8,
    3,
    16,
    11,
    11,
    10,
    20,
    11,
    17,
    20,
    18,
    18,
    17,
    20,
    22,
    17,
    10,
    34,
    62,
    31,
    14,
    28,
    51,
    10,
    7,
    38,
    25,
    58,
    50,
    9,
    26,
    25,
    19,
    5,
    9,
    19,
    16,
    9,
    51,
    41,
    24,
    20,
    37,
    26,
    31,
    19,
    43,
    17,
    25,
    24,
    11,
    24,
    12,
    29,
    25,
    35,
    23,
    34,
    13,
    36,
    21,
    16,
    32,
    38,
    19,
    13,
    21,
    28,
    14,
    20,
    56,
    19,
    41,
    26,
    22,
    11,
    11,
    66,
    29,
    28,
    18,
    44,
    10,
    19,
    15,
    36,
    10,
    14,
    11,
    27,
    26,
    17,
    17,
    76,
    9,
    41,
    29,
    48,
    15,
    27,
    31,
    18,
    13,
    28,
    28,
    25,
    31,
    48,
    44,
    18,
    26,
    24,
    54,
    10,
    50,
    28,
    24,
    32,
    11,
    32,
    14,
    37,
    14,
    44,
    13,
    6,
    22,
    23,
    45,
    14,
    30,
    21,
    16,
    13,
    15,
    55,
    24,
    6,
    68,
    21,
    16,
    52,
    9,
    7,
    8,
    5,
    9,
    5,
    9,
    6,
    18,
    28,
    28,
    26,
    6,
    11,
    15,
    28,
    81,
    8,
    14,
    10,
    21,
    30,
    38,
    17,
    40,
    32,
    1,
    23,
    19,
    29,
    11,
    34,
    19,
    40,
    33,
    25,
    42,
    32,
    31,
    21,
    30,
    29,
    24,
    33,
    22,
    16,
    18,
    17,
    17,
    20,
    12,
    51,
    17,
    68,
    90,
    20,
    21,
    9,
    16,
    18,
    29,
    49,
    33,
    21,
    23,
    25,
    10,
    19,
    61,
    40,
    28,
    42,
    20,
    11,
    23,
    27,
    10,
    32,
    18,
    12,
    23,
    18,
    21,
    49,
    11,
    15,
    24,
    5,
    26,
    52,
    40,
    14,
    46,
    34,
    22,
    20,
    14,
    21,
    21,
    10,
    40,
    10,
    14,
    15,
    3,
    17,
    39,
    13,
    20,
    15,
    18,
    20,
    10,
    9,
    40,
    28,
    20,
    6,
    12,
    20,
    14,
    19,
    12,
    6,
    29,
    5,
    6,
    17,
    9,
    19,
    25,
    18,
    13,
    13,
    6,
    24,
    3,
    24,
    4,
    4,
    29,
    3,
    12,
    14,
    13,
    16,
    10,
    61,
    9,
    17,
    7,
    15,
    9,
    14,
    6,
    15,
    7,
    6,
    15,
    7,
    25,
    8,
    12,
    1
  ],
  "vocabulary_size": 1096
}