{
  "document_id": "2003.02093",
  "total_sentences": 52,
  "pruned_sentences": 51,
  "total_words": 1634,
  "pruned_words": 1507,
  "unique_words": 419,
  "mean_sentence_length": 29.54901960784314,
  "stdev_sentence_length": 15.396510936559876,
  "sentence_lengths": [
    1,
    26,
    39,
    23,
    15,
    23,
    29,
    25,
    1,
    27,
    29,
    16,
    32,
    28,
    20,
    28,
    26,
    38,
    26,
    19,
    43,
    28,
    28,
    16,
    16,
    42,
    32,
    23,
    36,
    92,
    40,
    55,
    28,
    48,
    25,
    30,
    73,
    46,
    15,
    14,
    49,
    32,
    27,
    21,
    17,
    33,
    23,
    16,
    32,
    28,
    28
  ],
  "vocabulary_size": 419
}