{
  "document_id": "2003.11086",
  "total_sentences": 277,
  "pruned_sentences": 274,
  "total_words": 5673,
  "pruned_words": 5436,
  "unique_words": 765,
  "mean_sentence_length": 19.83941605839416,
  "stdev_sentence_length": 10.663850527959944,
  "sentence_lengths": [
    1,
    15,
    24,
    17,
    18,
    23,
    8,
    19,
    41,
    28,
    23,
    11,
    17,
    23,
    28,
    15,
    26,
    20,
    25,
    13,
    25,
    27,
    32,
    22,
    21,
    14,
    28,
    18,
    40,
    19,
    32,
    12,
    19,
    27,
    36,
    32,
    8,
    12,
    17,
    21,
    19,
    24,
    16,
    26,
    15,
    31,
    20,
    16,
    34,
    17,
    32,
    30,
    23,
    18,
    35,
    24,
    22,
    31,
    22,
    18,
    7,
    29,
    19,
    23,
    11,
    25,
    29,
    21,
    18,
    28,
    10,
    16,
    11,
    16,
    7,
    2,
    26,
    12,
    22,
    13,
    22,
    13,
    14,
    19,
    32,
    9,
    19,
    12,
    13,
    10,
    20,
    20,
    8,
    29,
    28,
    9,
    18,
    16,
    10,
    34,
    48,
    35,
    15,
    21,
    12,
    31,
    7,
    27,
    6,
    20,
    2,
    15,
    20,
    4,
    15,
    17,
    19,
    15,
    2,
    11,
    27,
    18,
    14,
    21,
    25,
    18,
    2,
    9,
    38,
    23,
    23,
    24,
    8,
    17,
    28,
    8,
    40,
    36,
    20,
    17,
    9,
    19,
    17,
    12,
    12,
    23,
    18,
    31,
    10,
    20,
    30,
    48,
    26,
    16,
    10,
    16,
    14,
    5,
    8,
    18,
    26,
    11,
    24,
    16,
    13,
    18,
    42,
    11,
    12,
    23,
    10,
    9,
    2,
    8,
    2,
    16,
    15,
    16,
    19,
    3,
    16,
    10,
    3,
    6,
    7,
    8,
    37,
    4,
    4,
    24,
    19,
    15,
    17,
    5,
    18,
    6,
    33,
    10,
    9,
    65,
    12,
    41,
    64,
    12,
    20,
    22,
    14,
    17,
    15,
    19,
    36,
    10,
    13,
    34,
    25,
    19,
    15,
    17,
    7,
    31,
    13,
    16,
    28,
    30,
    20,
    11,
    8,
    20,
    21,
    43,
    35,
    19,
    18,
    25,
    16,
    32,
    28,
    29,
    21,
    26,
    21,
    14,
    24,
    26,
    25,
    26,
    21,
    27,
    14,
    29,
    34,
    31,
    26,
    34,
    32,
    27,
    27,
    14,
    27,
    39,
    14,
    55,
    3,
    8,
    13,
    31,
    16,
    8,
    6,
    10,
    15,
    59,
    15,
    1
  ],
  "vocabulary_size": 765
}