{
  "document_id": "2003.13199",
  "total_sentences": 103,
  "pruned_sentences": 103,
  "total_words": 3459,
  "pruned_words": 3459,
  "unique_words": 612,
  "mean_sentence_length": 33.58252427184466,
  "stdev_sentence_length": 32.400836430696025,
  "sentence_lengths": [
    1,
    69,
    15,
    24,
    14,
    22,
    35,
    13,
    26,
    22,
    64,
    15,
    22,
    51,
    22,
    22,
    39,
    35,
    15,
    146,
    58,
    25,
    11,
    14,
    42,
    5,
    21,
    36,
    58,
    25,
    6,
    31,
    26,
    35,
    104,
    17,
    23,
    41,
    11,
    44,
    34,
    10,
    29,
    11,
    147,
    42,
    9,
    4,
    20,
    17,
    23,
    20,
    59,
    21,
    55,
    26,
    57,
    113,
    143,
    17,
    9,
    154,
    8,
    20,
    15,
    20,
    16,
    11,
    15,
    38,
    2,
    41,
    4,
    18,
    5,
    79,
    9,
    15,
    87,
    48,
    52,
    10,
    31,
    23,
    9,
    72,
    9,
    58,
    11,
    7,
    28,
    29,
    15,
    4,
    5,
    9,
    32,
    69,
    9,
    3,
    48,
    79,
    71
  ],
  "vocabulary_size": 612
}