{
  "document_id": "2003.09596",
  "total_sentences": 167,
  "pruned_sentences": 166,
  "total_words": 3883,
  "pruned_words": 3589,
  "unique_words": 542,
  "mean_sentence_length": 21.620481927710845,
  "stdev_sentence_length": 21.032599568641604,
  "sentence_lengths": [
    1,
    73,
    19,
    19,
    41,
    35,
    23,
    24,
    52,
    9,
    31,
    24,
    38,
    15,
    17,
    26,
    18,
    30,
    44,
    4,
    4,
    12,
    22,
    15,
    6,
    11,
    43,
    13,
    13,
    24,
    16,
    9,
    10,
    19,
    2,
    8,
    5,
    6,
    15,
    4,
    7,
    10,
    11,
    14,
    11,
    4,
    102,
    27,
    9,
    16,
    10,
    8,
    17,
    1,
    27,
    18,
    34,
    6,
    14,
    28,
    10,
    14,
    6,
    16,
    18,
    14,
    9,
    11,
    14,
    67,
    25,
    29,
    35,
    7,
    27,
    22,
    2,
    15,
    10,
    15,
    23,
    8,
    26,
    24,
    5,
    7,
    30,
    10,
    27,
    40,
    7,
    3,
    98,
    37,
    22,
    20,
    7,
    93,
    91,
    37,
    11,
    8,
    12,
    9,
    25,
    14,
    17,
    4,
    90,
    9,
    83,
    11,
    16,
    13,
    8,
    73,
    5,
    17,
    13,
    9,
    18,
    37,
    7,
    21,
    27,
    16,
    14,
    14,
    11,
    8,
    11,
    21,
    55,
    12,
    47,
    49,
    18,
    11,
    52,
    27,
    46,
    17,
    17,
    25,
    14,
    12,
    13,
    6,
    3,
    3,
    8,
    50,
    2,
    27,
    20,
    14,
    30,
    15,
    8,
    121,
    5,
    21,
    1,
    20,
    11,
    2
  ],
  "vocabulary_size": 542
}