{
  "document_id": "2004.09506",
  "total_sentences": 196,
  "pruned_sentences": 196,
  "total_words": 4051,
  "pruned_words": 4051,
  "unique_words": 814,
  "mean_sentence_length": 20.668367346938776,
  "stdev_sentence_length": 13.412096315534896,
  "sentence_lengths": [
    1,
    46,
    51,
    42,
    25,
    74,
    52,
    26,
    2,
    10,
    27,
    49,
    22,
    39,
    36,
    1,
    42,
    30,
    43,
    21,
    23,
    21,
    25,
    19,
    17,
    29,
    31,
    13,
    9,
    21,
    14,
    12,
    13,
    24,
    21,
    24,
    22,
    21,
    31,
    28,
    32,
    8,
    7,
    11,
    20,
    24,
    17,
    21,
    17,
    28,
    15,
    31,
    37,
    24,
    13,
    13,
    20,
    19,
    14,
    9,
    1,
    38,
    3,
    57,
    33,
    25,
    14,
    21,
    15,
    3,
    20,
    20,
    3,
    25,
    13,
    8,
    17,
    16,
    19,
    18,
    5,
    10,
    5,
    8,
    13,
    3,
    27,
    11,
    28,
    30,
    25,
    25,
    4,
    26,
    21,
    26,
    21,
    24,
    38,
    21,
    8,
    14,
    3,
    15,
    20,
    33,
    23,
    23,
    33,
    37,
    1,
    19,
    41,
    2,
    12,
    12,
    18,
    3,
    18,
    52,
    25,
    31,
    31,
    25,
    32,
    37,
    9,
    1,
    17,
    6,
    12,
    19,
    13,
    28,
    21,
    16,
    22,
    35,
    22,
    2,
    30,
    50,
    13,
    68,
    42,
    7,
    26,
    7,
    10,
    9,
    5,
    3,
    38,
    17,
    51,
    4,
    15,
    17,
    23,
    20,
    9,
    5,
    3,
    30,
    17,
    41,
    44,
    1,
    33,
    10,
    16,
    11,
    23,
    6,
    35,
    25,
    37,
    22,
    8,
    9,
    33,
    16,
    23,
    4,
    8,
    22,
    8,
    29,
    11,
    14,
    12,
    13,
    7,
    30,
    1,
    12
  ],
  "vocabulary_size": 814
}