{
  "document_id": "2004.09291",
  "total_sentences": 183,
  "pruned_sentences": 180,
  "total_words": 4638,
  "pruned_words": 4299,
  "unique_words": 806,
  "mean_sentence_length": 23.883333333333333,
  "stdev_sentence_length": 13.01021300586968,
  "sentence_lengths": [
    1,
    47,
    28,
    42,
    26,
    18,
    29,
    16,
    16,
    32,
    31,
    22,
    27,
    16,
    26,
    20,
    16,
    23,
    59,
    37,
    41,
    12,
    34,
    31,
    58,
    24,
    30,
    17,
    31,
    24,
    39,
    12,
    13,
    23,
    17,
    18,
    21,
    24,
    10,
    13,
    12,
    12,
    32,
    24,
    15,
    19,
    27,
    23,
    29,
    5,
    8,
    29,
    3,
    19,
    6,
    57,
    34,
    17,
    19,
    36,
    6,
    14,
    32,
    39,
    31,
    28,
    16,
    23,
    17,
    17,
    41,
    13,
    2,
    13,
    24,
    16,
    13,
    11,
    60,
    15,
    43,
    15,
    28,
    41,
    21,
    32,
    51,
    31,
    15,
    40,
    29,
    36,
    28,
    16,
    51,
    33,
    10,
    26,
    16,
    25,
    19,
    5,
    19,
    16,
    19,
    16,
    19,
    12,
    33,
    19,
    23,
    2,
    39,
    48,
    24,
    13,
    19,
    35,
    19,
    12,
    17,
    12,
    21,
    27,
    3,
    2,
    10,
    32,
    32,
    31,
    30,
    33,
    33,
    29,
    38,
    19,
    14,
    33,
    32,
    40,
    2,
    10,
    25,
    29,
    61,
    2,
    32,
    32,
    22,
    57,
    19,
    12,
    19,
    12,
    48,
    2,
    15,
    4,
    2,
    10,
    31,
    34,
    32,
    32,
    17,
    28,
    32,
    12,
    10,
    33,
    31,
    21,
    22,
    2,
    10,
    31,
    32,
    19,
    36,
    52
  ],
  "vocabulary_size": 806
}