{
  "document_id": "2004.08160",
  "total_sentences": 414,
  "pruned_sentences": 409,
  "total_words": 11906,
  "pruned_words": 11194,
  "unique_words": 1211,
  "mean_sentence_length": 27.369193154034228,
  "stdev_sentence_length": 17.71487492787203,
  "sentence_lengths": [
    1,
    8,
    54,
    34,
    28,
    113,
    32,
    73,
    28,
    22,
    34,
    37,
    16,
    35,
    30,
    17,
    21,
    18,
    48,
    33,
    14,
    24,
    32,
    22,
    37,
    48,
    47,
    15,
    76,
    21,
    44,
    29,
    29,
    33,
    38,
    20,
    15,
    38,
    8,
    44,
    38,
    68,
    39,
    20,
    33,
    28,
    34,
    13,
    28,
    22,
    17,
    20,
    12,
    17,
    13,
    12,
    25,
    15,
    8,
    18,
    13,
    12,
    18,
    13,
    21,
    12,
    22,
    16,
    7,
    40,
    16,
    36,
    11,
    31,
    9,
    25,
    15,
    29,
    32,
    51,
    17,
    19,
    56,
    48,
    20,
    6,
    32,
    64,
    9,
    24,
    16,
    20,
    91,
    33,
    34,
    24,
    33,
    36,
    39,
    27,
    35,
    25,
    24,
    18,
    15,
    18,
    43,
    15,
    23,
    81,
    55,
    54,
    48,
    49,
    38,
    41,
    35,
    72,
    27,
    25,
    43,
    10,
    24,
    14,
    23,
    20,
    10,
    59,
    16,
    16,
    13,
    19,
    12,
    26,
    14,
    7,
    20,
    22,
    23,
    46,
    26,
    23,
    54,
    55,
    7,
    9,
    53,
    10,
    45,
    19,
    26,
    35,
    57,
    8,
    25,
    39,
    36,
    3,
    30,
    64,
    44,
    37,
    10,
    16,
    12,
    41,
    12,
    34,
    14,
    11,
    14,
    20,
    34,
    49,
    20,
    29,
    15,
    29,
    16,
    40,
    14,
    13,
    51,
    2,
    14,
    4,
    10,
    28,
    58,
    19,
    17,
    23,
    7,
    14,
    19,
    24,
    11,
    63,
    16,
    15,
    14,
    34,
    25,
    39,
    15,
    13,
    35,
    14,
    13,
    15,
    14,
    14,
    17,
    15,
    15,
    7,
    34,
    27,
    32,
    2,
    9,
    47,
    23,
    25,
    16,
    15,
    15,
    18,
    33,
    29,
    18,
    20,
    25,
    22,
    50,
    31,
    45,
    19,
    9,
    5,
    38,
    88,
    10,
    38,
    35,
    23,
    17,
    19,
    31,
    6,
    46,
    46,
    10,
    78,
    47,
    39,
    13,
    12,
    18,
    20,
    25,
    20,
    22,
    34,
    58,
    18,
    10,
    25,
    9,
    90,
    22,
    23,
    3,
    6,
    18,
    18,
    8,
    29,
    34,
    65,
    11,
    52,
    16,
    32,
    15,
    25,
    19,
    21,
    55,
    25,
    25,
    12,
    27,
    14,
    31,
    10,
    12,
    8,
    14,
    83,
    6,
    40,
    58,
    8,
    41,
    12,
    23,
    19,
    23,
    16,
    43,
    96,
    9,
    40,
    24,
    22,
    6,
    18,
    39,
    81,
    28,
    41,
    43,
    14,
    54,
    16,
    20,
    17,
    19,
    46,
    35,
    30,
    45,
    22,
    14,
    58,
    13,
    37,
    26,
    24,
    57,
    4,
    2,
    24,
    90,
    50,
    27,
    37,
    48,
    42,
    29,
    14,
    18,
    28,
    4,
    13,
    42,
    32,
    17,
    12,
    15,
    31,
    12,
    17,
    16,
    10,
    10,
    60,
    75,
    5,
    15,
    6,
    14,
    2,
    2,
    27,
    17,
    27,
    24,
    10,
    16,
    21,
    15,
    25,
    41,
    19,
    44,
    44,
    34,
    29,
    35,
    29,
    44,
    37,
    39,
    24,
    46,
    25,
    35,
    25,
    34,
    25,
    39,
    16,
    19,
    33,
    14,
    16,
    20
  ],
  "vocabulary_size": 1211
}