{
  "document_id": "2005.12844",
  "total_sentences": 272,
  "pruned_sentences": 271,
  "total_words": 7372,
  "pruned_words": 6146,
  "unique_words": 869,
  "mean_sentence_length": 22.678966789667896,
  "stdev_sentence_length": 20.272684606404372,
  "sentence_lengths": [
    1,
    110,
    35,
    29,
    21,
    14,
    14,
    44,
    56,
    14,
    28,
    20,
    21,
    19,
    18,
    33,
    28,
    11,
    14,
    81,
    3,
    71,
    23,
    20,
    15,
    50,
    29,
    21,
    16,
    31,
    11,
    32,
    37,
    22,
    22,
    57,
    34,
    14,
    22,
    19,
    28,
    28,
    33,
    14,
    17,
    47,
    29,
    51,
    12,
    22,
    30,
    30,
    27,
    26,
    35,
    13,
    67,
    18,
    16,
    26,
    17,
    44,
    18,
    21,
    31,
    23,
    16,
    31,
    16,
    33,
    18,
    8,
    24,
    11,
    14,
    13,
    23,
    29,
    9,
    22,
    24,
    8,
    49,
    17,
    30,
    23,
    19,
    12,
    42,
    45,
    20,
    19,
    27,
    19,
    27,
    37,
    21,
    49,
    14,
    23,
    38,
    8,
    27,
    51,
    13,
    8,
    18,
    18,
    68,
    19,
    19,
    12,
    4,
    14,
    2,
    2,
    111,
    10,
    13,
    3,
    5,
    7,
    8,
    2,
    15,
    5,
    20,
    18,
    7,
    10,
    19,
    68,
    5,
    98,
    15,
    3,
    88,
    24,
    70,
    18,
    11,
    162,
    13,
    78,
    15,
    84,
    9,
    1,
    28,
    17,
    16,
    15,
    28,
    11,
    8,
    20,
    28,
    27,
    19,
    37,
    34,
    70,
    10,
    17,
    8,
    6,
    50,
    38,
    14,
    11,
    24,
    9,
    13,
    21,
    33,
    25,
    10,
    4,
    5,
    11,
    43,
    8,
    14,
    16,
    13,
    12,
    18,
    1,
    28,
    14,
    7,
    17,
    15,
    5,
    8,
    14,
    1,
    3,
    64,
    22,
    23,
    18,
    11,
    14,
    4,
    15,
    42,
    3,
    11,
    17,
    8,
    1,
    2,
    5,
    9,
    16,
    9,
    16,
    16,
    15,
    15,
    12,
    3,
    9,
    22,
    21,
    9,
    14,
    17,
    11,
    25,
    14,
    3,
    21,
    11,
    12,
    7,
    23,
    16,
    13,
    18,
    19,
    19,
    2,
    19,
    19,
    2,
    16,
    14,
    10,
    6,
    78,
    30,
    10,
    10,
    42,
    13,
    2,
    25,
    29,
    32,
    25,
    12,
    38,
    6,
    6,
    8,
    9,
    38,
    25,
    30
  ],
  "vocabulary_size": 869
}