{
  "document_id": "2005.10018",
  "total_sentences": 262,
  "pruned_sentences": 261,
  "total_words": 4369,
  "pruned_words": 4219,
  "unique_words": 916,
  "mean_sentence_length": 16.164750957854405,
  "stdev_sentence_length": 11.579477155197443,
  "sentence_lengths": [
    1,
    63,
    20,
    15,
    42,
    9,
    13,
    12,
    14,
    37,
    13,
    10,
    38,
    30,
    35,
    24,
    21,
    13,
    34,
    19,
    14,
    19,
    32,
    2,
    30,
    36,
    16,
    7,
    3,
    9,
    11,
    21,
    11,
    8,
    17,
    5,
    11,
    17,
    18,
    48,
    23,
    17,
    16,
    8,
    24,
    40,
    13,
    39,
    18,
    42,
    44,
    16,
    16,
    15,
    11,
    41,
    8,
    28,
    38,
    7,
    9,
    26,
    11,
    18,
    8,
    21,
    39,
    23,
    11,
    2,
    19,
    12,
    23,
    10,
    26,
    11,
    33,
    12,
    7,
    17,
    30,
    18,
    17,
    36,
    19,
    16,
    21,
    20,
    10,
    14,
    17,
    2,
    26,
    11,
    7,
    12,
    30,
    12,
    7,
    36,
    22,
    44,
    4,
    19,
    11,
    14,
    27,
    16,
    7,
    30,
    16,
    24,
    37,
    3,
    4,
    7,
    4,
    29,
    6,
    3,
    8,
    12,
    5,
    11,
    7,
    16,
    39,
    12,
    7,
    46,
    20,
    21,
    27,
    54,
    36,
    31,
    16,
    12,
    14,
    14,
    15,
    14,
    13,
    13,
    8,
    32,
    8,
    18,
    18,
    34,
    8,
    9,
    32,
    2,
    16,
    21,
    23,
    20,
    10,
    10,
    11,
    6,
    15,
    15,
    12,
    10,
    20,
    10,
    9,
    8,
    9,
    8,
    11,
    51,
    9,
    5,
    13,
    10,
    3,
    11,
    13,
    5,
    6,
    5,
    13,
    11,
    8,
    11,
    5,
    5,
    8,
    11,
    13,
    24,
    24,
    29,
    5,
    20,
    11,
    5,
    5,
    5,
    5,
    11,
    14,
    5,
    9,
    13,
    13,
    11,
    5,
    9,
    42,
    11,
    3,
    11,
    13,
    20,
    5,
    12,
    5,
    11,
    5,
    13,
    11,
    5,
    7,
    14,
    21,
    11,
    3,
    7,
    8,
    5,
    20,
    20,
    6,
    7,
    4,
    5,
    11,
    8,
    8,
    14,
    5,
    9,
    5,
    21,
    17,
    9,
    13,
    11,
    11,
    12,
    8,
    13,
    11,
    5,
    12,
    68,
    40
  ],
  "vocabulary_size": 916
}