{
  "document_id": "2005.00585",
  "total_sentences": 127,
  "pruned_sentences": 125,
  "total_words": 2860,
  "pruned_words": 2568,
  "unique_words": 518,
  "mean_sentence_length": 20.544,
  "stdev_sentence_length": 10.211871649244577,
  "sentence_lengths": [
    1,
    16,
    26,
    11,
    28,
    11,
    41,
    37,
    25,
    15,
    28,
    19,
    30,
    10,
    8,
    16,
    43,
    17,
    20,
    32,
    34,
    27,
    27,
    19,
    22,
    29,
    18,
    17,
    43,
    34,
    15,
    27,
    11,
    22,
    17,
    17,
    9,
    16,
    17,
    7,
    20,
    30,
    16,
    63,
    17,
    13,
    26,
    22,
    31,
    28,
    13,
    27,
    6,
    25,
    34,
    40,
    9,
    32,
    19,
    5,
    13,
    25,
    15,
    32,
    30,
    32,
    14,
    24,
    11,
    19,
    21,
    21,
    21,
    39,
    19,
    13,
    12,
    17,
    22,
    38,
    13,
    20,
    17,
    15,
    15,
    23,
    16,
    13,
    21,
    24,
    22,
    2,
    17,
    15,
    15,
    7,
    7,
    5,
    5,
    17,
    32,
    17,
    43,
    39,
    13,
    37,
    26,
    21,
    20,
    11,
    20,
    23,
    19,
    8,
    16,
    11,
    13,
    18,
    22,
    17,
    17,
    17,
    30,
    12,
    1
  ],
  "vocabulary_size": 518
}