{
  "document_id": "2006.11662",
  "total_sentences": 438,
  "pruned_sentences": 434,
  "total_words": 12040,
  "pruned_words": 11445,
  "unique_words": 1154,
  "mean_sentence_length": 26.370967741935484,
  "stdev_sentence_length": 18.723296562444308,
  "sentence_lengths": [
    1,
    53,
    38,
    49,
    19,
    26,
    34,
    31,
    58,
    38,
    28,
    40,
    28,
    18,
    15,
    23,
    13,
    31,
    42,
    36,
    20,
    19,
    29,
    18,
    15,
    22,
    94,
    4,
    33,
    12,
    38,
    28,
    22,
    28,
    35,
    19,
    2,
    26,
    55,
    40,
    2,
    52,
    31,
    12,
    33,
    19,
    23,
    26,
    31,
    13,
    8,
    27,
    27,
    48,
    20,
    54,
    50,
    36,
    35,
    15,
    76,
    74,
    38,
    14,
    43,
    17,
    28,
    44,
    3,
    3,
    18,
    4,
    4,
    4,
    3,
    3,
    3,
    3,
    3,
    3,
    38,
    17,
    37,
    31,
    38,
    19,
    6,
    8,
    19,
    63,
    23,
    26,
    8,
    34,
    18,
    7,
    16,
    20,
    31,
    10,
    15,
    51,
    40,
    10,
    49,
    10,
    32,
    30,
    28,
    41,
    23,
    34,
    22,
    24,
    6,
    48,
    16,
    5,
    23,
    32,
    39,
    14,
    31,
    50,
    25,
    30,
    6,
    2,
    16,
    35,
    7,
    73,
    10,
    20,
    22,
    15,
    80,
    26,
    25,
    30,
    14,
    14,
    34,
    50,
    29,
    47,
    16,
    6,
    28,
    20,
    18,
    85,
    22,
    54,
    36,
    32,
    20,
    13,
    15,
    20,
    33,
    10,
    17,
    27,
    11,
    15,
    36,
    21,
    13,
    50,
    46,
    21,
    12,
    63,
    75,
    40,
    32,
    21,
    54,
    12,
    16,
    13,
    29,
    8,
    7,
    5,
    46,
    30,
    19,
    20,
    14,
    62,
    69,
    20,
    38,
    20,
    37,
    38,
    14,
    21,
    15,
    32,
    31,
    10,
    7,
    59,
    22,
    21,
    58,
    34,
    33,
    10,
    4,
    34,
    28,
    13,
    18,
    27,
    44,
    19,
    37,
    29,
    17,
    14,
    33,
    23,
    20,
    16,
    37,
    14,
    16,
    34,
    11,
    33,
    28,
    49,
    14,
    8,
    22,
    23,
    31,
    16,
    8,
    25,
    21,
    9,
    15,
    22,
    17,
    36,
    28,
    21,
    31,
    4,
    15,
    6,
    16,
    7,
    13,
    26,
    3,
    13,
    43,
    17,
    16,
    12,
    20,
    16,
    18,
    23,
    34,
    9,
    30,
    32,
    25,
    26,
    17,
    21,
    8,
    17,
    40,
    24,
    16,
    25,
    26,
    15,
    13,
    23,
    16,
    22,
    21,
    24,
    28,
    37,
    12,
    25,
    20,
    14,
    49,
    16,
    11,
    7,
    13,
    15,
    46,
    10,
    20,
    22,
    7,
    5,
    20,
    29,
    16,
    15,
    18,
    96,
    11,
    6,
    28,
    9,
    13,
    20,
    23,
    28,
    116,
    9,
    16,
    12,
    84,
    40,
    13,
    64,
    7,
    71,
    12,
    50,
    12,
    10,
    7,
    35,
    14,
    13,
    12,
    94,
    15,
    65,
    18,
    8,
    21,
    28,
    28,
    10,
    5,
    2,
    20,
    13,
    14,
    90,
    16,
    21,
    7,
    48,
    39,
    16,
    71,
    49,
    22,
    53,
    5,
    14,
    7,
    32,
    33,
    33,
    9,
    28,
    53,
    44,
    12,
    55,
    25,
    65,
    6,
    25,
    25,
    37,
    44,
    108,
    19,
    19,
    15,
    30,
    31,
    24,
    17,
    17,
    33,
    45,
    17,
    26,
    39,
    20,
    14,
    25,
    12,
    59,
    10,
    20,
    15,
    40,
    26,
    24,
    34,
    27,
    102,
    24,
    28,
    9,
    82,
    36,
    5,
    25,
    6,
    27,
    6,
    23,
    36,
    56,
    54,
    56,
    13,
    43,
    5,
    1
  ],
  "vocabulary_size": 1154
}