{
  "document_id": "2006.07020",
  "total_sentences": 320,
  "pruned_sentences": 319,
  "total_words": 9002,
  "pruned_words": 8878,
  "unique_words": 985,
  "mean_sentence_length": 27.830721003134798,
  "stdev_sentence_length": 18.801918386513407,
  "sentence_lengths": [
    1,
    19,
    48,
    17,
    26,
    20,
    16,
    22,
    9,
    27,
    24,
    12,
    26,
    23,
    25,
    20,
    21,
    28,
    25,
    18,
    5,
    17,
    12,
    20,
    15,
    15,
    33,
    15,
    33,
    10,
    96,
    47,
    44,
    32,
    21,
    41,
    8,
    34,
    38,
    18,
    39,
    6,
    13,
    34,
    28,
    29,
    16,
    49,
    15,
    84,
    5,
    13,
    16,
    41,
    16,
    19,
    12,
    18,
    23,
    36,
    56,
    14,
    28,
    35,
    15,
    28,
    35,
    11,
    19,
    42,
    16,
    23,
    13,
    32,
    18,
    9,
    13,
    9,
    23,
    25,
    55,
    9,
    32,
    9,
    6,
    47,
    16,
    9,
    10,
    13,
    6,
    26,
    17,
    63,
    37,
    20,
    15,
    37,
    102,
    14,
    44,
    36,
    34,
    18,
    12,
    13,
    60,
    52,
    63,
    12,
    13,
    17,
    59,
    16,
    11,
    21,
    13,
    20,
    18,
    16,
    16,
    18,
    14,
    28,
    39,
    29,
    21,
    31,
    18,
    50,
    10,
    45,
    23,
    12,
    34,
    59,
    3,
    39,
    81,
    40,
    24,
    26,
    30,
    47,
    16,
    15,
    13,
    12,
    16,
    11,
    69,
    36,
    8,
    3,
    19,
    77,
    72,
    18,
    37,
    64,
    87,
    6,
    14,
    76,
    44,
    40,
    14,
    25,
    11,
    50,
    19,
    32,
    11,
    19,
    33,
    5,
    23,
    23,
    18,
    16,
    27,
    14,
    25,
    15,
    21,
    13,
    36,
    36,
    16,
    44,
    70,
    28,
    26,
    32,
    40,
    32,
    20,
    81,
    34,
    36,
    31,
    15,
    13,
    15,
    20,
    27,
    37,
    27,
    23,
    11,
    13,
    15,
    32,
    32,
    8,
    30,
    30,
    13,
    37,
    14,
    43,
    30,
    37,
    32,
    41,
    27,
    16,
    44,
    25,
    4,
    13,
    19,
    18,
    19,
    23,
    26,
    18,
    15,
    13,
    40,
    24,
    24,
    7,
    10,
    36,
    23,
    25,
    18,
    16,
    14,
    12,
    39,
    14,
    46,
    70,
    74,
    16,
    22,
    18,
    11,
    103,
    17,
    15,
    21,
    29,
    24,
    19,
    26,
    24,
    88,
    26,
    56,
    24,
    37,
    29,
    15,
    40,
    31,
    26,
    24,
    46,
    1,
    35,
    1,
    94,
    52,
    27,
    25,
    28,
    79,
    27,
    20,
    59,
    12,
    15,
    51,
    25,
    30,
    26,
    4,
    3,
    34,
    12,
    16,
    40,
    31,
    37,
    57,
    25,
    53,
    8,
    15,
    11,
    50,
    42,
    16,
    19,
    50,
    80
  ],
  "vocabulary_size": 985
}