{
  "document_id": "2006.15035",
  "total_sentences": 175,
  "pruned_sentences": 172,
  "total_words": 4201,
  "pruned_words": 3928,
  "unique_words": 630,
  "mean_sentence_length": 22.837209302325583,
  "stdev_sentence_length": 10.665417103471578,
  "sentence_lengths": [
    1,
    38,
    25,
    28,
    33,
    30,
    18,
    31,
    18,
    32,
    17,
    30,
    29,
    16,
    22,
    34,
    41,
    17,
    29,
    28,
    26,
    23,
    18,
    16,
    10,
    21,
    28,
    33,
    33,
    22,
    41,
    38,
    33,
    28,
    13,
    12,
    25,
    8,
    17,
    24,
    16,
    18,
    31,
    26,
    27,
    26,
    17,
    9,
    26,
    25,
    32,
    9,
    23,
    15,
    68,
    27,
    21,
    32,
    10,
    18,
    14,
    17,
    30,
    31,
    19,
    34,
    24,
    35,
    14,
    17,
    24,
    53,
    8,
    21,
    12,
    22,
    22,
    12,
    18,
    11,
    45,
    28,
    21,
    28,
    17,
    29,
    15,
    19,
    45,
    49,
    45,
    22,
    18,
    28,
    29,
    28,
    42,
    32,
    13,
    13,
    8,
    23,
    5,
    40,
    26,
    28,
    18,
    13,
    14,
    17,
    16,
    28,
    27,
    17,
    11,
    34,
    7,
    24,
    20,
    35,
    28,
    29,
    22,
    34,
    5,
    5,
    5,
    7,
    27,
    19,
    19,
    36,
    11,
    27,
    13,
    9,
    20,
    15,
    16,
    24,
    15,
    30,
    21,
    42,
    16,
    15,
    7,
    17,
    34,
    18,
    13,
    11,
    24,
    25,
    27,
    59,
    12,
    23,
    28,
    31,
    22,
    16,
    24,
    18,
    17,
    20,
    15,
    15,
    27,
    17,
    19,
    2
  ],
  "vocabulary_size": 630
}