{
  "document_id": "2006.07366",
  "total_sentences": 460,
  "pruned_sentences": 456,
  "total_words": 11671,
  "pruned_words": 11196,
  "unique_words": 1407,
  "mean_sentence_length": 24.55263157894737,
  "stdev_sentence_length": 20.034077388186255,
  "sentence_lengths": [
    1,
    104,
    16,
    26,
    28,
    51,
    21,
    51,
    11,
    23,
    24,
    34,
    31,
    43,
    45,
    34,
    48,
    6,
    26,
    54,
    20,
    43,
    14,
    32,
    40,
    18,
    33,
    38,
    40,
    14,
    17,
    36,
    3,
    30,
    30,
    21,
    22,
    17,
    59,
    23,
    23,
    31,
    31,
    11,
    16,
    24,
    21,
    112,
    16,
    37,
    35,
    15,
    15,
    18,
    55,
    19,
    28,
    17,
    16,
    19,
    18,
    9,
    70,
    25,
    19,
    13,
    15,
    23,
    27,
    14,
    53,
    32,
    13,
    22,
    6,
    11,
    36,
    2,
    86,
    39,
    2,
    14,
    20,
    24,
    16,
    53,
    18,
    52,
    3,
    9,
    20,
    25,
    32,
    13,
    20,
    34,
    28,
    8,
    36,
    11,
    19,
    18,
    22,
    11,
    10,
    24,
    10,
    22,
    24,
    12,
    14,
    9,
    32,
    39,
    33,
    46,
    28,
    12,
    43,
    2,
    14,
    12,
    8,
    17,
    45,
    10,
    11,
    12,
    37,
    9,
    50,
    11,
    21,
    100,
    47,
    4,
    13,
    48,
    10,
    47,
    25,
    64,
    25,
    90,
    9,
    31,
    13,
    78,
    2,
    37,
    13,
    56,
    7,
    21,
    19,
    61,
    42,
    63,
    30,
    21,
    22,
    58,
    9,
    31,
    53,
    32,
    49,
    14,
    29,
    101,
    10,
    63,
    56,
    25,
    85,
    34,
    9,
    50,
    11,
    21,
    97,
    47,
    4,
    13,
    48,
    10,
    47,
    61,
    35,
    87,
    50,
    13,
    92,
    11,
    13,
    39,
    16,
    14,
    23,
    40,
    12,
    8,
    31,
    84,
    14,
    21,
    22,
    11,
    42,
    16,
    19,
    13,
    7,
    15,
    71,
    76,
    25,
    19,
    13,
    15,
    16,
    5,
    27,
    9,
    17,
    17,
    13,
    15,
    4,
    28,
    8,
    5,
    13,
    21,
    39,
    12,
    9,
    3,
    27,
    35,
    21,
    37,
    22,
    105,
    21,
    10,
    23,
    19,
    65,
    30,
    13,
    44,
    46,
    35,
    12,
    12,
    44,
    7,
    35,
    45,
    26,
    9,
    7,
    11,
    31,
    19,
    27,
    48,
    15,
    6,
    35,
    12,
    9,
    28,
    5,
    47,
    28,
    11,
    6,
    25,
    17,
    12,
    34,
    28,
    6,
    10,
    11,
    9,
    36,
    11,
    28,
    46,
    21,
    47,
    4,
    14,
    40,
    8,
    43,
    8,
    88,
    36,
    30,
    20,
    19,
    11,
    12,
    9,
    57,
    13,
    41,
    4,
    38,
    9,
    65,
    5,
    12,
    47,
    14,
    35,
    19,
    19,
    5,
    34,
    22,
    5,
    17,
    10,
    16,
    11,
    8,
    6,
    31,
    19,
    15,
    33,
    2,
    29,
    9,
    21,
    24,
    19,
    14,
    8,
    38,
    27,
    53,
    22,
    14,
    42,
    14,
    41,
    55,
    8,
    10,
    19,
    12,
    7,
    19,
    10,
    6,
    8,
    10,
    9,
    8,
    11,
    14,
    10,
    52,
    81,
    5,
    2,
    25,
    8,
    2,
    10,
    7,
    7,
    5,
    32,
    10,
    3,
    6,
    43,
    7,
    61,
    47,
    18,
    11,
    10,
    8,
    11,
    53,
    34,
    11,
    4,
    14,
    4,
    10,
    50,
    12,
    16,
    32,
    9,
    12,
    38,
    13,
    9,
    2,
    8,
    4,
    10,
    18,
    2,
    16,
    2,
    11,
    16,
    35,
    16,
    23,
    21,
    9,
    23,
    6,
    88,
    21,
    16,
    13,
    6,
    10,
    19,
    6,
    10,
    25,
    17,
    5,
    13,
    43,
    14,
    7,
    9,
    9,
    12,
    11,
    3,
    19,
    18,
    6,
    23,
    15,
    2,
    17,
    2,
    9,
    3
  ],
  "vocabulary_size": 1407
}