{
  "document_id": "2006.03900",
  "total_sentences": 360,
  "pruned_sentences": 355,
  "total_words": 15434,
  "pruned_words": 13674,
  "unique_words": 1260,
  "mean_sentence_length": 38.51830985915493,
  "stdev_sentence_length": 47.51665277479744,
  "sentence_lengths": [
    1,
    79,
    92,
    21,
    28,
    25,
    18,
    18,
    17,
    36,
    8,
    20,
    41,
    30,
    71,
    31,
    40,
    22,
    34,
    34,
    6,
    11,
    7,
    25,
    14,
    8,
    10,
    19,
    71,
    19,
    17,
    19,
    35,
    31,
    16,
    28,
    15,
    47,
    8,
    5,
    29,
    8,
    5,
    5,
    18,
    13,
    17,
    3,
    6,
    12,
    28,
    19,
    22,
    28,
    10,
    14,
    15,
    47,
    22,
    16,
    28,
    21,
    21,
    21,
    25,
    19,
    17,
    90,
    35,
    48,
    19,
    15,
    35,
    42,
    27,
    80,
    21,
    12,
    17,
    32,
    3,
    6,
    27,
    16,
    31,
    7,
    31,
    23,
    34,
    13,
    55,
    21,
    22,
    29,
    34,
    34,
    14,
    5,
    12,
    24,
    14,
    10,
    13,
    17,
    11,
    10,
    18,
    9,
    13,
    20,
    34,
    10,
    20,
    37,
    21,
    24,
    8,
    23,
    59,
    8,
    18,
    23,
    16,
    20,
    20,
    22,
    22,
    15,
    15,
    12,
    22,
    26,
    25,
    18,
    18,
    126,
    8,
    5,
    8,
    87,
    12,
    14,
    30,
    14,
    13,
    16,
    35,
    20,
    9,
    47,
    8,
    41,
    14,
    10,
    15,
    14,
    30,
    16,
    181,
    17,
    20,
    17,
    11,
    111,
    8,
    79,
    21,
    16,
    21,
    33,
    13,
    44,
    13,
    17,
    23,
    34,
    7,
    24,
    20,
    20,
    26,
    22,
    7,
    6,
    2,
    28,
    13,
    16,
    16,
    8,
    20,
    8,
    17,
    18,
    25,
    12,
    12,
    30,
    18,
    16,
    27,
    17,
    50,
    25,
    15,
    9,
    31,
    15,
    144,
    14,
    28,
    14,
    31,
    8,
    38,
    56,
    19,
    10,
    13,
    10,
    12,
    43,
    16,
    67,
    15,
    32,
    18,
    14,
    26,
    22,
    7,
    10,
    6,
    29,
    69,
    19,
    108,
    108,
    18,
    50,
    103,
    212,
    16,
    13,
    48,
    29,
    37,
    8,
    152,
    133,
    2,
    152,
    8,
    12,
    11,
    127,
    8,
    81,
    6,
    71,
    9,
    10,
    17,
    163,
    50,
    7,
    60,
    89,
    21,
    4,
    33,
    253,
    18,
    194,
    15,
    70,
    16,
    83,
    22,
    59,
    52,
    9,
    8,
    9,
    34,
    10,
    182,
    95,
    3,
    68,
    154,
    190,
    115,
    34,
    68,
    48,
    14,
    28,
    16,
    72,
    15,
    11,
    57,
    2,
    144,
    179,
    69,
    29,
    78,
    19,
    65,
    256,
    61,
    96,
    256,
    4,
    45,
    10,
    224,
    269,
    3,
    217,
    59,
    93,
    152,
    95,
    32,
    18,
    79,
    21,
    12,
    3,
    7,
    12,
    29,
    69,
    20,
    94,
    83,
    18,
    52,
    104,
    208,
    16,
    13,
    48,
    29,
    37,
    8,
    151,
    133,
    2,
    152,
    8,
    1
  ],
  "vocabulary_size": 1260
}