{
  "document_id": "2006.10715",
  "total_sentences": 348,
  "pruned_sentences": 345,
  "total_words": 7913,
  "pruned_words": 7411,
  "unique_words": 915,
  "mean_sentence_length": 21.481159420289856,
  "stdev_sentence_length": 14.268411966549946,
  "sentence_lengths": [
    1,
    88,
    56,
    15,
    24,
    38,
    44,
    25,
    11,
    18,
    25,
    23,
    23,
    19,
    24,
    39,
    36,
    20,
    20,
    25,
    28,
    15,
    21,
    30,
    25,
    12,
    21,
    21,
    28,
    12,
    32,
    8,
    25,
    26,
    28,
    31,
    13,
    14,
    25,
    38,
    13,
    15,
    25,
    29,
    33,
    23,
    12,
    20,
    31,
    24,
    26,
    11,
    45,
    14,
    41,
    32,
    39,
    20,
    34,
    8,
    12,
    31,
    18,
    29,
    36,
    17,
    41,
    40,
    6,
    17,
    16,
    26,
    21,
    38,
    17,
    36,
    18,
    30,
    17,
    27,
    16,
    8,
    9,
    17,
    16,
    45,
    7,
    23,
    30,
    31,
    8,
    43,
    11,
    26,
    49,
    10,
    24,
    15,
    11,
    36,
    25,
    31,
    14,
    40,
    26,
    49,
    21,
    32,
    52,
    14,
    5,
    26,
    23,
    4,
    3,
    8,
    9,
    10,
    27,
    16,
    34,
    22,
    21,
    26,
    34,
    9,
    18,
    12,
    9,
    18,
    10,
    12,
    13,
    13,
    26,
    22,
    26,
    3,
    16,
    8,
    5,
    26,
    17,
    3,
    24,
    10,
    20,
    10,
    16,
    19,
    4,
    23,
    14,
    35,
    36,
    18,
    9,
    12,
    2,
    18,
    13,
    45,
    3,
    30,
    8,
    18,
    27,
    44,
    6,
    38,
    49,
    16,
    14,
    33,
    22,
    6,
    17,
    28,
    29,
    18,
    57,
    2,
    8,
    15,
    4,
    13,
    19,
    18,
    8,
    3,
    26,
    5,
    11,
    92,
    53,
    30,
    11,
    26,
    24,
    8,
    23,
    15,
    10,
    41,
    30,
    12,
    15,
    8,
    13,
    8,
    4,
    17,
    17,
    11,
    10,
    23,
    4,
    19,
    12,
    13,
    30,
    16,
    10,
    30,
    5,
    8,
    27,
    10,
    9,
    14,
    8,
    4,
    20,
    20,
    8,
    81,
    32,
    31,
    86,
    50,
    44,
    13,
    4,
    35,
    17,
    15,
    15,
    69,
    17,
    30,
    6,
    11,
    37,
    22,
    31,
    27,
    5,
    26,
    16,
    18,
    8,
    5,
    13,
    23,
    17,
    13,
    17,
    15,
    10,
    20,
    27,
    18,
    23,
    18,
    64,
    37,
    42,
    16,
    10,
    6,
    16,
    15,
    15,
    43,
    18,
    12,
    16,
    26,
    44,
    20,
    42,
    45,
    6,
    19,
    20,
    30,
    24,
    20,
    11,
    13,
    21,
    15,
    16,
    16,
    23,
    34,
    27,
    10,
    2,
    15,
    25,
    45,
    7,
    25,
    44,
    14,
    20,
    21,
    9,
    36,
    30,
    13,
    30,
    25,
    9,
    5,
    21,
    59,
    5,
    9,
    4,
    16,
    19,
    15,
    6,
    16,
    14,
    4,
    18,
    14,
    17,
    55,
    2,
    5,
    1
  ],
  "vocabulary_size": 915
}