{
  "document_id": "2007.13023",
  "total_sentences": 198,
  "pruned_sentences": 198,
  "total_words": 4571,
  "pruned_words": 4571,
  "unique_words": 790,
  "mean_sentence_length": 23.085858585858585,
  "stdev_sentence_length": 12.354645318025737,
  "sentence_lengths": [
    1,
    69,
    12,
    32,
    9,
    30,
    20,
    30,
    32,
    49,
    63,
    17,
    43,
    21,
    44,
    14,
    11,
    27,
    14,
    29,
    9,
    30,
    11,
    29,
    30,
    49,
    1,
    61,
    19,
    43,
    34,
    45,
    47,
    28,
    31,
    13,
    25,
    13,
    8,
    36,
    30,
    8,
    9,
    11,
    27,
    26,
    10,
    11,
    27,
    34,
    22,
    21,
    22,
    40,
    24,
    20,
    20,
    9,
    34,
    11,
    15,
    18,
    6,
    17,
    35,
    23,
    28,
    17,
    23,
    27,
    19,
    25,
    15,
    47,
    16,
    45,
    37,
    10,
    23,
    19,
    36,
    26,
    59,
    13,
    5,
    17,
    10,
    24,
    18,
    16,
    22,
    7,
    25,
    7,
    10,
    15,
    20,
    17,
    27,
    15,
    23,
    12,
    26,
    23,
    8,
    19,
    13,
    25,
    15,
    23,
    25,
    10,
    28,
    42,
    28,
    16,
    17,
    28,
    13,
    37,
    41,
    27,
    32,
    17,
    43,
    15,
    18,
    32,
    21,
    7,
    11,
    38,
    54,
    17,
    15,
    20,
    7,
    34,
    10,
    21,
    21,
    14,
    40,
    22,
    19,
    38,
    26,
    13,
    8,
    26,
    24,
    24,
    24,
    32,
    28,
    19,
    13,
    17,
    34,
    40,
    23,
    26,
    32,
    13,
    67,
    26,
    21,
    18,
    18,
    18,
    10,
    26,
    15,
    36,
    13,
    19,
    17,
    16,
    30,
    13,
    15,
    21,
    7,
    9,
    15,
    15,
    23,
    21,
    11,
    20,
    21,
    16,
    23,
    35,
    27,
    20,
    21,
    2
  ],
  "vocabulary_size": 790
}