{
  "document_id": "2008.11474",
  "total_sentences": 135,
  "pruned_sentences": 134,
  "total_words": 3476,
  "pruned_words": 3361,
  "unique_words": 662,
  "mean_sentence_length": 25.082089552238806,
  "stdev_sentence_length": 15.082254925774707,
  "sentence_lengths": [
    1,
    88,
    3,
    26,
    28,
    30,
    9,
    16,
    22,
    23,
    58,
    34,
    37,
    10,
    23,
    42,
    36,
    15,
    32,
    26,
    30,
    23,
    11,
    6,
    40,
    18,
    23,
    24,
    18,
    14,
    26,
    32,
    28,
    21,
    17,
    58,
    16,
    13,
    18,
    35,
    40,
    18,
    39,
    21,
    20,
    23,
    19,
    46,
    42,
    18,
    33,
    20,
    42,
    18,
    31,
    21,
    16,
    22,
    78,
    20,
    40,
    47,
    45,
    18,
    57,
    10,
    30,
    17,
    30,
    30,
    41,
    36,
    59,
    47,
    32,
    9,
    35,
    43,
    53,
    27,
    12,
    42,
    25,
    29,
    15,
    17,
    13,
    31,
    30,
    9,
    26,
    33,
    26,
    21,
    62,
    24,
    11,
    31,
    16,
    6,
    11,
    10,
    10,
    22,
    7,
    12,
    4,
    19,
    4,
    21,
    9,
    14,
    6,
    14,
    12,
    35,
    17,
    20,
    5,
    19,
    3,
    15,
    49,
    25,
    18,
    15,
    21,
    18,
    18,
    13,
    38,
    25,
    29,
    1
  ],
  "vocabulary_size": 662
}