{
  "document_id": "2008.03703",
  "total_sentences": 101,
  "pruned_sentences": 100,
  "total_words": 2536,
  "pruned_words": 2462,
  "unique_words": 528,
  "mean_sentence_length": 24.62,
  "stdev_sentence_length": 11.143490195507589,
  "sentence_lengths": [
    1,
    33,
    27,
    28,
    19,
    28,
    23,
    20,
    15,
    27,
    24,
    15,
    15,
    20,
    23,
    33,
    24,
    39,
    10,
    3,
    23,
    17,
    38,
    13,
    31,
    20,
    32,
    27,
    32,
    20,
    23,
    22,
    21,
    5,
    16,
    14,
    35,
    41,
    21,
    12,
    21,
    25,
    29,
    22,
    33,
    40,
    19,
    16,
    16,
    27,
    14,
    33,
    26,
    26,
    29,
    28,
    28,
    35,
    63,
    10,
    25,
    27,
    40,
    12,
    29,
    32,
    22,
    43,
    62,
    20,
    13,
    26,
    10,
    20,
    32,
    53,
    3,
    14,
    17,
    13,
    29,
    17,
    21,
    32,
    20,
    24,
    35,
    42,
    24,
    38,
    23,
    33,
    17,
    45,
    12,
    30,
    27,
    22,
    20,
    8
  ],
  "vocabulary_size": 528
}