{
  "document_id": "2008.06700",
  "total_sentences": 329,
  "pruned_sentences": 327,
  "total_words": 7212,
  "pruned_words": 6933,
  "unique_words": 985,
  "mean_sentence_length": 21.201834862385322,
  "stdev_sentence_length": 14.868820972550251,
  "sentence_lengths": [
    1,
    91,
    31,
    21,
    20,
    66,
    24,
    41,
    36,
    17,
    29,
    30,
    31,
    21,
    27,
    38,
    18,
    20,
    35,
    31,
    44,
    10,
    50,
    31,
    25,
    21,
    48,
    48,
    17,
    14,
    20,
    31,
    27,
    37,
    19,
    45,
    32,
    22,
    32,
    39,
    22,
    24,
    20,
    27,
    8,
    15,
    15,
    22,
    20,
    5,
    11,
    27,
    27,
    39,
    8,
    23,
    30,
    22,
    39,
    11,
    31,
    30,
    18,
    50,
    31,
    31,
    17,
    27,
    37,
    11,
    9,
    2,
    26,
    13,
    15,
    37,
    19,
    15,
    24,
    33,
    6,
    25,
    14,
    17,
    17,
    12,
    7,
    8,
    10,
    5,
    13,
    77,
    8,
    36,
    33,
    20,
    7,
    31,
    30,
    42,
    9,
    7,
    9,
    36,
    13,
    34,
    32,
    78,
    11,
    46,
    23,
    20,
    28,
    33,
    20,
    29,
    25,
    12,
    2,
    9,
    11,
    14,
    9,
    69,
    9,
    7,
    18,
    8,
    16,
    17,
    8,
    10,
    18,
    8,
    22,
    3,
    20,
    77,
    16,
    15,
    12,
    14,
    7,
    10,
    6,
    8,
    10,
    1,
    30,
    6,
    8,
    12,
    1,
    16,
    47,
    35,
    20,
    39,
    40,
    25,
    18,
    23,
    22,
    10,
    8,
    9,
    13,
    7,
    22,
    46,
    14,
    4,
    21,
    37,
    26,
    13,
    8,
    26,
    18,
    46,
    10,
    19,
    30,
    21,
    32,
    9,
    13,
    48,
    15,
    17,
    26,
    19,
    24,
    3,
    16,
    11,
    16,
    15,
    57,
    10,
    22,
    32,
    7,
    23,
    11,
    20,
    26,
    36,
    14,
    7,
    7,
    7,
    6,
    17,
    14,
    15,
    9,
    19,
    7,
    9,
    9,
    10,
    14,
    64,
    58,
    21,
    3,
    8,
    42,
    9,
    16,
    12,
    13,
    9,
    8,
    4,
    3,
    3,
    15,
    10,
    2,
    19,
    19,
    32,
    8,
    16,
    28,
    40,
    56,
    8,
    5,
    66,
    17,
    34,
    13,
    13,
    13,
    12,
    2,
    25,
    6,
    9,
    10,
    5,
    46,
    14,
    6,
    23,
    19,
    14,
    8,
    49,
    14,
    29,
    80,
    23,
    18,
    21,
    19,
    29,
    33,
    16,
    17,
    18,
    10,
    9,
    25,
    15,
    22,
    14,
    23,
    31,
    13,
    37,
    16,
    9,
    26,
    16,
    10,
    4,
    12,
    36,
    21,
    6,
    10,
    19,
    5,
    12,
    23,
    12,
    19,
    20,
    31,
    16,
    47,
    27,
    3,
    11,
    39,
    10,
    13,
    21,
    18,
    29,
    15,
    32,
    4
  ],
  "vocabulary_size": 985
}