{
  "document_id": "2008.03451",
  "total_sentences": 194,
  "pruned_sentences": 191,
  "total_words": 3482,
  "pruned_words": 3085,
  "unique_words": 612,
  "mean_sentence_length": 16.151832460732983,
  "stdev_sentence_length": 13.104558640058437,
  "sentence_lengths": [
    1,
    57,
    25,
    41,
    7,
    13,
    23,
    12,
    9,
    2,
    9,
    9,
    19,
    24,
    14,
    22,
    9,
    15,
    11,
    29,
    15,
    20,
    7,
    1,
    61,
    16,
    14,
    17,
    22,
    10,
    9,
    39,
    15,
    36,
    36,
    46,
    34,
    26,
    47,
    28,
    16,
    15,
    14,
    23,
    8,
    36,
    15,
    15,
    11,
    28,
    22,
    16,
    15,
    17,
    5,
    4,
    6,
    7,
    2,
    21,
    15,
    15,
    45,
    19,
    13,
    9,
    37,
    20,
    4,
    16,
    16,
    26,
    33,
    18,
    7,
    26,
    19,
    7,
    7,
    12,
    15,
    24,
    8,
    24,
    20,
    20,
    10,
    7,
    7,
    12,
    72,
    11,
    14,
    7,
    20,
    11,
    29,
    21,
    22,
    16,
    14,
    17,
    16,
    13,
    33,
    17,
    14,
    32,
    25,
    16,
    26,
    80,
    24,
    47,
    7,
    25,
    23,
    7,
    33,
    15,
    27,
    9,
    10,
    7,
    67,
    8,
    9,
    13,
    8,
    3,
    23,
    18,
    14,
    9,
    6,
    26,
    11,
    15,
    13,
    9,
    8,
    17,
    29,
    13,
    7,
    13,
    16,
    2,
    8,
    4,
    5,
    7,
    16,
    2,
    2,
    2,
    11,
    7,
    10,
    2,
    2,
    9,
    7,
    11,
    10,
    8,
    7,
    8,
    4,
    2,
    7,
    20,
    26,
    2,
    3,
    12,
    8,
    2,
    2,
    2,
    12,
    22,
    2,
    2,
    2,
    12,
    9,
    6,
    11,
    4,
    1
  ],
  "vocabulary_size": 612
}