{
  "document_id": "2009.05527",
  "total_sentences": 113,
  "pruned_sentences": 111,
  "total_words": 3057,
  "pruned_words": 2815,
  "unique_words": 595,
  "mean_sentence_length": 25.36036036036036,
  "stdev_sentence_length": 13.700559240604871,
  "sentence_lengths": [
    1,
    32,
    38,
    31,
    47,
    46,
    18,
    29,
    34,
    17,
    17,
    21,
    26,
    60,
    21,
    32,
    36,
    26,
    38,
    33,
    19,
    36,
    35,
    12,
    14,
    26,
    26,
    23,
    24,
    4,
    13,
    22,
    48,
    19,
    28,
    29,
    26,
    33,
    13,
    22,
    11,
    36,
    1,
    23,
    8,
    9,
    32,
    19,
    18,
    49,
    14,
    26,
    10,
    93,
    66,
    11,
    28,
    19,
    45,
    25,
    32,
    16,
    12,
    24,
    41,
    18,
    18,
    15,
    24,
    35,
    21,
    25,
    23,
    20,
    23,
    14,
    34,
    15,
    27,
    21,
    47,
    33,
    16,
    7,
    12,
    45,
    24,
    37,
    25,
    3,
    30,
    21,
    6,
    27,
    29,
    35,
    29,
    13,
    21,
    19,
    23,
    24,
    31,
    16,
    13,
    27,
    14,
    44,
    38,
    28,
    2
  ],
  "vocabulary_size": 595
}