{
  "document_id": "2009.13989",
  "total_sentences": 186,
  "pruned_sentences": 184,
  "total_words": 15423,
  "pruned_words": 7800,
  "unique_words": 518,
  "mean_sentence_length": 42.391304347826086,
  "stdev_sentence_length": 77.39317778517876,
  "sentence_lengths": [
    1,
    170,
    71,
    18,
    44,
    29,
    49,
    17,
    109,
    39,
    18,
    51,
    44,
    43,
    37,
    14,
    60,
    20,
    20,
    15,
    38,
    271,
    11,
    14,
    8,
    14,
    59,
    27,
    16,
    19,
    22,
    28,
    52,
    10,
    42,
    26,
    36,
    63,
    39,
    13,
    29,
    64,
    125,
    33,
    28,
    12,
    14,
    20,
    9,
    55,
    6,
    2,
    28,
    117,
    15,
    28,
    26,
    39,
    56,
    11,
    9,
    9,
    27,
    6,
    36,
    7,
    18,
    10,
    11,
    6,
    65,
    26,
    12,
    10,
    52,
    11,
    25,
    10,
    16,
    31,
    19,
    44,
    28,
    9,
    6,
    62,
    11,
    20,
    23,
    9,
    64,
    6,
    62,
    11,
    19,
    17,
    6,
    8,
    35,
    28,
    67,
    15,
    10,
    13,
    40,
    37,
    6,
    2,
    425,
    46,
    5,
    65,
    169,
    40,
    6,
    5,
    20,
    31,
    6,
    9,
    5,
    26,
    301,
    6,
    9,
    5,
    20,
    519,
    56,
    6,
    22,
    13,
    15,
    15,
    6,
    2,
    16,
    27,
    27,
    66,
    6,
    23,
    11,
    21,
    143,
    36,
    9,
    15,
    6,
    30,
    10,
    46,
    48,
    65,
    14,
    66,
    22,
    40,
    38,
    62,
    18,
    16,
    76,
    9,
    6,
    44,
    18,
    52,
    26,
    31,
    6,
    78,
    2,
    14,
    110,
    17,
    74,
    79,
    6,
    238,
    666,
    13,
    31,
    2
  ],
  "vocabulary_size": 518
}