{
  "document_id": "2009.00188",
  "total_sentences": 313,
  "pruned_sentences": 311,
  "total_words": 6943,
  "pruned_words": 6758,
  "unique_words": 761,
  "mean_sentence_length": 21.729903536977492,
  "stdev_sentence_length": 13.821128273945599,
  "sentence_lengths": [
    1,
    13,
    23,
    19,
    20,
    21,
    7,
    20,
    21,
    15,
    20,
    26,
    11,
    22,
    12,
    29,
    34,
    16,
    25,
    16,
    8,
    20,
    18,
    29,
    16,
    14,
    17,
    41,
    31,
    13,
    18,
    31,
    47,
    26,
    79,
    11,
    19,
    5,
    18,
    5,
    19,
    9,
    19,
    18,
    7,
    6,
    24,
    3,
    2,
    26,
    9,
    4,
    10,
    13,
    20,
    21,
    32,
    39,
    14,
    9,
    10,
    19,
    2,
    9,
    8,
    11,
    18,
    19,
    60,
    44,
    32,
    18,
    23,
    36,
    32,
    13,
    76,
    18,
    15,
    18,
    10,
    10,
    27,
    13,
    10,
    34,
    19,
    19,
    39,
    42,
    10,
    7,
    19,
    19,
    1,
    37,
    43,
    60,
    11,
    24,
    27,
    11,
    17,
    22,
    43,
    22,
    46,
    19,
    69,
    25,
    16,
    11,
    44,
    17,
    17,
    14,
    20,
    16,
    9,
    24,
    10,
    2,
    20,
    6,
    9,
    8,
    12,
    29,
    17,
    18,
    25,
    16,
    8,
    11,
    22,
    9,
    15,
    6,
    13,
    12,
    18,
    22,
    8,
    13,
    26,
    14,
    49,
    18,
    10,
    12,
    8,
    7,
    7,
    6,
    24,
    10,
    30,
    12,
    29,
    14,
    28,
    8,
    14,
    35,
    21,
    5,
    12,
    6,
    18,
    33,
    21,
    11,
    1,
    70,
    35,
    13,
    15,
    6,
    28,
    9,
    20,
    15,
    24,
    21,
    29,
    17,
    17,
    16,
    13,
    51,
    13,
    24,
    34,
    33,
    30,
    19,
    16,
    22,
    26,
    23,
    13,
    10,
    44,
    22,
    8,
    43,
    26,
    15,
    15,
    12,
    17,
    14,
    43,
    23,
    7,
    33,
    6,
    36,
    8,
    31,
    12,
    30,
    15,
    20,
    38,
    44,
    36,
    46,
    14,
    42,
    13,
    33,
    13,
    30,
    33,
    28,
    5,
    5,
    19,
    21,
    16,
    35,
    19,
    8,
    8,
    13,
    39,
    11,
    13,
    29,
    13,
    8,
    44,
    51,
    51,
    50,
    15,
    23,
    10,
    25,
    11,
    28,
    47,
    7,
    4,
    30,
    10,
    21,
    18,
    14,
    27,
    19,
    26,
    20,
    73,
    17,
    13,
    35,
    36,
    35,
    34,
    20,
    15,
    10,
    31,
    26,
    19,
    47,
    35,
    47,
    17,
    50,
    31,
    17,
    21,
    24,
    20,
    40,
    49,
    7,
    24,
    30,
    23,
    54,
    10,
    13,
    48,
    27,
    18,
    32,
    2
  ],
  "vocabulary_size": 761
}