{
  "document_id": "2009.08933",
  "total_sentences": 112,
  "pruned_sentences": 111,
  "total_words": 2295,
  "pruned_words": 2199,
  "unique_words": 616,
  "mean_sentence_length": 19.81081081081081,
  "stdev_sentence_length": 14.888991365504376,
  "sentence_lengths": [
    1,
    79,
    3,
    33,
    16,
    25,
    45,
    27,
    13,
    45,
    32,
    49,
    48,
    22,
    28,
    9,
    24,
    16,
    9,
    8,
    10,
    3,
    9,
    10,
    10,
    11,
    9,
    4,
    11,
    8,
    24,
    6,
    22,
    3,
    15,
    6,
    13,
    4,
    19,
    4,
    14,
    7,
    12,
    9,
    10,
    8,
    26,
    3,
    8,
    16,
    25,
    9,
    16,
    14,
    12,
    17,
    17,
    23,
    14,
    4,
    14,
    13,
    9,
    17,
    7,
    15,
    5,
    14,
    9,
    16,
    50,
    39,
    20,
    27,
    60,
    25,
    34,
    29,
    24,
    3,
    20,
    24,
    27,
    78,
    25,
    23,
    32,
    30,
    24,
    13,
    52,
    12,
    26,
    14,
    19,
    12,
    55,
    48,
    7,
    22,
    23,
    22,
    20,
    30,
    16,
    14,
    25,
    20,
    17,
    21,
    1
  ],
  "vocabulary_size": 616
}