{
  "document_id": "2010.08222",
  "total_sentences": 356,
  "pruned_sentences": 354,
  "total_words": 8400,
  "pruned_words": 8120,
  "unique_words": 913,
  "mean_sentence_length": 22.937853107344633,
  "stdev_sentence_length": 15.992086638017302,
  "sentence_lengths": [
    1,
    65,
    26,
    24,
    47,
    24,
    22,
    36,
    19,
    42,
    19,
    19,
    30,
    18,
    48,
    37,
    21,
    85,
    47,
    36,
    4,
    9,
    24,
    6,
    33,
    29,
    11,
    7,
    34,
    34,
    44,
    23,
    20,
    16,
    51,
    46,
    21,
    53,
    7,
    24,
    28,
    19,
    19,
    53,
    42,
    37,
    18,
    3,
    48,
    56,
    25,
    4,
    24,
    16,
    24,
    41,
    35,
    14,
    2,
    27,
    13,
    18,
    27,
    38,
    30,
    2,
    16,
    39,
    64,
    18,
    21,
    21,
    29,
    23,
    32,
    18,
    19,
    41,
    14,
    5,
    5,
    5,
    12,
    10,
    9,
    7,
    31,
    11,
    6,
    4,
    46,
    46,
    47,
    20,
    15,
    62,
    5,
    24,
    3,
    35,
    14,
    22,
    18,
    12,
    8,
    28,
    31,
    41,
    3,
    18,
    15,
    10,
    31,
    19,
    20,
    10,
    15,
    17,
    35,
    6,
    36,
    7,
    18,
    15,
    26,
    26,
    8,
    19,
    26,
    19,
    60,
    17,
    60,
    13,
    21,
    20,
    19,
    26,
    26,
    11,
    16,
    33,
    3,
    12,
    22,
    19,
    21,
    38,
    45,
    23,
    7,
    5,
    60,
    15,
    23,
    10,
    6,
    24,
    3,
    29,
    25,
    17,
    25,
    36,
    34,
    21,
    36,
    10,
    31,
    10,
    2,
    16,
    38,
    17,
    25,
    13,
    21,
    13,
    12,
    7,
    9,
    18,
    36,
    34,
    20,
    15,
    15,
    17,
    32,
    16,
    20,
    22,
    21,
    13,
    19,
    22,
    24,
    17,
    17,
    8,
    8,
    79,
    24,
    21,
    12,
    29,
    28,
    18,
    8,
    21,
    54,
    23,
    35,
    12,
    11,
    39,
    12,
    30,
    15,
    15,
    20,
    12,
    4,
    24,
    28,
    12,
    24,
    12,
    20,
    13,
    13,
    8,
    34,
    5,
    14,
    12,
    11,
    22,
    7,
    17,
    6,
    4,
    19,
    32,
    5,
    34,
    34,
    8,
    8,
    12,
    14,
    42,
    2,
    28,
    9,
    19,
    26,
    10,
    9,
    6,
    27,
    18,
    21,
    3,
    19,
    12,
    5,
    16,
    3,
    17,
    10,
    10,
    22,
    27,
    9,
    14,
    36,
    26,
    18,
    2,
    11,
    95,
    15,
    24,
    14,
    19,
    49,
    39,
    28,
    39,
    39,
    86,
    54,
    91,
    20,
    45,
    21,
    16,
    12,
    20,
    49,
    56,
    11,
    96,
    7,
    6,
    13,
    3,
    22,
    30,
    29,
    22,
    28,
    30,
    24,
    39,
    2,
    41,
    29,
    38,
    36,
    12,
    32,
    21,
    41,
    13,
    13,
    9,
    10,
    28,
    27,
    18,
    25,
    39,
    5,
    18,
    12,
    26,
    20,
    20,
    24,
    7,
    10,
    17,
    75,
    30,
    15,
    17,
    19,
    20,
    30,
    6,
    12,
    1
  ],
  "vocabulary_size": 913
}