{
  "document_id": "2010.11796",
  "total_sentences": 159,
  "pruned_sentences": 157,
  "total_words": 3090,
  "pruned_words": 2960,
  "unique_words": 611,
  "mean_sentence_length": 18.853503184713375,
  "stdev_sentence_length": 8.542364476780211,
  "sentence_lengths": [
    1,
    22,
    28,
    22,
    12,
    28,
    19,
    17,
    17,
    33,
    20,
    12,
    22,
    17,
    16,
    15,
    30,
    33,
    24,
    50,
    20,
    16,
    14,
    10,
    29,
    33,
    14,
    6,
    28,
    21,
    22,
    12,
    27,
    23,
    12,
    16,
    18,
    17,
    6,
    16,
    31,
    17,
    9,
    11,
    22,
    24,
    24,
    26,
    19,
    5,
    18,
    16,
    11,
    7,
    13,
    16,
    12,
    22,
    23,
    12,
    28,
    10,
    17,
    15,
    9,
    15,
    23,
    7,
    35,
    10,
    11,
    13,
    20,
    29,
    21,
    15,
    24,
    23,
    13,
    13,
    8,
    9,
    27,
    7,
    32,
    13,
    24,
    20,
    18,
    20,
    15,
    24,
    28,
    17,
    8,
    13,
    12,
    34,
    34,
    12,
    11,
    25,
    53,
    15,
    12,
    16,
    13,
    13,
    21,
    22,
    9,
    25,
    16,
    20,
    10,
    11,
    36,
    29,
    17,
    16,
    11,
    40,
    20,
    24,
    32,
    18,
    22,
    13,
    13,
    9,
    17,
    21,
    41,
    14,
    26,
    10,
    27,
    7,
    20,
    15,
    15,
    8,
    24,
    26,
    16,
    15,
    8,
    16,
    21,
    18,
    24,
    9,
    19,
    16,
    19,
    22,
    32
  ],
  "vocabulary_size": 611
}