{
  "document_id": "2010.08069",
  "total_sentences": 41,
  "pruned_sentences": 40,
  "total_words": 2570,
  "pruned_words": 546,
  "unique_words": 191,
  "mean_sentence_length": 13.65,
  "stdev_sentence_length": 12.29456832330482,
  "sentence_lengths": [
    1,
    4,
    37,
    4,
    24,
    4,
    25,
    4,
    26,
    4,
    23,
    28,
    4,
    26,
    4,
    6,
    15,
    2,
    2,
    2,
    4,
    4,
    33,
    4,
    32,
    4,
    26,
    4,
    29,
    9,
    33,
    34,
    4,
    9,
    20,
    4,
    32,
    3,
    12,
    1
  ],
  "vocabulary_size": 191
}