{
  "document_id": "2011.00718",
  "total_sentences": 135,
  "pruned_sentences": 134,
  "total_words": 5014,
  "pruned_words": 4811,
  "unique_words": 609,
  "mean_sentence_length": 35.90298507462686,
  "stdev_sentence_length": 31.525349485695862,
  "sentence_lengths": [
    1,
    90,
    61,
    40,
    48,
    20,
    50,
    17,
    37,
    35,
    39,
    30,
    14,
    18,
    11,
    20,
    63,
    43,
    19,
    25,
    12,
    10,
    7,
    24,
    7,
    23,
    16,
    11,
    13,
    6,
    23,
    22,
    47,
    67,
    47,
    27,
    38,
    12,
    14,
    25,
    10,
    22,
    22,
    16,
    15,
    12,
    38,
    41,
    21,
    33,
    28,
    11,
    18,
    12,
    25,
    38,
    94,
    55,
    8,
    28,
    19,
    35,
    38,
    7,
    17,
    5,
    36,
    27,
    89,
    40,
    126,
    31,
    32,
    66,
    37,
    114,
    46,
    57,
    48,
    27,
    20,
    42,
    67,
    137,
    25,
    19,
    125,
    5,
    20,
    9,
    66,
    54,
    24,
    22,
    27,
    15,
    75,
    60,
    127,
    73,
    59,
    63,
    49,
    6,
    23,
    5,
    9,
    110,
    16,
    29,
    35,
    35,
    8,
    12,
    9,
    140,
    30,
    17,
    48,
    65,
    13,
    12,
    21,
    29,
    89,
    164,
    8,
    9,
    12,
    9,
    32,
    24,
    31,
    2
  ],
  "vocabulary_size": 609
}