{
  "document_id": "2012.04023",
  "total_sentences": 62,
  "pruned_sentences": 62,
  "total_words": 2578,
  "pruned_words": 2578,
  "unique_words": 297,
  "mean_sentence_length": 41.58064516129032,
  "stdev_sentence_length": 39.88859419831598,
  "sentence_lengths": [
    1,
    85,
    15,
    34,
    45,
    33,
    24,
    24,
    25,
    12,
    12,
    25,
    22,
    13,
    19,
    14,
    47,
    30,
    25,
    18,
    15,
    20,
    33,
    33,
    12,
    33,
    20,
    6,
    52,
    55,
    12,
    15,
    15,
    20,
    86,
    152,
    118,
    114,
    73,
    30,
    30,
    44,
    177,
    27,
    93,
    39,
    47,
    62,
    69,
    9,
    167,
    101,
    22,
    12,
    20,
    86,
    80,
    18,
    16,
    16,
    4,
    2
  ],
  "vocabulary_size": 297
}