{
  "document_id": "2012.12174",
  "total_sentences": 207,
  "pruned_sentences": 207,
  "total_words": 7813,
  "pruned_words": 7813,
  "unique_words": 695,
  "mean_sentence_length": 37.743961352657,
  "stdev_sentence_length": 28.21015361099228,
  "sentence_lengths": [
    1,
    40,
    44,
    56,
    33,
    22,
    22,
    39,
    48,
    20,
    47,
    48,
    17,
    37,
    29,
    97,
    46,
    42,
    50,
    26,
    24,
    9,
    32,
    54,
    31,
    28,
    20,
    10,
    7,
    7,
    49,
    62,
    18,
    13,
    37,
    16,
    24,
    16,
    10,
    16,
    7,
    8,
    35,
    25,
    16,
    43,
    26,
    22,
    67,
    47,
    26,
    12,
    18,
    7,
    61,
    92,
    1,
    53,
    5,
    12,
    32,
    17,
    8,
    48,
    13,
    65,
    16,
    25,
    13,
    21,
    8,
    24,
    78,
    16,
    32,
    45,
    16,
    90,
    32,
    21,
    18,
    84,
    69,
    49,
    74,
    35,
    72,
    52,
    33,
    13,
    38,
    119,
    104,
    1,
    79,
    115,
    124,
    5,
    30,
    3,
    19,
    50,
    43,
    35,
    35,
    46,
    72,
    32,
    57,
    17,
    8,
    8,
    24,
    114,
    8,
    8,
    24,
    74,
    21,
    46,
    63,
    53,
    26,
    22,
    63,
    20,
    64,
    21,
    8,
    24,
    11,
    64,
    26,
    43,
    64,
    35,
    22,
    66,
    100,
    74,
    24,
    10,
    10,
    24,
    26,
    2,
    46,
    20,
    8,
    24,
    80,
    85,
    116,
    47,
    122,
    53,
    103,
    104,
    1,
    79,
    30,
    37,
    124,
    5,
    22,
    51,
    59,
    27,
    10,
    3,
    36,
    32,
    13,
    19,
    8,
    24,
    39,
    44,
    84,
    20,
    62,
    70,
    32,
    21,
    13,
    70,
    49,
    75,
    35,
    49,
    40,
    5,
    15,
    31,
    46,
    41,
    45,
    51,
    51,
    17,
    39,
    32,
    19,
    16,
    21,
    18,
    2
  ],
  "vocabulary_size": 695
}