{
  "document_id": "2012.02009",
  "total_sentences": 120,
  "pruned_sentences": 118,
  "total_words": 4239,
  "pruned_words": 3841,
  "unique_words": 572,
  "mean_sentence_length": 32.55084745762712,
  "stdev_sentence_length": 26.7315228805804,
  "sentence_lengths": [
    1,
    58,
    76,
    27,
    29,
    49,
    63,
    66,
    43,
    37,
    25,
    25,
    10,
    27,
    59,
    10,
    7,
    7,
    8,
    18,
    24,
    24,
    20,
    35,
    22,
    21,
    36,
    11,
    78,
    12,
    33,
    46,
    15,
    24,
    37,
    27,
    17,
    10,
    134,
    37,
    26,
    55,
    23,
    27,
    6,
    22,
    12,
    4,
    12,
    26,
    27,
    26,
    20,
    9,
    13,
    12,
    9,
    18,
    42,
    22,
    33,
    28,
    10,
    19,
    12,
    33,
    115,
    36,
    50,
    7,
    10,
    67,
    18,
    7,
    43,
    9,
    23,
    63,
    7,
    43,
    17,
    29,
    39,
    44,
    31,
    18,
    32,
    18,
    92,
    34,
    30,
    42,
    21,
    20,
    20,
    42,
    64,
    51,
    119,
    25,
    19,
    124,
    71,
    5,
    32,
    42,
    43,
    38,
    7,
    7,
    12,
    134,
    12,
    45,
    30,
    50,
    28,
    2
  ],
  "vocabulary_size": 572
}