{
  "document_id": "2012.03809",
  "total_sentences": 80,
  "pruned_sentences": 79,
  "total_words": 3450,
  "pruned_words": 3143,
  "unique_words": 296,
  "mean_sentence_length": 39.78481012658228,
  "stdev_sentence_length": 43.61506176154616,
  "sentence_lengths": [
    1,
    99,
    21,
    17,
    24,
    34,
    38,
    27,
    26,
    37,
    17,
    24,
    14,
    47,
    30,
    25,
    18,
    15,
    20,
    33,
    33,
    12,
    33,
    11,
    6,
    14,
    30,
    126,
    11,
    18,
    21,
    26,
    108,
    194,
    37,
    247,
    43,
    53,
    22,
    12,
    14,
    15,
    38,
    15,
    115,
    43,
    82,
    57,
    8,
    11,
    71,
    53,
    5,
    36,
    14,
    30,
    15,
    66,
    83,
    15,
    23,
    14,
    15,
    23,
    35,
    94,
    159,
    9,
    138,
    5,
    25,
    14,
    23,
    25,
    51,
    30,
    35,
    13,
    2
  ],
  "vocabulary_size": 296
}