{
  "document_id": "2012.12348",
  "total_sentences": 456,
  "pruned_sentences": 453,
  "total_words": 13947,
  "pruned_words": 12292,
  "unique_words": 1195,
  "mean_sentence_length": 27.134657836644593,
  "stdev_sentence_length": 21.888938586877593,
  "sentence_lengths": [
    1,
    31,
    63,
    10,
    26,
    29,
    34,
    16,
    25,
    86,
    129,
    35,
    127,
    28,
    33,
    6,
    19,
    5,
    5,
    9,
    11,
    35,
    65,
    40,
    4,
    5,
    6,
    57,
    45,
    16,
    19,
    16,
    34,
    72,
    18,
    28,
    16,
    33,
    66,
    9,
    16,
    34,
    51,
    22,
    55,
    5,
    37,
    119,
    22,
    33,
    3,
    49,
    14,
    59,
    22,
    37,
    49,
    3,
    59,
    70,
    24,
    80,
    59,
    13,
    10,
    7,
    49,
    32,
    34,
    13,
    11,
    18,
    5,
    27,
    19,
    22,
    12,
    12,
    39,
    59,
    26,
    39,
    11,
    2,
    31,
    39,
    11,
    59,
    65,
    12,
    65,
    71,
    11,
    18,
    23,
    30,
    25,
    15,
    50,
    47,
    6,
    54,
    13,
    25,
    29,
    34,
    10,
    21,
    29,
    26,
    33,
    44,
    34,
    14,
    15,
    5,
    4,
    71,
    34,
    52,
    88,
    59,
    58,
    34,
    39,
    100,
    11,
    13,
    24,
    11,
    28,
    21,
    104,
    53,
    42,
    23,
    83,
    13,
    21,
    19,
    18,
    21,
    24,
    13,
    21,
    32,
    113,
    66,
    50,
    27,
    48,
    35,
    19,
    17,
    16,
    11,
    25,
    34,
    35,
    21,
    33,
    27,
    11,
    21,
    34,
    80,
    10,
    5,
    5,
    17,
    5,
    14,
    12,
    22,
    10,
    33,
    26,
    32,
    26,
    31,
    10,
    5,
    13,
    7,
    20,
    5,
    25,
    15,
    10,
    5,
    21,
    5,
    23,
    20,
    63,
    7,
    19,
    13,
    49,
    50,
    17,
    10,
    31,
    5,
    18,
    11,
    17,
    14,
    20,
    5,
    5,
    41,
    5,
    5,
    8,
    8,
    12,
    46,
    5,
    23,
    25,
    14,
    15,
    20,
    5,
    6,
    19,
    5,
    24,
    14,
    35,
    11,
    26,
    5,
    5,
    5,
    6,
    11,
    27,
    5,
    7,
    47,
    4,
    16,
    52,
    37,
    15,
    43,
    17,
    23,
    5,
    5,
    11,
    33,
    26,
    15,
    19,
    10,
    18,
    10,
    17,
    10,
    12,
    10,
    18,
    49,
    14,
    17,
    14,
    26,
    35,
    10,
    10,
    18,
    21,
    5,
    6,
    28,
    4,
    6,
    4,
    13,
    4,
    17,
    4,
    18,
    36,
    22,
    16,
    16,
    19,
    18,
    19,
    20,
    17,
    16,
    13,
    10,
    12,
    19,
    23,
    25,
    61,
    64,
    12,
    8,
    12,
    95,
    32,
    43,
    12,
    15,
    12,
    16,
    12,
    12,
    15,
    10,
    11,
    47,
    46,
    30,
    29,
    21,
    63,
    64,
    36,
    58,
    28,
    29,
    5,
    13,
    17,
    23,
    32,
    14,
    24,
    24,
    39,
    38,
    41,
    27,
    22,
    33,
    26,
    24,
    32,
    10,
    12,
    33,
    10,
    12,
    33,
    13,
    12,
    36,
    12,
    30,
    60,
    18,
    21,
    4,
    20,
    5,
    26,
    9,
    25,
    14,
    15,
    41,
    76,
    16,
    33,
    13,
    12,
    32,
    13,
    12,
    32,
    13,
    12,
    46,
    23,
    23,
    53,
    24,
    69,
    71,
    15,
    20,
    14,
    46,
    33,
    30,
    10,
    25,
    26,
    20,
    101,
    58,
    43,
    22,
    15,
    11,
    39,
    13,
    34,
    20,
    28,
    21,
    19,
    18,
    17,
    17,
    22,
    13,
    42,
    31,
    42,
    90,
    50,
    35,
    25,
    15,
    158,
    17,
    40,
    99,
    22,
    24,
    22,
    22,
    18,
    24,
    47,
    56,
    17,
    30,
    37,
    51,
    9,
    24,
    34,
    22,
    29,
    26,
    24,
    29,
    26,
    24,
    43,
    24,
    2
  ],
  "vocabulary_size": 1195
}