{
  "document_id": "2012.03130",
  "total_sentences": 151,
  "pruned_sentences": 149,
  "total_words": 4069,
  "pruned_words": 3859,
  "unique_words": 757,
  "mean_sentence_length": 25.899328859060404,
  "stdev_sentence_length": 13.278587196117845,
  "sentence_lengths": [
    1,
    25,
    42,
    17,
    22,
    21,
    28,
    28,
    25,
    19,
    30,
    38,
    75,
    28,
    22,
    31,
    21,
    41,
    43,
    36,
    21,
    45,
    49,
    15,
    15,
    37,
    9,
    13,
    29,
    6,
    14,
    30,
    30,
    29,
    11,
    37,
    19,
    19,
    19,
    37,
    25,
    52,
    15,
    22,
    7,
    25,
    22,
    33,
    32,
    18,
    18,
    23,
    10,
    17,
    13,
    50,
    56,
    19,
    30,
    8,
    38,
    15,
    13,
    22,
    41,
    26,
    17,
    36,
    24,
    12,
    14,
    40,
    77,
    20,
    48,
    24,
    44,
    23,
    22,
    24,
    45,
    46,
    30,
    30,
    25,
    51,
    18,
    20,
    12,
    32,
    20,
    19,
    17,
    36,
    39,
    6,
    14,
    42,
    44,
    41,
    37,
    9,
    33,
    17,
    22,
    28,
    17,
    9,
    12,
    41,
    21,
    37,
    24,
    19,
    6,
    50,
    23,
    16,
    24,
    9,
    21,
    13,
    35,
    19,
    22,
    19,
    25,
    14,
    18,
    29,
    18,
    34,
    19,
    21,
    9,
    11,
    34,
    11,
    16,
    16,
    40,
    27,
    28,
    28,
    41,
    19,
    55,
    22,
    2
  ],
  "vocabulary_size": 757
}