{
  "document_id": "2012.06270",
  "total_sentences": 125,
  "pruned_sentences": 124,
  "total_words": 3749,
  "pruned_words": 3321,
  "unique_words": 694,
  "mean_sentence_length": 26.782258064516128,
  "stdev_sentence_length": 18.42080852540434,
  "sentence_lengths": [
    1,
    48,
    19,
    23,
    20,
    22,
    18,
    22,
    40,
    42,
    23,
    39,
    32,
    15,
    19,
    27,
    14,
    28,
    23,
    67,
    31,
    46,
    44,
    76,
    48,
    33,
    22,
    16,
    17,
    17,
    19,
    13,
    16,
    10,
    24,
    29,
    24,
    21,
    8,
    21,
    43,
    37,
    14,
    16,
    2,
    15,
    45,
    17,
    19,
    18,
    23,
    41,
    10,
    2,
    15,
    4,
    52,
    46,
    13,
    15,
    36,
    15,
    26,
    21,
    32,
    31,
    2,
    35,
    42,
    27,
    24,
    29,
    20,
    18,
    37,
    14,
    30,
    25,
    26,
    14,
    47,
    29,
    8,
    25,
    28,
    38,
    17,
    25,
    19,
    28,
    20,
    29,
    31,
    29,
    20,
    26,
    23,
    19,
    38,
    12,
    5,
    43,
    29,
    63,
    5,
    21,
    39,
    4,
    68,
    16,
    16,
    31,
    31,
    24,
    16,
    52,
    5,
    43,
    34,
    20,
    28,
    20,
    11,
    158
  ],
  "vocabulary_size": 694
}