{
  "document_id": "2012.15802",
  "total_sentences": 153,
  "pruned_sentences": 151,
  "total_words": 3782,
  "pruned_words": 3557,
  "unique_words": 680,
  "mean_sentence_length": 23.556291390728475,
  "stdev_sentence_length": 12.968492979314343,
  "sentence_lengths": [
    1,
    80,
    21,
    46,
    7,
    37,
    21,
    21,
    17,
    18,
    18,
    17,
    28,
    27,
    13,
    20,
    62,
    34,
    21,
    12,
    30,
    7,
    26,
    6,
    32,
    33,
    45,
    28,
    39,
    21,
    19,
    38,
    15,
    28,
    35,
    13,
    19,
    17,
    19,
    31,
    10,
    36,
    24,
    22,
    38,
    20,
    25,
    26,
    21,
    23,
    19,
    41,
    52,
    16,
    34,
    31,
    22,
    21,
    8,
    25,
    21,
    20,
    25,
    21,
    30,
    40,
    35,
    24,
    16,
    20,
    19,
    30,
    37,
    17,
    19,
    22,
    26,
    42,
    19,
    49,
    28,
    44,
    53,
    5,
    14,
    20,
    11,
    45,
    28,
    23,
    19,
    14,
    11,
    14,
    11,
    9,
    14,
    15,
    29,
    14,
    22,
    7,
    29,
    12,
    5,
    10,
    18,
    48,
    36,
    5,
    32,
    32,
    43,
    5,
    25,
    29,
    20,
    21,
    16,
    41,
    14,
    7,
    18,
    6,
    37,
    5,
    16,
    4,
    10,
    3,
    24,
    37,
    32,
    20,
    17,
    29,
    36,
    25,
    11,
    12,
    9,
    9,
    37,
    54,
    32,
    19,
    32,
    12,
    29,
    14,
    2
  ],
  "vocabulary_size": 680
}