{
  "document_id": "2101.00957",
  "total_sentences": 87,
  "pruned_sentences": 87,
  "total_words": 3945,
  "pruned_words": 3945,
  "unique_words": 324,
  "mean_sentence_length": 45.3448275862069,
  "stdev_sentence_length": 42.13649679873646,
  "sentence_lengths": [
    1,
    106,
    21,
    50,
    40,
    25,
    17,
    33,
    20,
    34,
    17,
    14,
    33,
    71,
    145,
    53,
    49,
    28,
    13,
    38,
    44,
    43,
    19,
    35,
    64,
    28,
    12,
    49,
    30,
    24,
    27,
    7,
    43,
    125,
    28,
    68,
    142,
    20,
    183,
    25,
    109,
    83,
    26,
    82,
    39,
    13,
    38,
    83,
    74,
    20,
    36,
    13,
    32,
    67,
    25,
    14,
    49,
    18,
    53,
    16,
    39,
    25,
    23,
    30,
    86,
    162,
    12,
    17,
    177,
    13,
    17,
    18,
    45,
    14,
    160,
    12,
    16,
    12,
    51,
    20,
    149,
    1,
    61,
    22,
    30,
    17,
    2
  ],
  "vocabulary_size": 324
}