{
  "document_id": "2101.00009",
  "total_sentences": 95,
  "pruned_sentences": 95,
  "total_words": 1605,
  "pruned_words": 1605,
  "unique_words": 398,
  "mean_sentence_length": 16.894736842105264,
  "stdev_sentence_length": 10.800387782843652,
  "sentence_lengths": [
    1,
    25,
    22,
    18,
    43,
    17,
    22,
    3,
    6,
    10,
    13,
    6,
    10,
    13,
    5,
    10,
    2,
    5,
    19,
    9,
    13,
    9,
    40,
    25,
    24,
    21,
    7,
    43,
    26,
    13,
    5,
    35,
    38,
    6,
    12,
    25,
    15,
    36,
    16,
    5,
    14,
    24,
    30,
    17,
    22,
    8,
    12,
    18,
    5,
    7,
    42,
    3,
    25,
    7,
    17,
    19,
    1,
    9,
    7,
    10,
    7,
    18,
    18,
    18,
    18,
    5,
    17,
    18,
    15,
    30,
    17,
    14,
    20,
    21,
    30,
    20,
    24,
    7,
    42,
    3,
    16,
    22,
    11,
    11,
    18,
    9,
    14,
    8,
    19,
    24,
    7,
    13,
    24,
    24,
    53
  ],
  "vocabulary_size": 398
}