{
  "document_id": "2101.00029",
  "total_sentences": 155,
  "pruned_sentences": 154,
  "total_words": 3215,
  "pruned_words": 3068,
  "unique_words": 567,
  "mean_sentence_length": 19.92207792207792,
  "stdev_sentence_length": 13.175800985205097,
  "sentence_lengths": [
    1,
    42,
    26,
    21,
    35,
    38,
    31,
    37,
    24,
    17,
    14,
    14,
    18,
    21,
    16,
    6,
    17,
    17,
    5,
    27,
    15,
    6,
    28,
    7,
    26,
    12,
    12,
    30,
    17,
    8,
    23,
    5,
    39,
    21,
    38,
    11,
    31,
    14,
    9,
    8,
    26,
    27,
    27,
    17,
    27,
    18,
    11,
    16,
    22,
    18,
    13,
    23,
    11,
    17,
    5,
    19,
    21,
    15,
    29,
    14,
    18,
    19,
    12,
    10,
    15,
    24,
    15,
    32,
    26,
    17,
    9,
    42,
    13,
    11,
    9,
    11,
    12,
    15,
    20,
    13,
    15,
    24,
    22,
    33,
    8,
    35,
    2,
    40,
    2,
    73,
    44,
    17,
    30,
    55,
    15,
    13,
    6,
    37,
    5,
    17,
    17,
    8,
    68,
    9,
    27,
    5,
    23,
    30,
    14,
    11,
    12,
    41,
    18,
    9,
    20,
    30,
    23,
    13,
    19,
    9,
    48,
    17,
    19,
    11,
    13,
    2,
    24,
    14,
    17,
    18,
    15,
    14,
    15,
    10,
    31,
    14,
    39,
    12,
    64,
    12,
    8,
    21,
    7,
    11,
    12,
    75,
    24,
    24,
    11,
    26,
    5,
    17,
    12,
    1
  ],
  "vocabulary_size": 567
}