{
  "document_id": "2208.11360",
  "total_sentences": 85,
  "pruned_sentences": 84,
  "total_words": 2804,
  "pruned_words": 2577,
  "unique_words": 651,
  "mean_sentence_length": 30.678571428571427,
  "stdev_sentence_length": 24.13574098956397,
  "sentence_lengths": [
    1,
    143,
    60,
    50,
    12,
    33,
    19,
    19,
    34,
    35,
    15,
    140,
    34,
    23,
    20,
    17,
    8,
    10,
    35,
    18,
    57,
    22,
    59,
    49,
    26,
    32,
    91,
    20,
    17,
    12,
    20,
    14,
    24,
    40,
    12,
    32,
    50,
    35,
    30,
    31,
    13,
    9,
    11,
    25,
    45,
    26,
    18,
    55,
    24,
    27,
    43,
    13,
    22,
    14,
    10,
    23,
    30,
    41,
    24,
    18,
    30,
    54,
    35,
    21,
    22,
    15,
    16,
    31,
    43,
    19,
    15,
    27,
    77,
    35,
    14,
    22,
    61,
    10,
    61,
    13,
    20,
    20,
    24,
    2
  ],
  "vocabulary_size": 651
}