{
  "document_id": "2407.13458",
  "total_sentences": 334,
  "pruned_sentences": 330,
  "total_words": 9004,
  "pruned_words": 8196,
  "unique_words": 1105,
  "mean_sentence_length": 24.836363636363636,
  "stdev_sentence_length": 13.95750864326944,
  "sentence_lengths": [
    1,
    37,
    40,
    38,
    20,
    31,
    25,
    34,
    33,
    68,
    25,
    22,
    26,
    23,
    44,
    24,
    24,
    41,
    22,
    31,
    21,
    41,
    22,
    27,
    28,
    28,
    45,
    22,
    27,
    32,
    45,
    23,
    57,
    34,
    18,
    30,
    25,
    28,
    15,
    41,
    21,
    8,
    9,
    38,
    51,
    15,
    29,
    32,
    8,
    62,
    71,
    23,
    11,
    25,
    29,
    14,
    44,
    17,
    20,
    18,
    30,
    21,
    27,
    11,
    22,
    29,
    31,
    13,
    13,
    23,
    17,
    20,
    34,
    35,
    35,
    53,
    33,
    40,
    6,
    17,
    52,
    11,
    20,
    19,
    28,
    23,
    21,
    30,
    53,
    18,
    14,
    19,
    37,
    22,
    18,
    7,
    18,
    20,
    36,
    16,
    16,
    13,
    98,
    25,
    8,
    22,
    23,
    19,
    22,
    18,
    27,
    15,
    15,
    23,
    24,
    39,
    43,
    14,
    28,
    9,
    23,
    18,
    26,
    12,
    15,
    19,
    24,
    19,
    21,
    75,
    30,
    22,
    17,
    20,
    10,
    13,
    18,
    20,
    11,
    19,
    17,
    24,
    23,
    28,
    34,
    37,
    25,
    36,
    13,
    29,
    32,
    36,
    60,
    39,
    56,
    18,
    33,
    17,
    23,
    24,
    14,
    26,
    19,
    17,
    33,
    21,
    23,
    30,
    17,
    19,
    15,
    8,
    28,
    19,
    22,
    17,
    12,
    12,
    22,
    26,
    20,
    23,
    27,
    48,
    11,
    15,
    17,
    13,
    18,
    9,
    21,
    26,
    32,
    10,
    22,
    24,
    21,
    9,
    42,
    55,
    37,
    56,
    20,
    13,
    25,
    47,
    44,
    23,
    16,
    23,
    29,
    24,
    26,
    21,
    18,
    34,
    32,
    19,
    28,
    17,
    10,
    13,
    18,
    17,
    14,
    15,
    25,
    51,
    16,
    22,
    30,
    24,
    24,
    31,
    19,
    37,
    33,
    19,
    15,
    28,
    31,
    30,
    16,
    12,
    11,
    8,
    16,
    22,
    13,
    69,
    31,
    10,
    16,
    10,
    21,
    21,
    21,
    16,
    37,
    35,
    26,
    25,
    10,
    10,
    19,
    17,
    8,
    15,
    19,
    48,
    38,
    15,
    19,
    27,
    21,
    39,
    43,
    61,
    21,
    31,
    59,
    16,
    11,
    27,
    9,
    19,
    18,
    25,
    34,
    22,
    29,
    20,
    15,
    51,
    21,
    34,
    20,
    4,
    77,
    16,
    16,
    10,
    1,
    9,
    1,
    6,
    7,
    22,
    6,
    10,
    10,
    12,
    22,
    8,
    16,
    1,
    5,
    42,
    57,
    9,
    23,
    17,
    1,
    6,
    39,
    18,
    22,
    59,
    41,
    47
  ],
  "vocabulary_size": 1105
}