{
  "document_id": "2409.08438",
  "total_sentences": 152,
  "pruned_sentences": 150,
  "total_words": 5347,
  "pruned_words": 4840,
  "unique_words": 986,
  "mean_sentence_length": 32.266666666666666,
  "stdev_sentence_length": 21.657389168430278,
  "sentence_lengths": [
    1,
    17,
    29,
    27,
    37,
    22,
    46,
    18,
    43,
    33,
    49,
    36,
    36,
    32,
    26,
    20,
    15,
    33,
    19,
    31,
    22,
    42,
    41,
    36,
    58,
    42,
    25,
    20,
    27,
    35,
    37,
    27,
    59,
    30,
    55,
    20,
    32,
    32,
    30,
    34,
    25,
    35,
    33,
    16,
    19,
    29,
    39,
    31,
    44,
    47,
    72,
    18,
    44,
    43,
    44,
    54,
    45,
    23,
    50,
    14,
    12,
    19,
    21,
    36,
    27,
    31,
    36,
    12,
    25,
    106,
    21,
    26,
    12,
    121,
    42,
    12,
    29,
    28,
    15,
    14,
    26,
    34,
    17,
    27,
    11,
    18,
    36,
    22,
    48,
    29,
    17,
    13,
    33,
    18,
    23,
    31,
    34,
    23,
    20,
    15,
    21,
    16,
    20,
    32,
    16,
    35,
    26,
    18,
    41,
    20,
    28,
    22,
    41,
    12,
    40,
    26,
    32,
    55,
    27,
    7,
    149,
    24,
    163,
    33,
    26,
    40,
    39,
    28,
    17,
    39,
    18,
    19,
    54,
    20,
    36,
    22,
    18,
    11,
    7,
    15,
    23,
    52,
    27,
    23,
    34,
    76,
    34,
    65,
    31,
    23
  ],
  "vocabulary_size": 986
}