{
  "document_id": "2411.09759",
  "total_sentences": 256,
  "pruned_sentences": 253,
  "total_words": 6513,
  "pruned_words": 6185,
  "unique_words": 1106,
  "mean_sentence_length": 24.446640316205535,
  "stdev_sentence_length": 16.354763594719486,
  "sentence_lengths": [
    1,
    63,
    44,
    34,
    29,
    21,
    14,
    24,
    36,
    40,
    18,
    64,
    33,
    2,
    16,
    51,
    28,
    29,
    29,
    5,
    15,
    2,
    12,
    11,
    2,
    4,
    29,
    19,
    24,
    3,
    23,
    27,
    6,
    13,
    36,
    8,
    7,
    7,
    35,
    11,
    24,
    27,
    7,
    14,
    23,
    4,
    4,
    24,
    24,
    28,
    13,
    24,
    15,
    10,
    34,
    35,
    28,
    16,
    14,
    8,
    12,
    38,
    30,
    12,
    54,
    19,
    25,
    19,
    41,
    5,
    23,
    10,
    24,
    64,
    29,
    3,
    25,
    24,
    3,
    20,
    36,
    25,
    38,
    31,
    35,
    37,
    10,
    12,
    31,
    55,
    4,
    20,
    13,
    13,
    63,
    44,
    2,
    20,
    34,
    14,
    50,
    19,
    23,
    5,
    14,
    56,
    4,
    18,
    27,
    35,
    62,
    25,
    4,
    16,
    20,
    19,
    2,
    6,
    31,
    41,
    3,
    9,
    7,
    6,
    3,
    14,
    37,
    23,
    8,
    21,
    29,
    2,
    25,
    21,
    7,
    25,
    43,
    31,
    12,
    22,
    6,
    34,
    25,
    31,
    17,
    10,
    15,
    22,
    22,
    15,
    19,
    15,
    20,
    26,
    3,
    16,
    25,
    14,
    44,
    23,
    33,
    21,
    29,
    15,
    24,
    26,
    26,
    21,
    19,
    17,
    9,
    22,
    26,
    45,
    37,
    48,
    15,
    28,
    27,
    33,
    20,
    6,
    4,
    21,
    18,
    30,
    31,
    35,
    2,
    23,
    26,
    6,
    17,
    17,
    74,
    28,
    5,
    30,
    69,
    35,
    29,
    32,
    31,
    30,
    58,
    64,
    78,
    15,
    26,
    56,
    4,
    52,
    27,
    30,
    68,
    4,
    84,
    29,
    97,
    12,
    11,
    25,
    31,
    42,
    21,
    21,
    23,
    10,
    54,
    27,
    25,
    27,
    20,
    22,
    21,
    25,
    37,
    27,
    14,
    31,
    32,
    31,
    28,
    30,
    36,
    33,
    18,
    50,
    3,
    12,
    17,
    41,
    1
  ],
  "vocabulary_size": 1106
}