{
  "document_id": "2503.08523",
  "total_sentences": 250,
  "pruned_sentences": 247,
  "total_words": 6102,
  "pruned_words": 5758,
  "unique_words": 1024,
  "mean_sentence_length": 23.31174089068826,
  "stdev_sentence_length": 13.267877332422064,
  "sentence_lengths": [
    1,
    54,
    32,
    53,
    10,
    15,
    31,
    13,
    32,
    22,
    23,
    35,
    28,
    18,
    25,
    53,
    57,
    11,
    32,
    44,
    21,
    15,
    10,
    21,
    17,
    16,
    34,
    13,
    27,
    24,
    31,
    14,
    21,
    11,
    15,
    18,
    31,
    37,
    19,
    28,
    43,
    30,
    17,
    15,
    28,
    29,
    44,
    17,
    31,
    39,
    24,
    7,
    20,
    16,
    12,
    17,
    27,
    32,
    15,
    14,
    23,
    53,
    24,
    16,
    4,
    34,
    15,
    34,
    22,
    31,
    27,
    12,
    29,
    13,
    10,
    25,
    18,
    25,
    39,
    19,
    33,
    20,
    21,
    6,
    25,
    31,
    26,
    12,
    33,
    36,
    19,
    44,
    38,
    24,
    21,
    34,
    9,
    32,
    40,
    75,
    24,
    35,
    37,
    19,
    5,
    15,
    13,
    89,
    17,
    11,
    14,
    84,
    14,
    7,
    28,
    28,
    17,
    20,
    64,
    19,
    12,
    21,
    25,
    10,
    11,
    14,
    14,
    8,
    23,
    22,
    9,
    25,
    34,
    23,
    13,
    19,
    33,
    11,
    40,
    28,
    14,
    13,
    7,
    25,
    19,
    26,
    24,
    18,
    29,
    32,
    17,
    4,
    19,
    21,
    17,
    40,
    22,
    23,
    19,
    31,
    31,
    21,
    29,
    12,
    20,
    26,
    14,
    25,
    26,
    29,
    30,
    15,
    21,
    21,
    28,
    18,
    23,
    30,
    44,
    20,
    41,
    30,
    25,
    21,
    33,
    14,
    20,
    40,
    71,
    18,
    16,
    5,
    19,
    36,
    10,
    29,
    38,
    32,
    15,
    15,
    27,
    48,
    16,
    6,
    11,
    33,
    11,
    6,
    19,
    7,
    15,
    9,
    25,
    13,
    21,
    12,
    8,
    34,
    19,
    3,
    21,
    8,
    5,
    8,
    14,
    48,
    11,
    30,
    18,
    23,
    25,
    32,
    12,
    17,
    10,
    22,
    36,
    8,
    15,
    14,
    13,
    13,
    34,
    15,
    17,
    18,
    1
  ],
  "vocabulary_size": 1024
}