{
  "document_id": "astro-ph_0611563",
  "total_sentences": 281,
  "pruned_sentences": 279,
  "total_words": 7389,
  "pruned_words": 6923,
  "unique_words": 1371,
  "mean_sentence_length": 24.81362007168459,
  "stdev_sentence_length": 15.02687140379096,
  "sentence_lengths": [
    1,
    14,
    42,
    39,
    47,
    18,
    26,
    22,
    37,
    32,
    8,
    21,
    10,
    17,
    18,
    29,
    42,
    44,
    5,
    41,
    24,
    20,
    13,
    5,
    14,
    11,
    13,
    19,
    21,
    20,
    63,
    69,
    28,
    8,
    58,
    6,
    42,
    22,
    21,
    22,
    18,
    18,
    5,
    1,
    13,
    14,
    22,
    28,
    39,
    19,
    6,
    4,
    21,
    14,
    73,
    17,
    5,
    1,
    14,
    10,
    28,
    16,
    5,
    36,
    49,
    2,
    32,
    24,
    26,
    22,
    2,
    34,
    36,
    83,
    24,
    47,
    17,
    2,
    37,
    42,
    17,
    28,
    12,
    49,
    40,
    40,
    18,
    31,
    38,
    46,
    28,
    54,
    27,
    23,
    27,
    62,
    2,
    15,
    24,
    2,
    28,
    68,
    8,
    43,
    29,
    18,
    20,
    19,
    18,
    10,
    29,
    24,
    8,
    11,
    21,
    8,
    11,
    6,
    32,
    20,
    21,
    23,
    29,
    23,
    35,
    25,
    22,
    17,
    18,
    69,
    10,
    20,
    28,
    17,
    37,
    30,
    32,
    46,
    44,
    24,
    7,
    22,
    4,
    25,
    16,
    17,
    25,
    38,
    27,
    15,
    31,
    45,
    42,
    16,
    26,
    28,
    16,
    34,
    17,
    39,
    21,
    33,
    83,
    22,
    22,
    49,
    19,
    18,
    7,
    12,
    20,
    32,
    17,
    20,
    21,
    37,
    22,
    33,
    22,
    36,
    48,
    6,
    58,
    34,
    9,
    24,
    17,
    21,
    19,
    70,
    21,
    10,
    16,
    25,
    41,
    25,
    19,
    47,
    27,
    6,
    44,
    25,
    41,
    13,
    40,
    34,
    15,
    22,
    15,
    23,
    26,
    7,
    27,
    27,
    36,
    36,
    38,
    11,
    5,
    36,
    3,
    24,
    34,
    49,
    14,
    17,
    14,
    40,
    18,
    18,
    30,
    38,
    15,
    23,
    9,
    6,
    21,
    30,
    26,
    24,
    46,
    26,
    10,
    18,
    26,
    67,
    2,
    2,
    29,
    38,
    19,
    19,
    5,
    5,
    23,
    24,
    25,
    26,
    23,
    26,
    8,
    34,
    8,
    22,
    39,
    26,
    16,
    41,
    27,
    17,
    5,
    26,
    25,
    25,
    23,
    15,
    19,
    19,
    14
  ],
  "vocabulary_size": 1371
}