{
  "document_id": "astro-ph_0206309",
  "total_sentences": 361,
  "pruned_sentences": 357,
  "total_words": 9802,
  "pruned_words": 9133,
  "unique_words": 1273,
  "mean_sentence_length": 25.58263305322129,
  "stdev_sentence_length": 17.494205487298522,
  "sentence_lengths": [
    1,
    75,
    26,
    21,
    25,
    37,
    50,
    30,
    84,
    29,
    23,
    23,
    23,
    2,
    3,
    2,
    29,
    20,
    15,
    17,
    17,
    2,
    28,
    2,
    45,
    3,
    12,
    40,
    17,
    24,
    11,
    17,
    4,
    5,
    14,
    10,
    2,
    27,
    31,
    19,
    47,
    18,
    40,
    16,
    14,
    8,
    2,
    44,
    10,
    39,
    10,
    12,
    19,
    14,
    23,
    23,
    6,
    14,
    27,
    36,
    29,
    31,
    50,
    3,
    43,
    34,
    29,
    3,
    36,
    3,
    22,
    7,
    54,
    14,
    22,
    41,
    6,
    22,
    23,
    26,
    19,
    49,
    15,
    10,
    26,
    4,
    71,
    51,
    19,
    38,
    12,
    38,
    23,
    22,
    13,
    21,
    26,
    16,
    26,
    21,
    10,
    8,
    14,
    15,
    37,
    31,
    31,
    21,
    10,
    31,
    30,
    51,
    27,
    45,
    21,
    11,
    13,
    52,
    26,
    21,
    14,
    12,
    9,
    24,
    41,
    79,
    53,
    33,
    14,
    18,
    15,
    30,
    19,
    23,
    17,
    60,
    14,
    45,
    18,
    16,
    19,
    15,
    66,
    6,
    27,
    21,
    39,
    10,
    20,
    27,
    48,
    34,
    16,
    10,
    39,
    14,
    24,
    3,
    37,
    34,
    17,
    18,
    22,
    17,
    32,
    57,
    28,
    57,
    16,
    18,
    13,
    25,
    62,
    28,
    27,
    2,
    3,
    10,
    34,
    31,
    38,
    24,
    5,
    39,
    32,
    38,
    30,
    3,
    6,
    17,
    40,
    15,
    33,
    82,
    24,
    3,
    23,
    6,
    36,
    45,
    2,
    27,
    8,
    44,
    14,
    18,
    24,
    16,
    74,
    20,
    12,
    23,
    103,
    18,
    11,
    17,
    30,
    51,
    13,
    21,
    17,
    17,
    50,
    26,
    32,
    6,
    15,
    14,
    34,
    6,
    8,
    15,
    46,
    43,
    4,
    35,
    30,
    36,
    40,
    14,
    16,
    68,
    36,
    2,
    27,
    36,
    28,
    16,
    25,
    28,
    18,
    83,
    20,
    23,
    50,
    37,
    36,
    42,
    18,
    26,
    34,
    28,
    31,
    25,
    79,
    18,
    21,
    11,
    15,
    17,
    8,
    8,
    7,
    8,
    15,
    16,
    15,
    14,
    32,
    6,
    3,
    37,
    38,
    7,
    10,
    8,
    10,
    10,
    29,
    12,
    16,
    26,
    17,
    53,
    31,
    35,
    13,
    20,
    30,
    12,
    6,
    37,
    22,
    13,
    10,
    14,
    6,
    6,
    26,
    20,
    80,
    19,
    39,
    50,
    12,
    47,
    14,
    3,
    30,
    45,
    27,
    48,
    26,
    21,
    31,
    18,
    3,
    20,
    47,
    48,
    30,
    32,
    28,
    23,
    42,
    31,
    26,
    20,
    37,
    10,
    68,
    17,
    15,
    31,
    75,
    62,
    2,
    29,
    45,
    71,
    81,
    32,
    24,
    11,
    26,
    13,
    41
  ],
  "vocabulary_size": 1273
}